2026-07-24 00:21:20,605 [INFO] [MainThread] [root/service.py:52]: AudioOutputService starting...
Windows fatal exception: code 0x8001010d

Thread 0x00004410 [Thread-4 (fetch)] (most recent call first):
  File "D:\a\yasb\yasb\venv\Lib\site-packages\pycaw\utils.py", line 253 in CreateDevice
  File "D:\a\yasb\yasb\venv\Lib\site-packages\pycaw\utils.py", line 193 in GetSpeakers
  File "D:\a\yasb\yasb\venv\Lib\site-packages\pycaw\utils.py", line 210 in GetAudioSessionManager
  File "D:\a\yasb\yasb\venv\Lib\site-packages\pycaw\utils.py", line 218 in GetAllSessions
  File "D:\a\yasb\yasb\src\core\widgets\services\volume\service.py", line 81 in fetch
  File "C:\hostedtoolcache\windows\Python\3.14.6\x64\Lib\threading.py", line 1024 in run
  File "C:\hostedtoolcache\windows\Python\3.14.6\x64\Lib\threading.py", line 1082 in _bootstrap_inner
  File "C:\hostedtoolcache\windows\Python\3.14.6\x64\Lib\threading.py", line 1044 in _bootstrap

Thread 0x00003864 [WiFiWorker] (most recent call first):
  File "D:\a\yasb\yasb\src\core\widgets\services\wifi\wifi_managers.py", line 151 in run

Thread 0x00001c50 [MemoryWorker] (most recent call first):
  File "D:\a\yasb\yasb\src\core\widgets\services\memory\memory_api.py", line 244 in run

Thread 0x00003a30 [_EventWorker] (most recent call first):
  File "D:\a\yasb\yasb\venv\Lib\site-packages\qasync\_windows.py", line 147 in _poll
  File "D:\a\yasb\yasb\venv\Lib\site-packages\qasync\_windows.py", line 72 in select
  File "D:\a\yasb\yasb\venv\Lib\site-packages\qasync\_windows.py", line 199 in run

Thread 0x000031d8 [LogPipeServer] (most recent call first):
  File "D:\a\yasb\yasb\src\core\utils\win32\bindings\kernel32.py", line 288 in ConnectNamedPipe
  File "D:\a\yasb\yasb\src\core\utils\cli_server.py", line 138 in _run_server
  File "C:\hostedtoolcache\windows\Python\3.14.6\x64\Lib\threading.py", line 1024 in run
  File "C:\hostedtoolcache\windows\Python\3.14.6\x64\Lib\threading.py", line 1082 in _bootstrap_inner
  File "C:\hostedtoolcache\windows\Python\3.14.6\x64\Lib\threading.py", line 1044 in _bootstrap

Thread 0x00004b78 [CLIPipeServer] (most recent call first):
  File "D:\a\yasb\yasb\src\core\utils\win32\bindings\kernel32.py", line 288 in ConnectNamedPipe
  File "D:\a\yasb\yasb\src\core\utils\cli_server.py", line 235 in _run_server
  File "C:\hostedtoolcache\windows\Python\3.14.6\x64\Lib\threading.py", line 1024 in run
  File "C:\hostedtoolcache\windows\Python\3.14.6\x64\Lib\threading.py", line 1082 in _bootstrap_inner
  File "C:\hostedtoolcache\windows\Python\3.14.6\x64\Lib\threading.py", line 1044 in _bootstrap

Current thread 0x000031a4 (most recent call first):
  File "D:\a\yasb\yasb\src\core\utils\win32\app_bar.py", line 147 in register_new
  File "D:\a\yasb\yasb\src\core\utils\win32\app_bar.py", line 107 in create_appbar
  File "D:\a\yasb\yasb\src\core\bar.py", line 173 in update_app_bar
  File "D:\a\yasb\yasb\src\core\bar.py", line 128 in __init__
  File "D:\a\yasb\yasb\src\core\bar_manager.py", line 257 in create_bar
  File "D:\a\yasb\yasb\src\core\bar_manager.py", line 162 in initialize_bars
  File "main.py", line 144 in main_async
  File "C:\hostedtoolcache\windows\Python\3.14.6\x64\Lib\asyncio\events.py", line 94 in _run
  File "D:\a\yasb\yasb\venv\Lib\site-packages\qasync\__init__.py", line 307 in timerEvent
  File "D:\a\yasb\yasb\venv\Lib\site-packages\qasync\__init__.py", line 404 in run_forever
  File "D:\a\yasb\yasb\venv\Lib\site-packages\qasync\__init__.py", line 428 in run_until_complete
  File "main.py", line 100 in main
  File "main.py", line 203 in <module>
  File "D:\a\yasb\yasb\venv\Lib\site-packages\freeze_core\initscripts\console.py", line 27 in run
  File "D:\a\yasb\yasb\venv\Lib\site-packages\freeze_core\initscripts\__startup__.py", line 137 in run

Current thread's C stack trace (most recent call first):
  <cannot get C stack on this system>
2026-07-24 00:21:21,037 [INFO] [MainThread] [root/bar_manager.py:103]: Starting SystemEventListener...
2026-07-24 00:21:21,039 [INFO] [MainThread] [root/watcher.py:65]: Watching directory: c:\users\erick\.config\yasb
2026-07-24 00:21:21,040 [INFO] [MainThread] [root/watcher.py:104]: Created file watcher
2026-07-24 00:21:21,099 [INFO] [MainThread] [root/update_service.py:434]: Background update checker started
2026-07-24 00:21:21,567 [INFO] [MainThread] [root/api.py:69]: Fetching new weather data at 2026-07-24 00:21:21.567479
2026-07-24 00:31:20,819 [INFO] [MainThread] [root/api.py:69]: Fetching new weather data at 2026-07-24 00:31:20.819887
2026-07-24 00:41:20,752 [INFO] [MainThread] [root/api.py:69]: Fetching new weather data at 2026-07-24 00:41:20.752063
2026-07-24 00:51:20,830 [INFO] [MainThread] [root/api.py:69]: Fetching new weather data at 2026-07-24 00:51:20.829997
2026-07-24 01:01:20,753 [INFO] [MainThread] [root/api.py:69]: Fetching new weather data at 2026-07-24 01:01:20.752996
2026-07-24 01:11:20,765 [INFO] [MainThread] [root/api.py:69]: Fetching new weather data at 2026-07-24 01:11:20.765845
2026-07-24 01:21:20,768 [INFO] [MainThread] [root/api.py:69]: Fetching new weather data at 2026-07-24 01:21:20.768675
2026-07-24 01:31:20,751 [INFO] [MainThread] [root/api.py:69]: Fetching new weather data at 2026-07-24 01:31:20.750977
2026-07-24 01:41:20,757 [INFO] [MainThread] [root/api.py:69]: Fetching new weather data at 2026-07-24 01:41:20.757199
2026-07-24 01:51:20,761 [INFO] [MainThread] [root/api.py:69]: Fetching new weather data at 2026-07-24 01:51:20.761916
2026-07-24 02:01:20,752 [INFO] [MainThread] [root/api.py:69]: Fetching new weather data at 2026-07-24 02:01:20.752498
2026-07-24 02:11:20,756 [INFO] [MainThread] [root/api.py:69]: Fetching new weather data at 2026-07-24 02:11:20.756874
2026-07-24 02:21:20,761 [INFO] [MainThread] [root/api.py:69]: Fetching new weather data at 2026-07-24 02:21:20.761171
2026-07-24 02:31:20,758 [INFO] [MainThread] [root/api.py:69]: Fetching new weather data at 2026-07-24 02:31:20.757976
2026-07-24 02:41:20,755 [INFO] [MainThread] [root/api.py:69]: Fetching new weather data at 2026-07-24 02:41:20.754931
2026-07-24 02:51:20,770 [INFO] [MainThread] [root/api.py:69]: Fetching new weather data at 2026-07-24 02:51:20.770388
2026-07-24 03:01:20,768 [INFO] [MainThread] [root/api.py:69]: Fetching new weather data at 2026-07-24 03:01:20.768674
2026-07-24 03:11:20,750 [INFO] [MainThread] [root/api.py:69]: Fetching new weather data at 2026-07-24 03:11:20.750646
2026-07-24 03:21:20,756 [INFO] [MainThread] [root/api.py:69]: Fetching new weather data at 2026-07-24 03:21:20.756920
2026-07-24 03:31:20,766 [INFO] [MainThread] [root/api.py:69]: Fetching new weather data at 2026-07-24 03:31:20.766299
2026-07-24 03:41:20,751 [INFO] [MainThread] [root/api.py:69]: Fetching new weather data at 2026-07-24 03:41:20.751377
2026-07-24 03:51:20,778 [INFO] [MainThread] [root/api.py:69]: Fetching new weather data at 2026-07-24 03:51:20.778774
2026-07-24 04:01:20,921 [INFO] [MainThread] [root/api.py:69]: Fetching new weather data at 2026-07-24 04:01:20.921246
2026-07-24 04:11:20,762 [INFO] [MainThread] [root/api.py:69]: Fetching new weather data at 2026-07-24 04:11:20.762667
2026-07-24 04:21:20,753 [INFO] [MainThread] [root/api.py:69]: Fetching new weather data at 2026-07-24 04:21:20.753540
2026-07-24 04:31:20,769 [INFO] [MainThread] [root/api.py:69]: Fetching new weather data at 2026-07-24 04:31:20.769069
2026-07-24 04:41:20,752 [INFO] [MainThread] [root/api.py:69]: Fetching new weather data at 2026-07-24 04:41:20.752480
2026-07-24 04:51:20,772 [INFO] [MainThread] [root/api.py:69]: Fetching new weather data at 2026-07-24 04:51:20.772908
2026-07-24 05:01:20,797 [INFO] [MainThread] [root/api.py:69]: Fetching new weather data at 2026-07-24 05:01:20.797225
2026-07-24 05:11:20,951 [INFO] [MainThread] [root/api.py:69]: Fetching new weather data at 2026-07-24 05:11:20.951599
2026-07-24 05:21:20,757 [INFO] [MainThread] [root/api.py:69]: Fetching new weather data at 2026-07-24 05:21:20.757671
2026-07-24 05:31:20,767 [INFO] [MainThread] [root/api.py:69]: Fetching new weather data at 2026-07-24 05:31:20.767422
2026-07-24 05:41:20,754 [INFO] [MainThread] [root/api.py:69]: Fetching new weather data at 2026-07-24 05:41:20.754805
2026-07-24 05:51:20,762 [INFO] [MainThread] [root/api.py:69]: Fetching new weather data at 2026-07-24 05:51:20.762268
2026-07-24 06:01:20,759 [INFO] [MainThread] [root/api.py:69]: Fetching new weather data at 2026-07-24 06:01:20.759892
2026-07-24 06:11:20,766 [INFO] [MainThread] [root/api.py:69]: Fetching new weather data at 2026-07-24 06:11:20.766949
2026-07-24 06:21:20,758 [INFO] [MainThread] [root/api.py:69]: Fetching new weather data at 2026-07-24 06:21:20.758294
2026-07-24 06:31:21,144 [INFO] [MainThread] [root/api.py:69]: Fetching new weather data at 2026-07-24 06:31:21.143984
2026-07-24 06:41:20,749 [INFO] [MainThread] [root/api.py:69]: Fetching new weather data at 2026-07-24 06:41:20.749566
2026-07-24 06:51:20,763 [INFO] [MainThread] [root/api.py:69]: Fetching new weather data at 2026-07-24 06:51:20.763895
2026-07-24 07:01:20,762 [INFO] [MainThread] [root/api.py:69]: Fetching new weather data at 2026-07-24 07:01:20.762446
2026-07-24 07:11:20,981 [INFO] [MainThread] [root/api.py:69]: Fetching new weather data at 2026-07-24 07:11:20.981244
2026-07-24 07:21:20,742 [INFO] [MainThread] [root/api.py:69]: Fetching new weather data at 2026-07-24 07:21:20.742946
2026-07-24 07:31:20,782 [INFO] [MainThread] [root/api.py:69]: Fetching new weather data at 2026-07-24 07:31:20.782226
2026-07-24 07:41:20,765 [INFO] [MainThread] [root/api.py:69]: Fetching new weather data at 2026-07-24 07:41:20.765389
2026-07-24 07:51:20,746 [INFO] [MainThread] [root/api.py:69]: Fetching new weather data at 2026-07-24 07:51:20.746958
2026-07-24 08:01:20,864 [INFO] [MainThread] [root/api.py:69]: Fetching new weather data at 2026-07-24 08:01:20.864422
2026-07-24 08:11:20,773 [INFO] [MainThread] [root/api.py:69]: Fetching new weather data at 2026-07-24 08:11:20.773351
2026-07-24 08:21:20,837 [INFO] [MainThread] [root/api.py:69]: Fetching new weather data at 2026-07-24 08:21:20.837243
2026-07-24 08:31:20,759 [INFO] [MainThread] [root/api.py:69]: Fetching new weather data at 2026-07-24 08:31:20.759506
2026-07-24 08:41:20,818 [INFO] [MainThread] [root/api.py:69]: Fetching new weather data at 2026-07-24 08:41:20.818595
2026-07-24 08:51:20,759 [INFO] [MainThread] [root/api.py:69]: Fetching new weather data at 2026-07-24 08:51:20.759649
2026-07-24 09:01:20,790 [INFO] [MainThread] [root/api.py:69]: Fetching new weather data at 2026-07-24 09:01:20.790196
2026-07-24 09:11:20,759 [INFO] [MainThread] [root/api.py:69]: Fetching new weather data at 2026-07-24 09:11:20.759106
2026-07-24 09:21:20,840 [INFO] [MainThread] [root/api.py:69]: Fetching new weather data at 2026-07-24 09:21:20.840906
2026-07-24 09:31:20,753 [INFO] [MainThread] [root/api.py:69]: Fetching new weather data at 2026-07-24 09:31:20.753909
2026-07-24 09:41:20,751 [INFO] [MainThread] [root/api.py:69]: Fetching new weather data at 2026-07-24 09:41:20.751882
2026-07-24 09:51:20,754 [INFO] [MainThread] [root/api.py:69]: Fetching new weather data at 2026-07-24 09:51:20.754405
2026-07-24 10:01:20,803 [INFO] [MainThread] [root/api.py:69]: Fetching new weather data at 2026-07-24 10:01:20.803513
2026-07-24 10:11:20,763 [INFO] [MainThread] [root/api.py:69]: Fetching new weather data at 2026-07-24 10:11:20.763242
2026-07-24 10:21:20,755 [INFO] [MainThread] [root/api.py:69]: Fetching new weather data at 2026-07-24 10:21:20.755506
2026-07-24 10:31:20,809 [INFO] [MainThread] [root/api.py:69]: Fetching new weather data at 2026-07-24 10:31:20.809636
2026-07-24 10:41:20,830 [INFO] [MainThread] [root/api.py:69]: Fetching new weather data at 2026-07-24 10:41:20.830915
2026-07-24 10:51:20,757 [INFO] [MainThread] [root/api.py:69]: Fetching new weather data at 2026-07-24 10:51:20.757047
2026-07-24 11:01:20,766 [INFO] [MainThread] [root/api.py:69]: Fetching new weather data at 2026-07-24 11:01:20.765996
2026-07-24 11:11:20,753 [INFO] [MainThread] [root/api.py:69]: Fetching new weather data at 2026-07-24 11:11:20.753585
2026-07-24 11:21:20,828 [INFO] [MainThread] [root/api.py:69]: Fetching new weather data at 2026-07-24 11:21:20.828580
2026-07-24 11:31:20,821 [INFO] [MainThread] [root/api.py:69]: Fetching new weather data at 2026-07-24 11:31:20.821419
2026-07-24 11:41:20,756 [INFO] [MainThread] [root/api.py:69]: Fetching new weather data at 2026-07-24 11:41:20.756467
2026-07-24 11:51:20,795 [INFO] [MainThread] [root/api.py:69]: Fetching new weather data at 2026-07-24 11:51:20.795387
2026-07-24 12:01:20,778 [INFO] [MainThread] [root/api.py:69]: Fetching new weather data at 2026-07-24 12:01:20.778445
2026-07-24 12:11:20,758 [INFO] [MainThread] [root/api.py:69]: Fetching new weather data at 2026-07-24 12:11:20.757966
2026-07-24 12:21:20,758 [INFO] [MainThread] [root/api.py:69]: Fetching new weather data at 2026-07-24 12:21:20.758389
2026-07-24 12:31:20,761 [INFO] [MainThread] [root/api.py:69]: Fetching new weather data at 2026-07-24 12:31:20.761755
2026-07-24 12:41:20,757 [INFO] [MainThread] [root/api.py:69]: Fetching new weather data at 2026-07-24 12:41:20.757579
2026-07-24 12:51:20,772 [INFO] [MainThread] [root/api.py:69]: Fetching new weather data at 2026-07-24 12:51:20.772403
2026-07-24 13:01:20,765 [INFO] [MainThread] [root/api.py:69]: Fetching new weather data at 2026-07-24 13:01:20.765774
2026-07-24 13:11:20,769 [INFO] [MainThread] [root/api.py:69]: Fetching new weather data at 2026-07-24 13:11:20.769782
2026-07-24 13:21:20,769 [INFO] [MainThread] [root/api.py:69]: Fetching new weather data at 2026-07-24 13:21:20.769467
2026-07-24 13:31:20,747 [INFO] [MainThread] [root/api.py:69]: Fetching new weather data at 2026-07-24 13:31:20.747639
2026-07-24 13:41:20,758 [INFO] [MainThread] [root/api.py:69]: Fetching new weather data at 2026-07-24 13:41:20.758552
2026-07-24 13:51:20,773 [INFO] [MainThread] [root/api.py:69]: Fetching new weather data at 2026-07-24 13:51:20.773108
2026-07-24 14:01:20,764 [INFO] [MainThread] [root/api.py:69]: Fetching new weather data at 2026-07-24 14:01:20.764573
2026-07-24 14:11:20,755 [INFO] [MainThread] [root/api.py:69]: Fetching new weather data at 2026-07-24 14:11:20.755518
2026-07-24 14:21:20,759 [INFO] [MainThread] [root/api.py:69]: Fetching new weather data at 2026-07-24 14:21:20.759322
2026-07-24 14:31:20,759 [INFO] [MainThread] [root/api.py:69]: Fetching new weather data at 2026-07-24 14:31:20.759203
2026-07-24 14:41:23,207 [INFO] [MainThread] [root/api.py:69]: Fetching new weather data at 2026-07-24 14:41:23.207054
2026-07-24 14:51:23,221 [INFO] [MainThread] [root/api.py:69]: Fetching new weather data at 2026-07-24 14:51:23.221589
2026-07-24 15:01:23,208 [INFO] [MainThread] [root/api.py:69]: Fetching new weather data at 2026-07-24 15:01:23.208154
2026-07-24 15:11:23,220 [INFO] [MainThread] [root/api.py:69]: Fetching new weather data at 2026-07-24 15:11:23.220224
2026-07-24 15:21:23,243 [INFO] [MainThread] [root/api.py:69]: Fetching new weather data at 2026-07-24 15:21:23.243658
2026-07-24 15:31:23,211 [INFO] [MainThread] [root/api.py:69]: Fetching new weather data at 2026-07-24 15:31:23.211434
2026-07-24 15:41:23,266 [INFO] [MainThread] [root/api.py:69]: Fetching new weather data at 2026-07-24 15:41:23.266765
2026-07-24 15:51:23,203 [INFO] [MainThread] [root/api.py:69]: Fetching new weather data at 2026-07-24 15:51:23.203569
2026-07-24 16:01:23,264 [INFO] [MainThread] [root/api.py:69]: Fetching new weather data at 2026-07-24 16:01:23.264739
2026-07-24 16:11:23,205 [INFO] [MainThread] [root/api.py:69]: Fetching new weather data at 2026-07-24 16:11:23.204924
2026-07-24 16:21:23,206 [INFO] [MainThread] [root/api.py:69]: Fetching new weather data at 2026-07-24 16:21:23.204003
2026-07-24 16:31:23,288 [INFO] [MainThread] [root/api.py:69]: Fetching new weather data at 2026-07-24 16:31:23.288183
2026-07-24 16:41:23,198 [INFO] [MainThread] [root/api.py:69]: Fetching new weather data at 2026-07-24 16:41:23.198160
2026-07-24 16:51:23,215 [INFO] [MainThread] [root/api.py:69]: Fetching new weather data at 2026-07-24 16:51:23.215704
2026-07-24 17:01:23,244 [INFO] [MainThread] [root/api.py:69]: Fetching new weather data at 2026-07-24 17:01:23.244493
2026-07-24 17:11:23,219 [INFO] [MainThread] [root/api.py:69]: Fetching new weather data at 2026-07-24 17:11:23.219494
2026-07-24 17:21:23,294 [INFO] [MainThread] [root/api.py:69]: Fetching new weather data at 2026-07-24 17:21:23.294785
2026-07-24 17:31:23,223 [INFO] [MainThread] [root/api.py:69]: Fetching new weather data at 2026-07-24 17:31:23.223926
2026-07-24 17:41:23,273 [INFO] [MainThread] [root/api.py:69]: Fetching new weather data at 2026-07-24 17:41:23.273470
2026-07-24 17:51:23,205 [INFO] [MainThread] [root/api.py:69]: Fetching new weather data at 2026-07-24 17:51:23.205473
2026-07-24 18:01:23,253 [INFO] [MainThread] [root/api.py:69]: Fetching new weather data at 2026-07-24 18:01:23.253154
2026-07-24 18:11:23,198 [INFO] [MainThread] [root/api.py:69]: Fetching new weather data at 2026-07-24 18:11:23.198114
2026-07-24 18:21:23,207 [INFO] [MainThread] [root/api.py:69]: Fetching new weather data at 2026-07-24 18:21:23.206949
2026-07-24 18:31:23,214 [INFO] [MainThread] [root/api.py:69]: Fetching new weather data at 2026-07-24 18:31:23.214138
2026-07-24 18:41:23,208 [INFO] [MainThread] [root/api.py:69]: Fetching new weather data at 2026-07-24 18:41:23.208508
2026-07-24 18:51:23,306 [INFO] [MainThread] [root/api.py:69]: Fetching new weather data at 2026-07-24 18:51:23.306745
2026-07-24 19:01:23,220 [INFO] [MainThread] [root/api.py:69]: Fetching new weather data at 2026-07-24 19:01:23.220516
2026-07-24 19:11:23,210 [INFO] [MainThread] [root/api.py:69]: Fetching new weather data at 2026-07-24 19:11:23.210567
2026-07-24 19:21:23,220 [INFO] [MainThread] [root/api.py:69]: Fetching new weather data at 2026-07-24 19:21:23.219963
2026-07-24 19:31:23,206 [INFO] [MainThread] [root/api.py:69]: Fetching new weather data at 2026-07-24 19:31:23.206783
2026-07-24 19:41:23,209 [INFO] [MainThread] [root/api.py:69]: Fetching new weather data at 2026-07-24 19:41:23.209549
2026-07-24 19:51:23,208 [INFO] [MainThread] [root/api.py:69]: Fetching new weather data at 2026-07-24 19:51:23.208366
2026-07-24 20:01:23,279 [INFO] [MainThread] [root/api.py:69]: Fetching new weather data at 2026-07-24 20:01:23.279912
2026-07-24 20:11:23,205 [INFO] [MainThread] [root/api.py:69]: Fetching new weather data at 2026-07-24 20:11:23.205721
2026-07-24 20:21:23,195 [INFO] [MainThread] [root/api.py:69]: Fetching new weather data at 2026-07-24 20:21:23.195635
2026-07-24 20:31:23,223 [INFO] [MainThread] [root/api.py:69]: Fetching new weather data at 2026-07-24 20:31:23.223518
2026-07-24 20:41:23,223 [INFO] [MainThread] [root/api.py:69]: Fetching new weather data at 2026-07-24 20:41:23.223792
2026-07-24 20:51:23,217 [INFO] [MainThread] [root/api.py:69]: Fetching new weather data at 2026-07-24 20:51:23.217238
2026-07-24 21:01:23,214 [INFO] [MainThread] [root/api.py:69]: Fetching new weather data at 2026-07-24 21:01:23.214066
2026-07-24 21:11:23,223 [INFO] [MainThread] [root/api.py:69]: Fetching new weather data at 2026-07-24 21:11:23.223122
2026-07-24 21:21:23,208 [INFO] [MainThread] [root/api.py:69]: Fetching new weather data at 2026-07-24 21:21:23.208092
2026-07-24 21:31:23,213 [INFO] [MainThread] [root/api.py:69]: Fetching new weather data at 2026-07-24 21:31:23.213906
2026-07-24 21:41:23,221 [INFO] [MainThread] [root/api.py:69]: Fetching new weather data at 2026-07-24 21:41:23.221570
2026-07-24 21:51:23,202 [INFO] [MainThread] [root/api.py:69]: Fetching new weather data at 2026-07-24 21:51:23.202277
2026-07-24 22:01:23,210 [INFO] [MainThread] [root/api.py:69]: Fetching new weather data at 2026-07-24 22:01:23.209992
2026-07-24 22:11:23,292 [INFO] [MainThread] [root/api.py:69]: Fetching new weather data at 2026-07-24 22:11:23.292910
2026-07-24 22:21:23,613 [INFO] [MainThread] [root/api.py:69]: Fetching new weather data at 2026-07-24 22:21:23.613574
2026-07-24 22:31:23,200 [INFO] [MainThread] [root/api.py:69]: Fetching new weather data at 2026-07-24 22:31:23.200935
2026-07-24 22:41:23,824 [INFO] [MainThread] [root/api.py:69]: Fetching new weather data at 2026-07-24 22:41:23.824177
2026-07-24 22:51:23,373 [INFO] [MainThread] [root/api.py:69]: Fetching new weather data at 2026-07-24 22:51:23.373189
2026-07-24 22:51:29,897 [INFO] [MainThread] [root/controller.py:43]: Exiting Application...
2026-07-24 22:51:30,014 [INFO] [MainThread] [cli_server/cli_server.py:114]: Log pipe server stopped
2026-07-24 22:51:30,214 [INFO] [MainThread] [root/bar_manager.py:119]: Stopping SystemEventListener...
2026-07-25 11:13:40,608 [INFO] [MainThread] [root/log.py:104]: YASB v2.0.5
2026-07-25 11:13:40,609 [INFO] [CLIPipeServer] [cli_server/cli_server.py:216]: CLI server started v1.1.7
2026-07-25 11:13:40,609 [INFO] [MainThread] [cli_server/cli_server.py:106]: Log pipe server started
2026-07-25 11:13:41,152 [INFO] [MainThread] [root/service.py:52]: AudioOutputService starting...
2026-07-25 11:13:41,442 [INFO] [MainThread] [root/bar_manager.py:103]: Starting SystemEventListener...
2026-07-25 11:13:41,443 [INFO] [MainThread] [root/watcher.py:65]: Watching directory: c:\users\erick\.config\yasb
2026-07-25 11:13:41,444 [INFO] [MainThread] [root/watcher.py:104]: Created file watcher
2026-07-25 11:13:41,482 [INFO] [MainThread] [root/update_service.py:434]: Background update checker started
2026-07-25 11:13:41,921 [INFO] [MainThread] [root/api.py:69]: Fetching new weather data at 2026-07-25 11:13:41.921253
Windows fatal exception: code 0x8001010d

Thread 0x00004b08 [Thread-5] (most recent call first):
  File "C:\hostedtoolcache\windows\Python\3.14.6\x64\Lib\threading.py", line 369 in wait
  File "C:\hostedtoolcache\windows\Python\3.14.6\x64\Lib\queue.py", line 199 in get
  File "D:\a\yasb\yasb\venv\Lib\site-packages\watchdog\observers\api.py", line 379 in dispatch_events
  File "D:\a\yasb\yasb\venv\Lib\site-packages\watchdog\observers\api.py", line 213 in run
  File "C:\hostedtoolcache\windows\Python\3.14.6\x64\Lib\threading.py", line 1082 in _bootstrap_inner
  File "C:\hostedtoolcache\windows\Python\3.14.6\x64\Lib\threading.py", line 1044 in _bootstrap

Thread 0x00004b04 [Thread-6] (most recent call first):
  File "D:\a\yasb\yasb\venv\Lib\site-packages\watchdog\observers\winapi.py", line 326 in read_directory_changes
  File "D:\a\yasb\yasb\venv\Lib\site-packages\watchdog\observers\winapi.py", line 380 in read_events
  File "D:\a\yasb\yasb\venv\Lib\site-packages\watchdog\observers\read_directory_changes.py", line 67 in _read_events
  File "D:\a\yasb\yasb\venv\Lib\site-packages\watchdog\observers\read_directory_changes.py", line 70 in queue_events
  File "D:\a\yasb\yasb\venv\Lib\site-packages\watchdog\observers\api.py", line 158 in run
  File "C:\hostedtoolcache\windows\Python\3.14.6\x64\Lib\threading.py", line 1082 in _bootstrap_inner
  File "C:\hostedtoolcache\windows\Python\3.14.6\x64\Lib\threading.py", line 1044 in _bootstrap

Thread 0x00004b00 [SystemEventListener] (most recent call first):
  File "D:\a\yasb\yasb\src\core\utils\win32\event_listener.py", line 69 in run

Thread 0x00004a38 [WiFiWorker] (most recent call first):
  File "D:\a\yasb\yasb\src\core\widgets\services\wifi\wifi_managers.py", line 151 in run

Thread 0x00004a34 [MemoryWorker] (most recent call first):
  File "D:\a\yasb\yasb\src\core\widgets\services\memory\memory_api.py", line 244 in run

Thread 0x00004a2c [_EventWorker] (most recent call first):
  File "D:\a\yasb\yasb\venv\Lib\site-packages\qasync\_windows.py", line 147 in _poll
  File "D:\a\yasb\yasb\venv\Lib\site-packages\qasync\_windows.py", line 72 in select
  File "D:\a\yasb\yasb\venv\Lib\site-packages\qasync\_windows.py", line 199 in run

Thread 0x00004a1c [LogPipeServer] (most recent call first):
  File "D:\a\yasb\yasb\src\core\utils\win32\bindings\kernel32.py", line 288 in ConnectNamedPipe
  File "D:\a\yasb\yasb\src\core\utils\cli_server.py", line 138 in _run_server
  File "C:\hostedtoolcache\windows\Python\3.14.6\x64\Lib\threading.py", line 1024 in run
  File "C:\hostedtoolcache\windows\Python\3.14.6\x64\Lib\threading.py", line 1082 in _bootstrap_inner
  File "C:\hostedtoolcache\windows\Python\3.14.6\x64\Lib\threading.py", line 1044 in _bootstrap

Thread 0x00004a18 [CLIPipeServer] (most recent call first):
  File "D:\a\yasb\yasb\src\core\utils\win32\bindings\kernel32.py", line 288 in ConnectNamedPipe
  File "D:\a\yasb\yasb\src\core\utils\cli_server.py", line 235 in _run_server
  File "C:\hostedtoolcache\windows\Python\3.14.6\x64\Lib\threading.py", line 1024 in run
  File "C:\hostedtoolcache\windows\Python\3.14.6\x64\Lib\threading.py", line 1082 in _bootstrap_inner
  File "C:\hostedtoolcache\windows\Python\3.14.6\x64\Lib\threading.py", line 1044 in _bootstrap

Current thread 0x000049e4 (most recent call first):
  File "D:\a\yasb\yasb\venv\Lib\site-packages\qasync\__init__.py", line 404 in run_forever
  File "D:\a\yasb\yasb\venv\Lib\site-packages\qasync\__init__.py", line 428 in run_until_complete
  File "main.py", line 100 in main
  File "main.py", line 203 in <module>
  File "D:\a\yasb\yasb\venv\Lib\site-packages\freeze_core\initscripts\console.py", line 27 in run
  File "D:\a\yasb\yasb\venv\Lib\site-packages\freeze_core\initscripts\__startup__.py", line 137 in run

Current thread's C stack trace (most recent call first):
  <cannot get C stack on this system>
2026-07-25 11:23:41,309 [INFO] [MainThread] [root/api.py:69]: Fetching new weather data at 2026-07-25 11:23:41.309142
2026-07-25 11:33:41,305 [INFO] [MainThread] [root/api.py:69]: Fetching new weather data at 2026-07-25 11:33:41.305893
2026-07-25 11:43:41,452 [INFO] [MainThread] [root/api.py:69]: Fetching new weather data at 2026-07-25 11:43:41.452872
2026-07-25 11:53:41,324 [INFO] [MainThread] [root/api.py:69]: Fetching new weather data at 2026-07-25 11:53:41.324351
2026-07-25 12:03:41,320 [INFO] [MainThread] [root/api.py:69]: Fetching new weather data at 2026-07-25 12:03:41.320271
2026-07-25 12:13:41,324 [INFO] [MainThread] [root/api.py:69]: Fetching new weather data at 2026-07-25 12:13:41.324148
2026-07-25 12:23:41,360 [INFO] [MainThread] [root/api.py:69]: Fetching new weather data at 2026-07-25 12:23:41.360949
2026-07-25 12:33:41,310 [INFO] [MainThread] [root/api.py:69]: Fetching new weather data at 2026-07-25 12:33:41.310571
2026-07-25 12:43:41,310 [INFO] [MainThread] [root/api.py:69]: Fetching new weather data at 2026-07-25 12:43:41.310302
2026-07-25 12:53:41,304 [INFO] [MainThread] [root/api.py:69]: Fetching new weather data at 2026-07-25 12:53:41.303994
2026-07-25 13:03:41,510 [INFO] [MainThread] [root/api.py:69]: Fetching new weather data at 2026-07-25 13:03:41.510836
2026-07-25 13:13:41,315 [INFO] [MainThread] [root/api.py:69]: Fetching new weather data at 2026-07-25 13:13:41.315367
2026-07-25 13:23:41,310 [INFO] [MainThread] [root/api.py:69]: Fetching new weather data at 2026-07-25 13:23:41.310465
2026-07-25 13:33:41,319 [INFO] [MainThread] [root/api.py:69]: Fetching new weather data at 2026-07-25 13:33:41.319498
2026-07-25 13:43:41,303 [INFO] [MainThread] [root/api.py:69]: Fetching new weather data at 2026-07-25 13:43:41.303647
2026-07-25 13:53:41,450 [INFO] [MainThread] [root/api.py:69]: Fetching new weather data at 2026-07-25 13:53:41.450825
2026-07-25 14:03:41,316 [INFO] [MainThread] [root/api.py:69]: Fetching new weather data at 2026-07-25 14:03:41.316827
2026-07-25 14:13:41,315 [INFO] [MainThread] [root/api.py:69]: Fetching new weather data at 2026-07-25 14:13:41.315890
2026-07-25 14:23:41,305 [INFO] [MainThread] [root/api.py:69]: Fetching new weather data at 2026-07-25 14:23:41.305518
2026-07-25 14:33:41,304 [INFO] [MainThread] [root/api.py:69]: Fetching new weather data at 2026-07-25 14:33:41.304942
2026-07-25 14:43:41,320 [INFO] [MainThread] [root/api.py:69]: Fetching new weather data at 2026-07-25 14:43:41.320203
2026-07-25 14:53:41,348 [INFO] [MainThread] [root/api.py:69]: Fetching new weather data at 2026-07-25 14:53:41.348331
2026-07-25 15:03:41,304 [INFO] [MainThread] [root/api.py:69]: Fetching new weather data at 2026-07-25 15:03:41.304955
2026-07-25 15:13:41,322 [INFO] [MainThread] [root/api.py:69]: Fetching new weather data at 2026-07-25 15:13:41.322592
2026-07-25 15:23:41,332 [INFO] [MainThread] [root/api.py:69]: Fetching new weather data at 2026-07-25 15:23:41.332796
2026-07-25 15:33:41,321 [INFO] [MainThread] [root/api.py:69]: Fetching new weather data at 2026-07-25 15:33:41.321261
2026-07-25 15:43:41,364 [INFO] [MainThread] [root/api.py:69]: Fetching new weather data at 2026-07-25 15:43:41.364260
2026-07-25 15:53:41,306 [INFO] [MainThread] [root/api.py:69]: Fetching new weather data at 2026-07-25 15:53:41.306059
2026-07-25 16:03:41,420 [INFO] [MainThread] [root/api.py:69]: Fetching new weather data at 2026-07-25 16:03:41.420872
2026-07-25 16:13:41,343 [INFO] [MainThread] [root/api.py:69]: Fetching new weather data at 2026-07-25 16:13:41.343718
2026-07-25 16:23:41,314 [INFO] [MainThread] [root/api.py:69]: Fetching new weather data at 2026-07-25 16:23:41.314337
2026-07-25 16:33:41,486 [INFO] [MainThread] [root/api.py:69]: Fetching new weather data at 2026-07-25 16:33:41.486646
2026-07-25 16:43:41,313 [INFO] [MainThread] [root/api.py:69]: Fetching new weather data at 2026-07-25 16:43:41.313903
2026-07-25 16:53:41,314 [INFO] [MainThread] [root/api.py:69]: Fetching new weather data at 2026-07-25 16:53:41.314849
2026-07-25 17:03:41,335 [INFO] [MainThread] [root/api.py:69]: Fetching new weather data at 2026-07-25 17:03:41.334992
2026-07-25 17:13:41,310 [INFO] [MainThread] [root/api.py:69]: Fetching new weather data at 2026-07-25 17:13:41.310732
2026-07-25 17:23:41,307 [INFO] [MainThread] [root/api.py:69]: Fetching new weather data at 2026-07-25 17:23:41.307921
2026-07-25 17:33:41,311 [INFO] [MainThread] [root/api.py:69]: Fetching new weather data at 2026-07-25 17:33:41.311456
2026-07-25 17:43:41,313 [INFO] [MainThread] [root/api.py:69]: Fetching new weather data at 2026-07-25 17:43:41.313125
2026-07-25 17:53:41,385 [INFO] [MainThread] [root/api.py:69]: Fetching new weather data at 2026-07-25 17:53:41.385336
2026-07-25 18:03:41,345 [INFO] [MainThread] [root/api.py:69]: Fetching new weather data at 2026-07-25 18:03:41.345075
2026-07-25 18:13:41,336 [INFO] [MainThread] [root/api.py:69]: Fetching new weather data at 2026-07-25 18:13:41.336371
2026-07-25 18:23:41,318 [INFO] [MainThread] [root/api.py:69]: Fetching new weather data at 2026-07-25 18:23:41.318772
2026-07-25 18:33:41,298 [INFO] [MainThread] [root/api.py:69]: Fetching new weather data at 2026-07-25 18:33:41.298511
2026-07-25 18:43:41,316 [INFO] [MainThread] [root/api.py:69]: Fetching new weather data at 2026-07-25 18:43:41.316351
2026-07-25 18:53:41,305 [INFO] [MainThread] [root/api.py:69]: Fetching new weather data at 2026-07-25 18:53:41.305463
2026-07-25 19:03:41,308 [INFO] [MainThread] [root/api.py:69]: Fetching new weather data at 2026-07-25 19:03:41.308333
2026-07-25 19:13:41,317 [INFO] [MainThread] [root/api.py:69]: Fetching new weather data at 2026-07-25 19:13:41.317840
2026-07-25 19:23:41,318 [INFO] [MainThread] [root/api.py:69]: Fetching new weather data at 2026-07-25 19:23:41.318149
2026-07-25 19:33:41,328 [INFO] [MainThread] [root/api.py:69]: Fetching new weather data at 2026-07-25 19:33:41.328566
2026-07-25 19:43:41,312 [INFO] [MainThread] [root/api.py:69]: Fetching new weather data at 2026-07-25 19:43:41.312683
2026-07-25 19:53:41,311 [INFO] [MainThread] [root/api.py:69]: Fetching new weather data at 2026-07-25 19:53:41.311267
2026-07-25 20:03:41,330 [INFO] [MainThread] [root/api.py:69]: Fetching new weather data at 2026-07-25 20:03:41.330540
2026-07-25 20:13:41,312 [INFO] [MainThread] [root/api.py:69]: Fetching new weather data at 2026-07-25 20:13:41.312685
2026-07-25 20:23:41,339 [INFO] [MainThread] [root/api.py:69]: Fetching new weather data at 2026-07-25 20:23:41.339392
2026-07-25 20:33:41,301 [INFO] [MainThread] [root/api.py:69]: Fetching new weather data at 2026-07-25 20:33:41.301492
2026-07-25 20:43:41,329 [INFO] [MainThread] [root/api.py:69]: Fetching new weather data at 2026-07-25 20:43:41.329259
2026-07-25 20:53:41,320 [INFO] [MainThread] [root/api.py:69]: Fetching new weather data at 2026-07-25 20:53:41.320665
2026-07-25 21:03:41,320 [INFO] [MainThread] [root/api.py:69]: Fetching new weather data at 2026-07-25 21:03:41.320192
2026-07-25 21:13:41,310 [INFO] [MainThread] [root/api.py:69]: Fetching new weather data at 2026-07-25 21:13:41.310196
2026-07-25 21:23:41,324 [INFO] [MainThread] [root/api.py:69]: Fetching new weather data at 2026-07-25 21:23:41.324734
2026-07-25 21:33:41,318 [INFO] [MainThread] [root/api.py:69]: Fetching new weather data at 2026-07-25 21:33:41.318618
2026-07-25 21:43:41,308 [INFO] [MainThread] [root/api.py:69]: Fetching new weather data at 2026-07-25 21:43:41.308297
2026-07-25 21:53:41,295 [INFO] [MainThread] [root/api.py:69]: Fetching new weather data at 2026-07-25 21:53:41.295908
2026-07-25 22:01:56,972 [INFO] [MainThread] [root/controller.py:43]: Exiting Application...
2026-07-25 22:01:57,090 [INFO] [MainThread] [cli_server/cli_server.py:114]: Log pipe server stopped
2026-07-25 22:01:57,302 [INFO] [MainThread] [root/bar_manager.py:119]: Stopping SystemEventListener...
2026-07-26 02:27:50,758 [INFO] [MainThread] [root/log.py:104]: YASB v2.0.5
2026-07-26 02:27:50,759 [INFO] [CLIPipeServer] [cli_server/cli_server.py:216]: CLI server started v1.1.7
2026-07-26 02:27:50,759 [INFO] [MainThread] [cli_server/cli_server.py:106]: Log pipe server started
2026-07-26 02:27:51,182 [INFO] [MainThread] [root/service.py:52]: AudioOutputService starting...
2026-07-26 02:27:51,428 [INFO] [MainThread] [root/bar_manager.py:103]: Starting SystemEventListener...
2026-07-26 02:27:51,430 [INFO] [MainThread] [root/watcher.py:65]: Watching directory: c:\users\erick\.config\yasb
2026-07-26 02:27:51,430 [INFO] [MainThread] [root/watcher.py:104]: Created file watcher
2026-07-26 02:27:51,470 [INFO] [MainThread] [root/update_service.py:434]: Background update checker started
2026-07-26 02:27:52,085 [INFO] [MainThread] [root/api.py:69]: Fetching new weather data at 2026-07-26 02:27:52.085822
Windows fatal exception: code 0x8001010d

Thread 0x0000366c [SystemEventListener] (most recent call first):
  File "D:\a\yasb\yasb\src\core\utils\win32\event_listener.py", line 69 in run

Thread 0x00003188 [Thread-5] (most recent call first):
  File "C:\hostedtoolcache\windows\Python\3.14.6\x64\Lib\threading.py", line 369 in wait
  File "C:\hostedtoolcache\windows\Python\3.14.6\x64\Lib\queue.py", line 199 in get
  File "D:\a\yasb\yasb\venv\Lib\site-packages\watchdog\observers\api.py", line 379 in dispatch_events
  File "D:\a\yasb\yasb\venv\Lib\site-packages\watchdog\observers\api.py", line 213 in run
  File "C:\hostedtoolcache\windows\Python\3.14.6\x64\Lib\threading.py", line 1082 in _bootstrap_inner
  File "C:\hostedtoolcache\windows\Python\3.14.6\x64\Lib\threading.py", line 1044 in _bootstrap

Thread 0x00004244 [Thread-6] (most recent call first):
  File "D:\a\yasb\yasb\venv\Lib\site-packages\watchdog\observers\winapi.py", line 326 in read_directory_changes
  File "D:\a\yasb\yasb\venv\Lib\site-packages\watchdog\observers\winapi.py", line 380 in read_events
  File "D:\a\yasb\yasb\venv\Lib\site-packages\watchdog\observers\read_directory_changes.py", line 67 in _read_events
  File "D:\a\yasb\yasb\venv\Lib\site-packages\watchdog\observers\read_directory_changes.py", line 70 in queue_events
  File "D:\a\yasb\yasb\venv\Lib\site-packages\watchdog\observers\api.py", line 158 in run
  File "C:\hostedtoolcache\windows\Python\3.14.6\x64\Lib\threading.py", line 1082 in _bootstrap_inner
  File "C:\hostedtoolcache\windows\Python\3.14.6\x64\Lib\threading.py", line 1044 in _bootstrap

Thread 0x00002d44 [WiFiWorker] (most recent call first):
  File "D:\a\yasb\yasb\src\core\widgets\services\wifi\wifi_managers.py", line 151 in run

Thread 0x0000424c [MemoryWorker] (most recent call first):
  File "D:\a\yasb\yasb\src\core\widgets\services\memory\memory_api.py", line 244 in run

Thread 0x00004344 [_EventWorker] (most recent call first):
  File "D:\a\yasb\yasb\venv\Lib\site-packages\qasync\_windows.py", line 147 in _poll
  File "D:\a\yasb\yasb\venv\Lib\site-packages\qasync\_windows.py", line 72 in select
  File "D:\a\yasb\yasb\venv\Lib\site-packages\qasync\_windows.py", line 199 in run

Thread 0x00004078 [LogPipeServer] (most recent call first):
  File "D:\a\yasb\yasb\src\core\utils\win32\bindings\kernel32.py", line 288 in ConnectNamedPipe
  File "D:\a\yasb\yasb\src\core\utils\cli_server.py", line 138 in _run_server
  File "C:\hostedtoolcache\windows\Python\3.14.6\x64\Lib\threading.py", line 1024 in run
  File "C:\hostedtoolcache\windows\Python\3.14.6\x64\Lib\threading.py", line 1082 in _bootstrap_inner
  File "C:\hostedtoolcache\windows\Python\3.14.6\x64\Lib\threading.py", line 1044 in _bootstrap

Thread 0x00003f20 [CLIPipeServer] (most recent call first):
  File "D:\a\yasb\yasb\src\core\utils\win32\bindings\kernel32.py", line 288 in ConnectNamedPipe
  File "D:\a\yasb\yasb\src\core\utils\cli_server.py", line 235 in _run_server
  File "C:\hostedtoolcache\windows\Python\3.14.6\x64\Lib\threading.py", line 1024 in run
  File "C:\hostedtoolcache\windows\Python\3.14.6\x64\Lib\threading.py", line 1082 in _bootstrap_inner
  File "C:\hostedtoolcache\windows\Python\3.14.6\x64\Lib\threading.py", line 1044 in _bootstrap

Current thread 0x00003d48 (most recent call first):
  File "D:\a\yasb\yasb\venv\Lib\site-packages\qasync\__init__.py", line 404 in run_forever
  File "D:\a\yasb\yasb\venv\Lib\site-packages\qasync\__init__.py", line 428 in run_until_complete
  File "main.py", line 100 in main
  File "main.py", line 203 in <module>
  File "D:\a\yasb\yasb\venv\Lib\site-packages\freeze_core\initscripts\console.py", line 27 in run
  File "D:\a\yasb\yasb\venv\Lib\site-packages\freeze_core\initscripts\__startup__.py", line 137 in run

Current thread's C stack trace (most recent call first):
  <cannot get C stack on this system>
2026-07-26 02:37:51,390 [INFO] [MainThread] [root/api.py:69]: Fetching new weather data at 2026-07-26 02:37:51.390014
2026-07-26 02:47:51,335 [INFO] [MainThread] [root/api.py:69]: Fetching new weather data at 2026-07-26 02:47:51.335342
2026-07-26 02:57:51,332 [INFO] [MainThread] [root/api.py:69]: Fetching new weather data at 2026-07-26 02:57:51.332346
2026-07-26 03:07:51,336 [INFO] [MainThread] [root/api.py:69]: Fetching new weather data at 2026-07-26 03:07:51.336682
2026-07-26 03:17:51,343 [INFO] [MainThread] [root/api.py:69]: Fetching new weather data at 2026-07-26 03:17:51.343516
2026-07-26 03:27:51,330 [INFO] [MainThread] [root/api.py:69]: Fetching new weather data at 2026-07-26 03:27:51.330092
2026-07-26 03:36:10,245 [INFO] [MainThread] [root/controller.py:43]: Exiting Application...
2026-07-26 03:36:10,355 [INFO] [MainThread] [cli_server/cli_server.py:114]: Log pipe server stopped
2026-07-26 03:36:10,533 [INFO] [MainThread] [root/bar_manager.py:119]: Stopping SystemEventListener...
2026-07-26 11:50:51,717 [INFO] [MainThread] [root/log.py:104]: YASB v2.0.5
2026-07-26 11:50:51,718 [INFO] [CLIPipeServer] [cli_server/cli_server.py:216]: CLI server started v1.1.7
2026-07-26 11:50:51,718 [INFO] [MainThread] [cli_server/cli_server.py:106]: Log pipe server started
2026-07-26 11:50:52,135 [INFO] [MainThread] [root/service.py:52]: AudioOutputService starting...
2026-07-26 11:50:52,404 [INFO] [MainThread] [root/bar_manager.py:103]: Starting SystemEventListener...
2026-07-26 11:50:52,405 [INFO] [MainThread] [root/watcher.py:65]: Watching directory: c:\users\erick\.config\yasb
2026-07-26 11:50:52,406 [INFO] [MainThread] [root/watcher.py:104]: Created file watcher
2026-07-26 11:50:52,512 [INFO] [MainThread] [root/update_service.py:434]: Background update checker started
2026-07-26 11:50:52,869 [INFO] [MainThread] [root/api.py:69]: Fetching new weather data at 2026-07-26 11:50:52.869097
Windows fatal exception: code 0x8001010d

Thread 0x000048a0 [SystemEventListener] (most recent call first):
  File "D:\a\yasb\yasb\src\core\utils\win32\event_listener.py", line 69 in run

Thread 0x000049e0 [Thread-5] (most recent call first):
  File "C:\hostedtoolcache\windows\Python\3.14.6\x64\Lib\threading.py", line 369 in wait
  File "C:\hostedtoolcache\windows\Python\3.14.6\x64\Lib\queue.py", line 199 in get
  File "D:\a\yasb\yasb\venv\Lib\site-packages\watchdog\observers\api.py", line 379 in dispatch_events
  File "D:\a\yasb\yasb\venv\Lib\site-packages\watchdog\observers\api.py", line 213 in run
  File "C:\hostedtoolcache\windows\Python\3.14.6\x64\Lib\threading.py", line 1082 in _bootstrap_inner
  File "C:\hostedtoolcache\windows\Python\3.14.6\x64\Lib\threading.py", line 1044 in _bootstrap

Thread 0x00003c50 [Thread-6] (most recent call first):
  File "D:\a\yasb\yasb\venv\Lib\site-packages\watchdog\observers\winapi.py", line 326 in read_directory_changes
  File "D:\a\yasb\yasb\venv\Lib\site-packages\watchdog\observers\winapi.py", line 380 in read_events
  File "D:\a\yasb\yasb\venv\Lib\site-packages\watchdog\observers\read_directory_changes.py", line 67 in _read_events
  File "D:\a\yasb\yasb\venv\Lib\site-packages\watchdog\observers\read_directory_changes.py", line 70 in queue_events
  File "D:\a\yasb\yasb\venv\Lib\site-packages\watchdog\observers\api.py", line 158 in run
  File "C:\hostedtoolcache\windows\Python\3.14.6\x64\Lib\threading.py", line 1082 in _bootstrap_inner
  File "C:\hostedtoolcache\windows\Python\3.14.6\x64\Lib\threading.py", line 1044 in _bootstrap

Thread 0x00001c4c [WiFiWorker] (most recent call first):
  File "D:\a\yasb\yasb\src\core\widgets\services\wifi\wifi_managers.py", line 151 in run

Thread 0x00000d1c [MemoryWorker] (most recent call first):
  File "D:\a\yasb\yasb\src\core\widgets\services\memory\memory_api.py", line 244 in run

Thread 0x00002ff4 [_EventWorker] (most recent call first):
  File "D:\a\yasb\yasb\venv\Lib\site-packages\qasync\_windows.py", line 147 in _poll
  File "D:\a\yasb\yasb\venv\Lib\site-packages\qasync\_windows.py", line 72 in select
  File "D:\a\yasb\yasb\venv\Lib\site-packages\qasync\_windows.py", line 199 in run

Thread 0x00004aa8 [LogPipeServer] (most recent call first):
  File "D:\a\yasb\yasb\src\core\utils\win32\bindings\kernel32.py", line 288 in ConnectNamedPipe
  File "D:\a\yasb\yasb\src\core\utils\cli_server.py", line 138 in _run_server
  File "C:\hostedtoolcache\windows\Python\3.14.6\x64\Lib\threading.py", line 1024 in run
  File "C:\hostedtoolcache\windows\Python\3.14.6\x64\Lib\threading.py", line 1082 in _bootstrap_inner
  File "C:\hostedtoolcache\windows\Python\3.14.6\x64\Lib\threading.py", line 1044 in _bootstrap

Thread 0x00004890 [CLIPipeServer] (most recent call first):
  File "D:\a\yasb\yasb\src\core\utils\win32\bindings\kernel32.py", line 288 in ConnectNamedPipe
  File "D:\a\yasb\yasb\src\core\utils\cli_server.py", line 235 in _run_server
  File "C:\hostedtoolcache\windows\Python\3.14.6\x64\Lib\threading.py", line 1024 in run
  File "C:\hostedtoolcache\windows\Python\3.14.6\x64\Lib\threading.py", line 1082 in _bootstrap_inner
  File "C:\hostedtoolcache\windows\Python\3.14.6\x64\Lib\threading.py", line 1044 in _bootstrap

Current thread 0x0000490c (most recent call first):
  File "D:\a\yasb\yasb\venv\Lib\site-packages\qasync\__init__.py", line 404 in run_forever
  File "D:\a\yasb\yasb\venv\Lib\site-packages\qasync\__init__.py", line 428 in run_until_complete
  File "main.py", line 100 in main
  File "main.py", line 203 in <module>
  File "D:\a\yasb\yasb\venv\Lib\site-packages\freeze_core\initscripts\console.py", line 27 in run
  File "D:\a\yasb\yasb\venv\Lib\site-packages\freeze_core\initscripts\__startup__.py", line 137 in run

Current thread's C stack trace (most recent call first):
  <cannot get C stack on this system>
2026-07-26 12:00:52,323 [INFO] [MainThread] [root/api.py:69]: Fetching new weather data at 2026-07-26 12:00:52.323918
2026-07-26 12:10:52,291 [INFO] [MainThread] [root/api.py:69]: Fetching new weather data at 2026-07-26 12:10:52.291532
2026-07-26 12:20:52,445 [INFO] [MainThread] [root/api.py:69]: Fetching new weather data at 2026-07-26 12:20:52.445916
2026-07-26 12:30:52,357 [INFO] [MainThread] [root/api.py:69]: Fetching new weather data at 2026-07-26 12:30:52.357937
2026-07-26 12:33:50,773 [INFO] [MainThread] [root/bar_helper.py:594]: AppBarManager need to re-register 2 bars
2026-07-26 12:33:51,541 [INFO] [MainThread] [root/bar_helper.py:603]: Re-registered AppBar for primary-bar_24G50F_823d31e0 (space reservation + fullscreen)
2026-07-26 12:33:51,617 [INFO] [MainThread] [root/bar_helper.py:603]: Re-registered AppBar for primary-bar_BenQ RL2755_a51cee21 (space reservation + fullscreen)
2026-07-26 12:33:51,826 [INFO] [MainThread] [root/bar_helper.py:594]: AppBarManager need to re-register 2 bars
2026-07-26 12:33:52,056 [INFO] [MainThread] [root/bar_helper.py:603]: Re-registered AppBar for primary-bar_24G50F_823d31e0 (space reservation + fullscreen)
2026-07-26 12:33:52,296 [INFO] [MainThread] [root/bar_helper.py:603]: Re-registered AppBar for primary-bar_BenQ RL2755_a51cee21 (space reservation + fullscreen)
2026-07-26 12:40:52,304 [INFO] [MainThread] [root/api.py:69]: Fetching new weather data at 2026-07-26 12:40:52.304418
2026-07-26 12:50:52,425 [INFO] [MainThread] [root/api.py:69]: Fetching new weather data at 2026-07-26 12:50:52.425383
2026-07-26 13:00:52,330 [INFO] [MainThread] [root/api.py:69]: Fetching new weather data at 2026-07-26 13:00:52.330093
2026-07-26 13:10:52,302 [INFO] [MainThread] [root/api.py:69]: Fetching new weather data at 2026-07-26 13:10:52.302904
2026-07-26 13:20:52,309 [INFO] [MainThread] [root/api.py:69]: Fetching new weather data at 2026-07-26 13:20:52.309177
2026-07-26 13:30:52,320 [INFO] [MainThread] [root/api.py:69]: Fetching new weather data at 2026-07-26 13:30:52.320043
2026-07-26 13:40:52,304 [INFO] [MainThread] [root/api.py:69]: Fetching new weather data at 2026-07-26 13:40:52.304671
2026-07-26 13:50:52,290 [INFO] [MainThread] [root/api.py:69]: Fetching new weather data at 2026-07-26 13:50:52.290572
2026-07-26 14:00:52,317 [INFO] [MainThread] [root/api.py:69]: Fetching new weather data at 2026-07-26 14:00:52.317302
2026-07-26 14:10:52,299 [INFO] [MainThread] [root/api.py:69]: Fetching new weather data at 2026-07-26 14:10:52.299849
2026-07-26 14:20:52,294 [INFO] [MainThread] [root/api.py:69]: Fetching new weather data at 2026-07-26 14:20:52.294783
2026-07-26 14:30:52,301 [INFO] [MainThread] [root/api.py:69]: Fetching new weather data at 2026-07-26 14:30:52.301137
2026-07-26 14:40:52,344 [INFO] [MainThread] [root/api.py:69]: Fetching new weather data at 2026-07-26 14:40:52.344925
2026-07-26 14:50:52,309 [INFO] [MainThread] [root/api.py:69]: Fetching new weather data at 2026-07-26 14:50:52.309890
2026-07-26 15:00:52,412 [INFO] [MainThread] [root/api.py:69]: Fetching new weather data at 2026-07-26 15:00:52.412933
2026-07-26 15:05:52,924 [INFO] [MainThread] [root/bar_helper.py:594]: AppBarManager need to re-register 2 bars
2026-07-26 15:05:53,723 [INFO] [MainThread] [root/bar_helper.py:603]: Re-registered AppBar for primary-bar_24G50F_823d31e0 (space reservation + fullscreen)
2026-07-26 15:05:53,901 [INFO] [MainThread] [root/bar_helper.py:603]: Re-registered AppBar for primary-bar_BenQ RL2755_a51cee21 (space reservation + fullscreen)
2026-07-26 15:05:54,101 [INFO] [MainThread] [root/bar_helper.py:594]: AppBarManager need to re-register 2 bars
2026-07-26 15:05:54,396 [INFO] [MainThread] [root/bar_helper.py:603]: Re-registered AppBar for primary-bar_24G50F_823d31e0 (space reservation + fullscreen)
2026-07-26 15:05:54,663 [INFO] [MainThread] [root/bar_helper.py:603]: Re-registered AppBar for primary-bar_BenQ RL2755_a51cee21 (space reservation + fullscreen)
2026-07-26 15:10:52,296 [INFO] [MainThread] [root/api.py:69]: Fetching new weather data at 2026-07-26 15:10:52.296259
2026-07-26 15:20:52,290 [INFO] [MainThread] [root/api.py:69]: Fetching new weather data at 2026-07-26 15:20:52.290281
2026-07-26 15:30:52,298 [INFO] [MainThread] [root/api.py:69]: Fetching new weather data at 2026-07-26 15:30:52.298124
2026-07-26 15:40:52,302 [INFO] [MainThread] [root/api.py:69]: Fetching new weather data at 2026-07-26 15:40:52.302535
2026-07-26 15:50:52,301 [INFO] [MainThread] [root/api.py:69]: Fetching new weather data at 2026-07-26 15:50:52.300966
2026-07-26 16:00:52,295 [INFO] [MainThread] [root/api.py:69]: Fetching new weather data at 2026-07-26 16:00:52.295920
2026-07-26 16:10:52,450 [INFO] [MainThread] [root/api.py:69]: Fetching new weather data at 2026-07-26 16:10:52.450407
2026-07-26 16:20:52,300 [INFO] [MainThread] [root/api.py:69]: Fetching new weather data at 2026-07-26 16:20:52.300574
2026-07-26 16:30:52,484 [INFO] [MainThread] [root/api.py:69]: Fetching new weather data at 2026-07-26 16:30:52.484161
2026-07-26 16:40:52,308 [INFO] [MainThread] [root/api.py:69]: Fetching new weather data at 2026-07-26 16:40:52.308411
2026-07-26 16:50:52,293 [INFO] [MainThread] [root/api.py:69]: Fetching new weather data at 2026-07-26 16:50:52.293590
2026-07-26 17:00:52,310 [INFO] [MainThread] [root/api.py:69]: Fetching new weather data at 2026-07-26 17:00:52.310136
2026-07-26 17:10:52,303 [INFO] [MainThread] [root/api.py:69]: Fetching new weather data at 2026-07-26 17:10:52.303558
2026-07-26 17:20:52,297 [INFO] [MainThread] [root/api.py:69]: Fetching new weather data at 2026-07-26 17:20:52.297219
2026-07-26 17:30:52,315 [INFO] [MainThread] [root/api.py:69]: Fetching new weather data at 2026-07-26 17:30:52.315851
2026-07-26 17:40:52,307 [INFO] [MainThread] [root/api.py:69]: Fetching new weather data at 2026-07-26 17:40:52.307625
2026-07-26 17:50:52,313 [INFO] [MainThread] [root/api.py:69]: Fetching new weather data at 2026-07-26 17:50:52.313026
2026-07-26 18:00:52,310 [INFO] [MainThread] [root/api.py:69]: Fetching new weather data at 2026-07-26 18:00:52.310755
2026-07-26 18:10:52,453 [INFO] [MainThread] [root/api.py:69]: Fetching new weather data at 2026-07-26 18:10:52.453287
2026-07-26 18:20:52,333 [INFO] [MainThread] [root/api.py:69]: Fetching new weather data at 2026-07-26 18:20:52.333611
2026-07-26 18:30:52,297 [INFO] [MainThread] [root/api.py:69]: Fetching new weather data at 2026-07-26 18:30:52.297632
2026-07-26 18:40:52,299 [INFO] [MainThread] [root/api.py:69]: Fetching new weather data at 2026-07-26 18:40:52.299471
2026-07-26 18:50:52,299 [INFO] [MainThread] [root/api.py:69]: Fetching new weather data at 2026-07-26 18:50:52.298953
2026-07-26 19:00:52,313 [INFO] [MainThread] [root/api.py:69]: Fetching new weather data at 2026-07-26 19:00:52.313555
2026-07-26 19:10:52,313 [INFO] [MainThread] [root/api.py:69]: Fetching new weather data at 2026-07-26 19:10:52.313270
2026-07-26 19:20:52,287 [INFO] [MainThread] [root/api.py:69]: Fetching new weather data at 2026-07-26 19:20:52.287473
2026-07-26 19:30:52,303 [INFO] [MainThread] [root/api.py:69]: Fetching new weather data at 2026-07-26 19:30:52.303066
2026-07-26 19:40:52,301 [INFO] [MainThread] [root/api.py:69]: Fetching new weather data at 2026-07-26 19:40:52.301002
2026-07-26 19:50:52,290 [INFO] [MainThread] [root/api.py:69]: Fetching new weather data at 2026-07-26 19:50:52.290707
2026-07-26 20:00:52,317 [INFO] [MainThread] [root/api.py:69]: Fetching new weather data at 2026-07-26 20:00:52.317714
2026-07-26 20:10:52,341 [INFO] [MainThread] [root/api.py:69]: Fetching new weather data at 2026-07-26 20:10:52.341574
2026-07-26 20:20:52,311 [INFO] [MainThread] [root/api.py:69]: Fetching new weather data at 2026-07-26 20:20:52.311066
2026-07-26 20:30:52,304 [INFO] [MainThread] [root/api.py:69]: Fetching new weather data at 2026-07-26 20:30:52.304098
2026-07-26 20:40:52,292 [INFO] [MainThread] [root/api.py:69]: Fetching new weather data at 2026-07-26 20:40:52.292502
2026-07-26 20:50:52,295 [INFO] [MainThread] [root/api.py:69]: Fetching new weather data at 2026-07-26 20:50:52.295335
2026-07-26 21:00:52,367 [INFO] [MainThread] [root/api.py:69]: Fetching new weather data at 2026-07-26 21:00:52.367437
2026-07-26 21:10:52,313 [INFO] [MainThread] [root/api.py:69]: Fetching new weather data at 2026-07-26 21:10:52.313447
2026-07-26 21:20:52,506 [INFO] [MainThread] [root/api.py:69]: Fetching new weather data at 2026-07-26 21:20:52.506530
2026-07-26 21:30:52,312 [INFO] [MainThread] [root/api.py:69]: Fetching new weather data at 2026-07-26 21:30:52.312424
2026-07-26 21:40:52,292 [INFO] [MainThread] [root/api.py:69]: Fetching new weather data at 2026-07-26 21:40:52.292090
2026-07-26 21:50:52,334 [INFO] [MainThread] [root/api.py:69]: Fetching new weather data at 2026-07-26 21:50:52.334335
2026-07-26 22:00:52,332 [INFO] [MainThread] [root/api.py:69]: Fetching new weather data at 2026-07-26 22:00:52.332874
2026-07-26 22:10:52,322 [INFO] [MainThread] [root/api.py:69]: Fetching new weather data at 2026-07-26 22:10:52.322786
2026-07-26 22:20:52,314 [INFO] [MainThread] [root/api.py:69]: Fetching new weather data at 2026-07-26 22:20:52.314728
2026-07-26 22:30:52,321 [INFO] [MainThread] [root/api.py:69]: Fetching new weather data at 2026-07-26 22:30:52.321667
2026-07-26 22:40:55,322 [INFO] [MainThread] [root/api.py:69]: Fetching new weather data at 2026-07-26 22:40:55.322125
2026-07-26 22:50:55,346 [INFO] [MainThread] [root/api.py:69]: Fetching new weather data at 2026-07-26 22:50:55.346448
2026-07-26 23:00:55,356 [INFO] [MainThread] [root/api.py:69]: Fetching new weather data at 2026-07-26 23:00:55.356546
2026-07-26 23:10:55,324 [INFO] [MainThread] [root/api.py:69]: Fetching new weather data at 2026-07-26 23:10:55.324357
2026-07-26 23:20:55,454 [INFO] [MainThread] [root/api.py:69]: Fetching new weather data at 2026-07-26 23:20:55.453962
2026-07-26 23:30:55,316 [INFO] [MainThread] [root/api.py:69]: Fetching new weather data at 2026-07-26 23:30:55.316238
2026-07-26 23:40:55,330 [INFO] [MainThread] [root/api.py:69]: Fetching new weather data at 2026-07-26 23:40:55.330579
2026-07-26 23:50:55,315 [INFO] [MainThread] [root/api.py:69]: Fetching new weather data at 2026-07-26 23:50:55.315459
2026-07-27 00:00:55,307 [INFO] [MainThread] [root/api.py:69]: Fetching new weather data at 2026-07-27 00:00:55.307956
2026-07-27 00:02:48,583 [INFO] [MainThread] [root/controller.py:43]: Exiting Application...
2026-07-27 00:02:48,703 [INFO] [MainThread] [cli_server/cli_server.py:114]: Log pipe server stopped
2026-07-27 00:02:49,101 [INFO] [MainThread] [root/bar_manager.py:119]: Stopping SystemEventListener...
2026-07-27 10:30:23,715 [INFO] [MainThread] [root/log.py:104]: YASB v2.0.5
2026-07-27 10:30:23,716 [INFO] [CLIPipeServer] [cli_server/cli_server.py:216]: CLI server started v1.1.7
2026-07-27 10:30:23,717 [INFO] [MainThread] [cli_server/cli_server.py:106]: Log pipe server started
2026-07-27 10:30:24,158 [INFO] [MainThread] [root/service.py:52]: AudioOutputService starting...
2026-07-27 10:30:24,448 [INFO] [MainThread] [root/bar_manager.py:103]: Starting SystemEventListener...
2026-07-27 10:30:24,450 [INFO] [MainThread] [root/watcher.py:65]: Watching directory: c:\users\erick\.config\yasb
2026-07-27 10:30:24,450 [INFO] [MainThread] [root/watcher.py:104]: Created file watcher
2026-07-27 10:30:24,578 [INFO] [MainThread] [root/update_service.py:434]: Background update checker started
2026-07-27 10:30:25,551 [INFO] [MainThread] [root/api.py:69]: Fetching new weather data at 2026-07-27 10:30:25.551091
Windows fatal exception: code 0x8001010d

Thread 0x00005b00 [SystemEventListener] (most recent call first):
  File "D:\a\yasb\yasb\src\core\utils\win32\event_listener.py", line 69 in run

Thread 0x00005abc [Thread-5] (most recent call first):
  File "C:\hostedtoolcache\windows\Python\3.14.6\x64\Lib\threading.py", line 369 in wait
  File "C:\hostedtoolcache\windows\Python\3.14.6\x64\Lib\queue.py", line 199 in get
  File "D:\a\yasb\yasb\venv\Lib\site-packages\watchdog\observers\api.py", line 379 in dispatch_events
  File "D:\a\yasb\yasb\venv\Lib\site-packages\watchdog\observers\api.py", line 213 in run
  File "C:\hostedtoolcache\windows\Python\3.14.6\x64\Lib\threading.py", line 1082 in _bootstrap_inner
  File "C:\hostedtoolcache\windows\Python\3.14.6\x64\Lib\threading.py", line 1044 in _bootstrap

Thread 0x00005b28 [Thread-6] (most recent call first):
  File "D:\a\yasb\yasb\venv\Lib\site-packages\watchdog\observers\winapi.py", line 326 in read_directory_changes
  File "D:\a\yasb\yasb\venv\Lib\site-packages\watchdog\observers\winapi.py", line 380 in read_events
  File "D:\a\yasb\yasb\venv\Lib\site-packages\watchdog\observers\read_directory_changes.py", line 67 in _read_events
  File "D:\a\yasb\yasb\venv\Lib\site-packages\watchdog\observers\read_directory_changes.py", line 70 in queue_events
  File "D:\a\yasb\yasb\venv\Lib\site-packages\watchdog\observers\api.py", line 158 in run
  File "C:\hostedtoolcache\windows\Python\3.14.6\x64\Lib\threading.py", line 1082 in _bootstrap_inner
  File "C:\hostedtoolcache\windows\Python\3.14.6\x64\Lib\threading.py", line 1044 in _bootstrap

Thread 0x0000596c [WiFiWorker] (most recent call first):
  File "D:\a\yasb\yasb\src\core\widgets\services\wifi\wifi_managers.py", line 151 in run

Thread 0x0000587c [MemoryWorker] (most recent call first):
  File "D:\a\yasb\yasb\src\core\widgets\services\memory\memory_api.py", line 244 in run

Thread 0x000059e4 [_EventWorker] (most recent call first):
  File "D:\a\yasb\yasb\venv\Lib\site-packages\qasync\_windows.py", line 147 in _poll
  File "D:\a\yasb\yasb\venv\Lib\site-packages\qasync\_windows.py", line 72 in select
  File "D:\a\yasb\yasb\venv\Lib\site-packages\qasync\_windows.py", line 199 in run

Thread 0x00000c30 [LogPipeServer] (most recent call first):
  File "D:\a\yasb\yasb\src\core\utils\win32\bindings\kernel32.py", line 288 in ConnectNamedPipe
  File "D:\a\yasb\yasb\src\core\utils\cli_server.py", line 138 in _run_server
  File "C:\hostedtoolcache\windows\Python\3.14.6\x64\Lib\threading.py", line 1024 in run
  File "C:\hostedtoolcache\windows\Python\3.14.6\x64\Lib\threading.py", line 1082 in _bootstrap_inner
  File "C:\hostedtoolcache\windows\Python\3.14.6\x64\Lib\threading.py", line 1044 in _bootstrap

Thread 0x00005b14 [CLIPipeServer] (most recent call first):
  File "D:\a\yasb\yasb\src\core\utils\win32\bindings\kernel32.py", line 288 in ConnectNamedPipe
  File "D:\a\yasb\yasb\src\core\utils\cli_server.py", line 235 in _run_server
  File "C:\hostedtoolcache\windows\Python\3.14.6\x64\Lib\threading.py", line 1024 in run
  File "C:\hostedtoolcache\windows\Python\3.14.6\x64\Lib\threading.py", line 1082 in _bootstrap_inner
  File "C:\hostedtoolcache\windows\Python\3.14.6\x64\Lib\threading.py", line 1044 in _bootstrap

Current thread 0x00005a40 (most recent call first):
  File "D:\a\yasb\yasb\venv\Lib\site-packages\qasync\__init__.py", line 404 in run_forever
  File "D:\a\yasb\yasb\venv\Lib\site-packages\qasync\__init__.py", line 428 in run_until_complete
  File "main.py", line 100 in main
  File "main.py", line 203 in <module>
  File "D:\a\yasb\yasb\venv\Lib\site-packages\freeze_core\initscripts\console.py", line 27 in run
  File "D:\a\yasb\yasb\venv\Lib\site-packages\freeze_core\initscripts\__startup__.py", line 137 in run

Current thread's C stack trace (most recent call first):
  <cannot get C stack on this system>
2026-07-27 10:31:07,763 [WARNING] [MainThread] [root/api.py:137]: Failed to fetch icon http://cdn.weatherapi.com/weather/64x64/night/149.png: UnknownNetworkError 99
2026-07-27 10:31:07,764 [WARNING] [MainThread] [root/api.py:137]: Failed to fetch icon http://cdn.weatherapi.com/weather/64x64/day/113.png: UnknownNetworkError 99
2026-07-27 10:31:07,764 [WARNING] [MainThread] [root/api.py:137]: Failed to fetch icon http://cdn.weatherapi.com/weather/64x64/day/149.png: UnknownNetworkError 99
2026-07-27 10:31:07,764 [WARNING] [MainThread] [root/api.py:137]: Failed to fetch icon http://cdn.weatherapi.com/weather/64x64/night/113.png: UnknownNetworkError 99
2026-07-27 10:40:24,312 [INFO] [MainThread] [root/api.py:69]: Fetching new weather data at 2026-07-27 10:40:24.312806
2026-07-27 10:50:24,318 [INFO] [MainThread] [root/api.py:69]: Fetching new weather data at 2026-07-27 10:50:24.318779
2026-07-27 11:00:24,321 [INFO] [MainThread] [root/api.py:69]: Fetching new weather data at 2026-07-27 11:00:24.321384
2026-07-27 11:10:24,319 [INFO] [MainThread] [root/api.py:69]: Fetching new weather data at 2026-07-27 11:10:24.319289
2026-07-27 11:20:24,434 [INFO] [MainThread] [root/api.py:69]: Fetching new weather data at 2026-07-27 11:20:24.434365
2026-07-27 11:30:24,326 [INFO] [MainThread] [root/api.py:69]: Fetching new weather data at 2026-07-27 11:30:24.326804
2026-07-27 11:40:24,318 [INFO] [MainThread] [root/api.py:69]: Fetching new weather data at 2026-07-27 11:40:24.318536
2026-07-27 11:50:24,315 [INFO] [MainThread] [root/api.py:69]: Fetching new weather data at 2026-07-27 11:50:24.315844
2026-07-27 11:59:44,960 [INFO] [MainThread] [root/bar_manager.py:119]: Stopping SystemEventListener...
2026-07-27 12:01:34,544 [INFO] [MainThread] [root/log.py:104]: YASB v2.0.5
2026-07-27 12:01:34,544 [INFO] [CLIPipeServer] [cli_server/cli_server.py:216]: CLI server started v1.1.7
2026-07-27 12:01:34,545 [INFO] [MainThread] [cli_server/cli_server.py:106]: Log pipe server started
2026-07-27 12:01:35,020 [INFO] [MainThread] [root/service.py:52]: AudioOutputService starting...
2026-07-27 12:01:35,276 [INFO] [MainThread] [root/bar_manager.py:103]: Starting SystemEventListener...
2026-07-27 12:01:35,279 [INFO] [MainThread] [root/watcher.py:65]: Watching directory: c:\users\erick\.config\yasb
2026-07-27 12:01:35,279 [INFO] [MainThread] [root/watcher.py:104]: Created file watcher
2026-07-27 12:01:35,322 [INFO] [MainThread] [root/update_service.py:434]: Background update checker started
2026-07-27 12:01:35,781 [INFO] [MainThread] [root/api.py:69]: Fetching new weather data at 2026-07-27 12:01:35.781879
Windows fatal exception: code 0x8001010d

Thread 0x00005598 [Thread-5] (most recent call first):
  File "C:\hostedtoolcache\windows\Python\3.14.6\x64\Lib\threading.py", line 369 in wait
  File "C:\hostedtoolcache\windows\Python\3.14.6\x64\Lib\queue.py", line 199 in get
  File "D:\a\yasb\yasb\venv\Lib\site-packages\watchdog\observers\api.py", line 379 in dispatch_events
  File "D:\a\yasb\yasb\venv\Lib\site-packages\watchdog\observers\api.py", line 213 in run
  File "C:\hostedtoolcache\windows\Python\3.14.6\x64\Lib\threading.py", line 1082 in _bootstrap_inner
  File "C:\hostedtoolcache\windows\Python\3.14.6\x64\Lib\threading.py", line 1044 in _bootstrap

Thread 0x00005594 [Thread-6] (most recent call first):
  File "D:\a\yasb\yasb\venv\Lib\site-packages\watchdog\observers\winapi.py", line 326 in read_directory_changes
  File "D:\a\yasb\yasb\venv\Lib\site-packages\watchdog\observers\winapi.py", line 380 in read_events
  File "D:\a\yasb\yasb\venv\Lib\site-packages\watchdog\observers\read_directory_changes.py", line 67 in _read_events
  File "D:\a\yasb\yasb\venv\Lib\site-packages\watchdog\observers\read_directory_changes.py", line 70 in queue_events
  File "D:\a\yasb\yasb\venv\Lib\site-packages\watchdog\observers\api.py", line 158 in run
  File "C:\hostedtoolcache\windows\Python\3.14.6\x64\Lib\threading.py", line 1082 in _bootstrap_inner
  File "C:\hostedtoolcache\windows\Python\3.14.6\x64\Lib\threading.py", line 1044 in _bootstrap

Thread 0x00005590 [SystemEventListener] (most recent call first):
  File "D:\a\yasb\yasb\src\core\utils\win32\event_listener.py", line 69 in run

Thread 0x000054a0 [WiFiWorker] (most recent call first):
  File "D:\a\yasb\yasb\src\core\widgets\services\wifi\wifi_managers.py", line 151 in run

Thread 0x00005470 [MemoryWorker] (most recent call first):
  File "D:\a\yasb\yasb\src\core\widgets\services\memory\memory_api.py", line 244 in run

Thread 0x00003ef4 [_EventWorker] (most recent call first):
  File "D:\a\yasb\yasb\venv\Lib\site-packages\qasync\_windows.py", line 147 in _poll
  File "D:\a\yasb\yasb\venv\Lib\site-packages\qasync\_windows.py", line 72 in select
  File "D:\a\yasb\yasb\venv\Lib\site-packages\qasync\_windows.py", line 199 in run

Thread 0x00003984 [LogPipeServer] (most recent call first):
  File "D:\a\yasb\yasb\src\core\utils\win32\bindings\kernel32.py", line 288 in ConnectNamedPipe
  File "D:\a\yasb\yasb\src\core\utils\cli_server.py", line 138 in _run_server
  File "C:\hostedtoolcache\windows\Python\3.14.6\x64\Lib\threading.py", line 1024 in run
  File "C:\hostedtoolcache\windows\Python\3.14.6\x64\Lib\threading.py", line 1082 in _bootstrap_inner
  File "C:\hostedtoolcache\windows\Python\3.14.6\x64\Lib\threading.py", line 1044 in _bootstrap

Thread 0x00003efc [CLIPipeServer] (most recent call first):
  File "D:\a\yasb\yasb\src\core\utils\win32\bindings\kernel32.py", line 288 in ConnectNamedPipe
  File "D:\a\yasb\yasb\src\core\utils\cli_server.py", line 235 in _run_server
  File "C:\hostedtoolcache\windows\Python\3.14.6\x64\Lib\threading.py", line 1024 in run
  File "C:\hostedtoolcache\windows\Python\3.14.6\x64\Lib\threading.py", line 1082 in _bootstrap_inner
  File "C:\hostedtoolcache\windows\Python\3.14.6\x64\Lib\threading.py", line 1044 in _bootstrap

Current thread 0x000039f0 (most recent call first):
  File "D:\a\yasb\yasb\venv\Lib\site-packages\qasync\__init__.py", line 404 in run_forever
  File "D:\a\yasb\yasb\venv\Lib\site-packages\qasync\__init__.py", line 428 in run_until_complete
  File "main.py", line 100 in main
  File "main.py", line 203 in <module>
  File "D:\a\yasb\yasb\venv\Lib\site-packages\freeze_core\initscripts\console.py", line 27 in run
  File "D:\a\yasb\yasb\venv\Lib\site-packages\freeze_core\initscripts\__startup__.py", line 137 in run

Current thread's C stack trace (most recent call first):
  <cannot get C stack on this system>
2026-07-27 12:11:38,573 [INFO] [MainThread] [root/api.py:69]: Fetching new weather data at 2026-07-27 12:11:38.566530
2026-07-27 12:21:36,663 [INFO] [MainThread] [root/api.py:69]: Fetching new weather data at 2026-07-27 12:21:36.660223
2026-07-27 12:31:38,217 [INFO] [MainThread] [root/api.py:69]: Fetching new weather data at 2026-07-27 12:31:38.217376
2026-07-27 12:41:18,108 [INFO] [MainThread] [root/bar_helper.py:594]: AppBarManager need to re-register 2 bars
2026-07-27 12:41:18,451 [INFO] [MainThread] [root/bar_helper.py:603]: Re-registered AppBar for primary-bar_24G50F_c1a9054a (space reservation + fullscreen)
2026-07-27 12:41:18,704 [INFO] [MainThread] [root/bar_helper.py:603]: Re-registered AppBar for primary-bar_BenQ RL2755_1c11c59b (space reservation + fullscreen)
2026-07-27 12:41:24,578 [INFO] [MainThread] [root/bar_helper.py:594]: AppBarManager need to re-register 2 bars
2026-07-27 12:41:24,614 [INFO] [MainThread] [root/bar_helper.py:603]: Re-registered AppBar for primary-bar_24G50F_c1a9054a (space reservation + fullscreen)
2026-07-27 12:41:24,737 [INFO] [MainThread] [root/bar_helper.py:603]: Re-registered AppBar for primary-bar_BenQ RL2755_1c11c59b (space reservation + fullscreen)
2026-07-27 12:41:35,401 [INFO] [MainThread] [root/api.py:69]: Fetching new weather data at 2026-07-27 12:41:35.401389
2026-07-27 12:51:35,358 [INFO] [MainThread] [root/api.py:69]: Fetching new weather data at 2026-07-27 12:51:35.358457
2026-07-27 13:01:35,280 [INFO] [MainThread] [root/api.py:69]: Fetching new weather data at 2026-07-27 13:01:35.280530
2026-07-27 13:11:35,412 [INFO] [MainThread] [root/api.py:69]: Fetching new weather data at 2026-07-27 13:11:35.411957
2026-07-27 13:21:35,453 [INFO] [MainThread] [root/api.py:69]: Fetching new weather data at 2026-07-27 13:21:35.453871
2026-07-27 13:31:35,301 [INFO] [MainThread] [root/api.py:69]: Fetching new weather data at 2026-07-27 13:31:35.301814
2026-07-27 13:41:35,567 [INFO] [MainThread] [root/api.py:69]: Fetching new weather data at 2026-07-27 13:41:35.567851
2026-07-27 13:51:35,296 [INFO] [MainThread] [root/api.py:69]: Fetching new weather data at 2026-07-27 13:51:35.296277
2026-07-27 14:01:35,291 [INFO] [MainThread] [root/api.py:69]: Fetching new weather data at 2026-07-27 14:01:35.291523
2026-07-27 14:11:35,310 [INFO] [MainThread] [root/api.py:69]: Fetching new weather data at 2026-07-27 14:11:35.310290
2026-07-27 14:21:35,412 [INFO] [MainThread] [root/api.py:69]: Fetching new weather data at 2026-07-27 14:21:35.412318
2026-07-27 14:31:35,398 [INFO] [MainThread] [root/api.py:69]: Fetching new weather data at 2026-07-27 14:31:35.398521
2026-07-27 14:41:35,656 [INFO] [MainThread] [root/api.py:69]: Fetching new weather data at 2026-07-27 14:41:35.656147
2026-07-27 14:51:35,369 [INFO] [MainThread] [root/api.py:69]: Fetching new weather data at 2026-07-27 14:51:35.369860
2026-07-27 15:01:35,339 [INFO] [MainThread] [root/api.py:69]: Fetching new weather data at 2026-07-27 15:01:35.339006
2026-07-27 15:11:35,994 [INFO] [MainThread] [root/api.py:69]: Fetching new weather data at 2026-07-27 15:11:35.994881
2026-07-27 15:21:35,869 [INFO] [MainThread] [root/api.py:69]: Fetching new weather data at 2026-07-27 15:21:35.869221
2026-07-27 15:31:35,434 [INFO] [MainThread] [root/api.py:69]: Fetching new weather data at 2026-07-27 15:31:35.434760
2026-07-27 15:41:35,308 [INFO] [MainThread] [root/api.py:69]: Fetching new weather data at 2026-07-27 15:41:35.308171
2026-07-27 15:51:35,283 [INFO] [MainThread] [root/api.py:69]: Fetching new weather data at 2026-07-27 15:51:35.283361
2026-07-27 16:01:35,711 [INFO] [MainThread] [root/api.py:69]: Fetching new weather data at 2026-07-27 16:01:35.711332
2026-07-27 16:11:35,406 [INFO] [MainThread] [root/api.py:69]: Fetching new weather data at 2026-07-27 16:11:35.406296
2026-07-27 16:21:35,375 [INFO] [MainThread] [root/api.py:69]: Fetching new weather data at 2026-07-27 16:21:35.375312
2026-07-27 16:31:35,985 [INFO] [MainThread] [root/api.py:69]: Fetching new weather data at 2026-07-27 16:31:35.985300
2026-07-27 16:41:35,431 [INFO] [MainThread] [root/api.py:69]: Fetching new weather data at 2026-07-27 16:41:35.431179
2026-07-27 16:51:35,473 [INFO] [MainThread] [root/api.py:69]: Fetching new weather data at 2026-07-27 16:51:35.473253
2026-07-27 17:01:35,355 [INFO] [MainThread] [root/api.py:69]: Fetching new weather data at 2026-07-27 17:01:35.355658
2026-07-27 17:11:36,488 [INFO] [MainThread] [root/api.py:69]: Fetching new weather data at 2026-07-27 17:11:36.488807
2026-07-27 17:21:35,212 [INFO] [MainThread] [root/api.py:69]: Fetching new weather data at 2026-07-27 17:21:35.212115
2026-07-27 17:31:35,176 [INFO] [MainThread] [root/api.py:69]: Fetching new weather data at 2026-07-27 17:31:35.176091
2026-07-27 17:41:35,176 [INFO] [MainThread] [root/api.py:69]: Fetching new weather data at 2026-07-27 17:41:35.176686
2026-07-27 17:51:35,158 [INFO] [MainThread] [root/api.py:69]: Fetching new weather data at 2026-07-27 17:51:35.158412
2026-07-27 18:01:35,517 [INFO] [MainThread] [root/api.py:69]: Fetching new weather data at 2026-07-27 18:01:35.517723
2026-07-27 18:11:35,176 [INFO] [MainThread] [root/api.py:69]: Fetching new weather data at 2026-07-27 18:11:35.176311
2026-07-27 18:21:35,175 [INFO] [MainThread] [root/api.py:69]: Fetching new weather data at 2026-07-27 18:21:35.175948
2026-07-27 18:31:35,179 [INFO] [MainThread] [root/api.py:69]: Fetching new weather data at 2026-07-27 18:31:35.179541
2026-07-27 18:41:35,163 [INFO] [MainThread] [root/api.py:69]: Fetching new weather data at 2026-07-27 18:41:35.162967
2026-07-27 18:51:35,160 [INFO] [MainThread] [root/api.py:69]: Fetching new weather data at 2026-07-27 18:51:35.160021
2026-07-27 19:01:35,183 [INFO] [MainThread] [root/api.py:69]: Fetching new weather data at 2026-07-27 19:01:35.183101
2026-07-27 19:11:35,392 [INFO] [MainThread] [root/api.py:69]: Fetching new weather data at 2026-07-27 19:11:35.392676
2026-07-27 19:21:35,211 [INFO] [MainThread] [root/api.py:69]: Fetching new weather data at 2026-07-27 19:21:35.211199
2026-07-27 19:31:35,171 [INFO] [MainThread] [root/api.py:69]: Fetching new weather data at 2026-07-27 19:31:35.171551
2026-07-27 19:41:35,231 [INFO] [MainThread] [root/api.py:69]: Fetching new weather data at 2026-07-27 19:41:35.231937
2026-07-27 19:51:35,164 [INFO] [MainThread] [root/api.py:69]: Fetching new weather data at 2026-07-27 19:51:35.164641
2026-07-27 20:01:35,164 [INFO] [MainThread] [root/api.py:69]: Fetching new weather data at 2026-07-27 20:01:35.164378
2026-07-27 20:11:35,166 [INFO] [MainThread] [root/api.py:69]: Fetching new weather data at 2026-07-27 20:11:35.166406
2026-07-27 20:21:35,293 [INFO] [MainThread] [root/api.py:69]: Fetching new weather data at 2026-07-27 20:21:35.293111
2026-07-27 20:31:35,219 [INFO] [MainThread] [root/api.py:69]: Fetching new weather data at 2026-07-27 20:31:35.218962
2026-07-27 20:41:35,195 [INFO] [MainThread] [root/api.py:69]: Fetching new weather data at 2026-07-27 20:41:35.195217
2026-07-27 20:51:35,200 [INFO] [MainThread] [root/api.py:69]: Fetching new weather data at 2026-07-27 20:51:35.200182
2026-07-27 21:01:35,168 [INFO] [MainThread] [root/api.py:69]: Fetching new weather data at 2026-07-27 21:01:35.168618
2026-07-27 21:11:35,166 [INFO] [MainThread] [root/api.py:69]: Fetching new weather data at 2026-07-27 21:11:35.166327
2026-07-27 21:21:35,170 [INFO] [MainThread] [root/api.py:69]: Fetching new weather data at 2026-07-27 21:21:35.170571
2026-07-27 21:31:35,198 [INFO] [MainThread] [root/api.py:69]: Fetching new weather data at 2026-07-27 21:31:35.198557
2026-07-27 21:41:35,158 [INFO] [MainThread] [root/api.py:69]: Fetching new weather data at 2026-07-27 21:41:35.158109
2026-07-27 21:51:35,156 [INFO] [MainThread] [root/api.py:69]: Fetching new weather data at 2026-07-27 21:51:35.156092
2026-07-27 22:01:35,157 [INFO] [MainThread] [root/api.py:69]: Fetching new weather data at 2026-07-27 22:01:35.157655
2026-07-27 22:11:35,158 [INFO] [MainThread] [root/api.py:69]: Fetching new weather data at 2026-07-27 22:11:35.158576
2026-07-27 22:21:35,161 [INFO] [MainThread] [root/api.py:69]: Fetching new weather data at 2026-07-27 22:21:35.161341
2026-07-27 22:31:35,154 [INFO] [MainThread] [root/api.py:69]: Fetching new weather data at 2026-07-27 22:31:35.154671
2026-07-27 22:41:35,158 [INFO] [MainThread] [root/api.py:69]: Fetching new weather data at 2026-07-27 22:41:35.158107
2026-07-27 22:51:35,165 [INFO] [MainThread] [root/api.py:69]: Fetching new weather data at 2026-07-27 22:51:35.165142
2026-07-27 23:01:35,163 [INFO] [MainThread] [root/api.py:69]: Fetching new weather data at 2026-07-27 23:01:35.163884
2026-07-27 23:11:35,163 [INFO] [MainThread] [root/api.py:69]: Fetching new weather data at 2026-07-27 23:11:35.163485
2026-07-27 23:21:35,157 [INFO] [MainThread] [root/api.py:69]: Fetching new weather data at 2026-07-27 23:21:35.157842
2026-07-27 23:31:35,160 [INFO] [MainThread] [root/api.py:69]: Fetching new weather data at 2026-07-27 23:31:35.160791
2026-07-27 23:41:35,153 [INFO] [MainThread] [root/api.py:69]: Fetching new weather data at 2026-07-27 23:41:35.153780
2026-07-27 23:51:35,163 [INFO] [MainThread] [root/api.py:69]: Fetching new weather data at 2026-07-27 23:51:35.163137
2026-07-27 23:59:38,698 [INFO] [MainThread] [root/controller.py:43]: Exiting Application...
2026-07-27 23:59:38,804 [INFO] [MainThread] [cli_server/cli_server.py:114]: Log pipe server stopped
2026-07-27 23:59:39,219 [INFO] [MainThread] [root/bar_manager.py:119]: Stopping SystemEventListener...
2026-07-28 11:39:59,901 [INFO] [MainThread] [root/log.py:104]: YASB v2.0.5
2026-07-28 11:39:59,902 [INFO] [CLIPipeServer] [cli_server/cli_server.py:216]: CLI server started v1.1.7
2026-07-28 11:39:59,902 [INFO] [MainThread] [cli_server/cli_server.py:106]: Log pipe server started
2026-07-28 11:40:00,335 [INFO] [MainThread] [root/service.py:52]: AudioOutputService starting...
2026-07-28 11:40:00,568 [INFO] [MainThread] [root/bar_manager.py:103]: Starting SystemEventListener...
2026-07-28 11:40:00,569 [INFO] [MainThread] [root/watcher.py:65]: Watching directory: c:\users\erick\.config\yasb
2026-07-28 11:40:00,570 [INFO] [MainThread] [root/watcher.py:104]: Created file watcher
2026-07-28 11:40:00,602 [INFO] [MainThread] [root/update_service.py:434]: Background update checker started
2026-07-28 11:40:01,432 [INFO] [MainThread] [root/api.py:69]: Fetching new weather data at 2026-07-28 11:40:01.432815
2026-07-28 11:40:43,521 [WARNING] [MainThread] [root/api.py:137]: Failed to fetch icon http://cdn.weatherapi.com/weather/64x64/day/149.png: UnknownNetworkError 99
2026-07-28 11:40:43,521 [WARNING] [MainThread] [root/api.py:137]: Failed to fetch icon http://cdn.weatherapi.com/weather/64x64/night/176.png: UnknownNetworkError 99
2026-07-28 11:40:43,521 [WARNING] [MainThread] [root/api.py:137]: Failed to fetch icon http://cdn.weatherapi.com/weather/64x64/night/263.png: UnknownNetworkError 99
2026-07-28 11:40:43,521 [WARNING] [MainThread] [root/api.py:137]: Failed to fetch icon http://cdn.weatherapi.com/weather/64x64/night/149.png: UnknownNetworkError 99
2026-07-28 11:40:43,522 [WARNING] [MainThread] [root/api.py:137]: Failed to fetch icon http://cdn.weatherapi.com/weather/64x64/night/113.png: UnknownNetworkError 99
2026-07-28 11:40:43,522 [WARNING] [MainThread] [root/api.py:137]: Failed to fetch icon http://cdn.weatherapi.com/weather/64x64/night/353.png: UnknownNetworkError 99
2026-07-28 11:40:43,522 [WARNING] [MainThread] [root/api.py:137]: Failed to fetch icon http://cdn.weatherapi.com/weather/64x64/day/266.png: UnknownNetworkError 99
2026-07-28 11:40:43,522 [WARNING] [MainThread] [root/api.py:137]: Failed to fetch icon http://cdn.weatherapi.com/weather/64x64/day/176.png: UnknownNetworkError 99
2026-07-28 11:40:43,522 [WARNING] [MainThread] [root/api.py:137]: Failed to fetch icon http://cdn.weatherapi.com/weather/64x64/day/116.png: UnknownNetworkError 99
2026-07-28 11:40:43,522 [WARNING] [MainThread] [root/api.py:137]: Failed to fetch icon http://cdn.weatherapi.com/weather/64x64/day/113.png: UnknownNetworkError 99
2026-07-28 11:40:43,522 [WARNING] [MainThread] [root/api.py:137]: Failed to fetch icon http://cdn.weatherapi.com/weather/64x64/night/116.png: UnknownNetworkError 99
2026-07-28 11:40:43,522 [WARNING] [MainThread] [root/api.py:137]: Failed to fetch icon http://cdn.weatherapi.com/weather/64x64/day/296.png: UnknownNetworkError 99
Windows fatal exception: code 0x8001010d

Thread 0x00004920 [Thread-5] (most recent call first):
  File "C:\hostedtoolcache\windows\Python\3.14.6\x64\Lib\threading.py", line 369 in wait
  File "C:\hostedtoolcache\windows\Python\3.14.6\x64\Lib\queue.py", line 199 in get
  File "D:\a\yasb\yasb\venv\Lib\site-packages\watchdog\observers\api.py", line 379 in dispatch_events
  File "D:\a\yasb\yasb\venv\Lib\site-packages\watchdog\observers\api.py", line 213 in run
  File "C:\hostedtoolcache\windows\Python\3.14.6\x64\Lib\threading.py", line 1082 in _bootstrap_inner
  File "C:\hostedtoolcache\windows\Python\3.14.6\x64\Lib\threading.py", line 1044 in _bootstrap

Thread 0x00004900 [Thread-6] (most recent call first):
  File "D:\a\yasb\yasb\venv\Lib\site-packages\watchdog\observers\winapi.py", line 326 in read_directory_changes
  File "D:\a\yasb\yasb\venv\Lib\site-packages\watchdog\observers\winapi.py", line 380 in read_events
  File "D:\a\yasb\yasb\venv\Lib\site-packages\watchdog\observers\read_directory_changes.py", line 67 in _read_events
  File "D:\a\yasb\yasb\venv\Lib\site-packages\watchdog\observers\read_directory_changes.py", line 70 in queue_events
  File "D:\a\yasb\yasb\venv\Lib\site-packages\watchdog\observers\api.py", line 158 in run
  File "C:\hostedtoolcache\windows\Python\3.14.6\x64\Lib\threading.py", line 1082 in _bootstrap_inner
  File "C:\hostedtoolcache\windows\Python\3.14.6\x64\Lib\threading.py", line 1044 in _bootstrap

Thread 0x00004908 [SystemEventListener] (most recent call first):
  File "D:\a\yasb\yasb\src\core\utils\win32\event_listener.py", line 69 in run

Thread 0x00004b74 [WiFiWorker] (most recent call first):
  File "D:\a\yasb\yasb\src\core\widgets\services\wifi\wifi_managers.py", line 151 in run

Thread 0x00004b54 [MemoryWorker] (most recent call first):
  File "D:\a\yasb\yasb\src\core\widgets\services\memory\memory_api.py", line 244 in run

Thread 0x000049f0 [_EventWorker] (most recent call first):
  File "D:\a\yasb\yasb\venv\Lib\site-packages\qasync\_windows.py", line 147 in _poll
  File "D:\a\yasb\yasb\venv\Lib\site-packages\qasync\_windows.py", line 72 in select
  File "D:\a\yasb\yasb\venv\Lib\site-packages\qasync\_windows.py", line 199 in run

Thread 0x00004ac0 [LogPipeServer] (most recent call first):
  File "D:\a\yasb\yasb\src\core\utils\win32\bindings\kernel32.py", line 288 in ConnectNamedPipe
  File "D:\a\yasb\yasb\src\core\utils\cli_server.py", line 138 in _run_server
  File "C:\hostedtoolcache\windows\Python\3.14.6\x64\Lib\threading.py", line 1024 in run
  File "C:\hostedtoolcache\windows\Python\3.14.6\x64\Lib\threading.py", line 1082 in _bootstrap_inner
  File "C:\hostedtoolcache\windows\Python\3.14.6\x64\Lib\threading.py", line 1044 in _bootstrap

Thread 0x00004ab8 [CLIPipeServer] (most recent call first):
  File "D:\a\yasb\yasb\src\core\utils\win32\bindings\kernel32.py", line 288 in ConnectNamedPipe
  File "D:\a\yasb\yasb\src\core\utils\cli_server.py", line 235 in _run_server
  File "C:\hostedtoolcache\windows\Python\3.14.6\x64\Lib\threading.py", line 1024 in run
  File "C:\hostedtoolcache\windows\Python\3.14.6\x64\Lib\threading.py", line 1082 in _bootstrap_inner
  File "C:\hostedtoolcache\windows\Python\3.14.6\x64\Lib\threading.py", line 1044 in _bootstrap

Current thread 0x00004870 (most recent call first):
  File "D:\a\yasb\yasb\venv\Lib\site-packages\qasync\__init__.py", line 404 in run_forever
  File "D:\a\yasb\yasb\venv\Lib\site-packages\qasync\__init__.py", line 428 in run_until_complete
  File "main.py", line 100 in main
  File "main.py", line 203 in <module>
  File "D:\a\yasb\yasb\venv\Lib\site-packages\freeze_core\initscripts\console.py", line 27 in run
  File "D:\a\yasb\yasb\venv\Lib\site-packages\freeze_core\initscripts\__startup__.py", line 137 in run

Current thread's C stack trace (most recent call first):
  <cannot get C stack on this system>
2026-07-28 11:50:00,522 [INFO] [MainThread] [root/api.py:69]: Fetching new weather data at 2026-07-28 11:50:00.522174
2026-07-28 12:00:02,195 [INFO] [MainThread] [root/api.py:69]: Fetching new weather data at 2026-07-28 12:00:02.195603
2026-07-28 12:10:00,496 [INFO] [MainThread] [root/api.py:69]: Fetching new weather data at 2026-07-28 12:10:00.496200
2026-07-28 12:20:00,496 [INFO] [MainThread] [root/api.py:69]: Fetching new weather data at 2026-07-28 12:20:00.496582
2026-07-28 12:30:00,678 [INFO] [MainThread] [root/api.py:69]: Fetching new weather data at 2026-07-28 12:30:00.678809
2026-07-28 12:40:00,503 [INFO] [MainThread] [root/api.py:69]: Fetching new weather data at 2026-07-28 12:40:00.503282
2026-07-28 12:50:01,073 [INFO] [MainThread] [root/api.py:69]: Fetching new weather data at 2026-07-28 12:50:01.073520
2026-07-28 13:00:01,496 [INFO] [MainThread] [root/api.py:69]: Fetching new weather data at 2026-07-28 13:00:01.496407
2026-07-28 13:10:00,511 [INFO] [MainThread] [root/api.py:69]: Fetching new weather data at 2026-07-28 13:10:00.511555
2026-07-28 13:20:00,552 [INFO] [MainThread] [root/api.py:69]: Fetching new weather data at 2026-07-28 13:20:00.552414
2026-07-28 13:30:00,762 [INFO] [MainThread] [root/api.py:69]: Fetching new weather data at 2026-07-28 13:30:00.762172
2026-07-28 13:40:00,517 [INFO] [MainThread] [root/api.py:69]: Fetching new weather data at 2026-07-28 13:40:00.517243
2026-07-28 13:50:00,498 [INFO] [MainThread] [root/api.py:69]: Fetching new weather data at 2026-07-28 13:50:00.498336
2026-07-28 14:00:00,505 [INFO] [MainThread] [root/api.py:69]: Fetching new weather data at 2026-07-28 14:00:00.505545
2026-07-28 14:10:00,482 [INFO] [MainThread] [root/api.py:69]: Fetching new weather data at 2026-07-28 14:10:00.482538
2026-07-28 14:20:00,494 [INFO] [MainThread] [root/api.py:69]: Fetching new weather data at 2026-07-28 14:20:00.494125
2026-07-28 14:30:00,528 [INFO] [MainThread] [root/api.py:69]: Fetching new weather data at 2026-07-28 14:30:00.528560
2026-07-28 14:40:00,936 [INFO] [MainThread] [root/api.py:69]: Fetching new weather data at 2026-07-28 14:40:00.936419
2026-07-28 14:50:00,491 [INFO] [MainThread] [root/api.py:69]: Fetching new weather data at 2026-07-28 14:50:00.491908
2026-07-28 15:00:00,544 [INFO] [MainThread] [root/api.py:69]: Fetching new weather data at 2026-07-28 15:00:00.544691
2026-07-28 15:10:00,482 [INFO] [MainThread] [root/api.py:69]: Fetching new weather data at 2026-07-28 15:10:00.482734
2026-07-28 15:20:00,488 [INFO] [MainThread] [root/api.py:69]: Fetching new weather data at 2026-07-28 15:20:00.488605
2026-07-28 15:30:02,157 [INFO] [MainThread] [root/api.py:69]: Fetching new weather data at 2026-07-28 15:30:02.157727
2026-07-28 15:40:00,485 [INFO] [MainThread] [root/api.py:69]: Fetching new weather data at 2026-07-28 15:40:00.485180
2026-07-28 15:50:00,491 [INFO] [MainThread] [root/api.py:69]: Fetching new weather data at 2026-07-28 15:50:00.491226
2026-07-28 16:00:00,525 [INFO] [MainThread] [root/api.py:69]: Fetching new weather data at 2026-07-28 16:00:00.525065
2026-07-28 16:10:00,490 [INFO] [MainThread] [root/api.py:69]: Fetching new weather data at 2026-07-28 16:10:00.490388
2026-07-28 16:20:00,719 [INFO] [MainThread] [root/api.py:69]: Fetching new weather data at 2026-07-28 16:20:00.719037
2026-07-28 16:30:00,678 [INFO] [MainThread] [root/api.py:69]: Fetching new weather data at 2026-07-28 16:30:00.678382
2026-07-28 16:40:00,490 [INFO] [MainThread] [root/api.py:69]: Fetching new weather data at 2026-07-28 16:40:00.490470
2026-07-28 16:50:00,482 [INFO] [MainThread] [root/api.py:69]: Fetching new weather data at 2026-07-28 16:50:00.482944
2026-07-28 17:00:00,608 [INFO] [MainThread] [root/api.py:69]: Fetching new weather data at 2026-07-28 17:00:00.608311
2026-07-28 17:10:00,489 [INFO] [MainThread] [root/api.py:69]: Fetching new weather data at 2026-07-28 17:10:00.489812
2026-07-28 17:20:00,476 [INFO] [MainThread] [root/api.py:69]: Fetching new weather data at 2026-07-28 17:20:00.476430
2026-07-28 17:30:00,728 [INFO] [MainThread] [root/api.py:69]: Fetching new weather data at 2026-07-28 17:30:00.728083
2026-07-28 17:40:00,731 [INFO] [MainThread] [root/api.py:69]: Fetching new weather data at 2026-07-28 17:40:00.731496
2026-07-28 17:50:00,486 [INFO] [MainThread] [root/api.py:69]: Fetching new weather data at 2026-07-28 17:50:00.486859
2026-07-28 18:00:00,512 [INFO] [MainThread] [root/api.py:69]: Fetching new weather data at 2026-07-28 18:00:00.512450
2026-07-28 18:10:00,504 [INFO] [MainThread] [root/api.py:69]: Fetching new weather data at 2026-07-28 18:10:00.504856
2026-07-28 18:20:00,489 [INFO] [MainThread] [root/api.py:69]: Fetching new weather data at 2026-07-28 18:20:00.489742
2026-07-28 18:30:00,496 [INFO] [MainThread] [root/api.py:69]: Fetching new weather data at 2026-07-28 18:30:00.496568
2026-07-28 18:40:00,486 [INFO] [MainThread] [root/api.py:69]: Fetching new weather data at 2026-07-28 18:40:00.486085
2026-07-28 18:50:00,487 [INFO] [MainThread] [root/api.py:69]: Fetching new weather data at 2026-07-28 18:50:00.487565
2026-07-28 19:00:01,149 [INFO] [MainThread] [root/api.py:69]: Fetching new weather data at 2026-07-28 19:00:01.149401
2026-07-28 19:10:00,493 [INFO] [MainThread] [root/api.py:69]: Fetching new weather data at 2026-07-28 19:10:00.493627
2026-07-28 19:20:00,487 [INFO] [MainThread] [root/api.py:69]: Fetching new weather data at 2026-07-28 19:20:00.487061
2026-07-28 19:30:00,494 [INFO] [MainThread] [root/api.py:69]: Fetching new weather data at 2026-07-28 19:30:00.494627
2026-07-28 19:40:00,486 [INFO] [MainThread] [root/api.py:69]: Fetching new weather data at 2026-07-28 19:40:00.486655
2026-07-28 19:50:00,481 [INFO] [MainThread] [root/api.py:69]: Fetching new weather data at 2026-07-28 19:50:00.481938
2026-07-28 20:00:00,504 [INFO] [MainThread] [root/api.py:69]: Fetching new weather data at 2026-07-28 20:00:00.504677
2026-07-28 20:10:00,477 [INFO] [MainThread] [root/api.py:69]: Fetching new weather data at 2026-07-28 20:10:00.477372
2026-07-28 20:20:00,477 [INFO] [MainThread] [root/api.py:69]: Fetching new weather data at 2026-07-28 20:20:00.477446
2026-07-28 20:30:00,474 [INFO] [MainThread] [root/api.py:69]: Fetching new weather data at 2026-07-28 20:30:00.474502
2026-07-28 20:40:00,561 [INFO] [MainThread] [root/api.py:69]: Fetching new weather data at 2026-07-28 20:40:00.561443
2026-07-28 20:50:00,495 [INFO] [MainThread] [root/api.py:69]: Fetching new weather data at 2026-07-28 20:50:00.495557
2026-07-28 21:00:04,197 [INFO] [MainThread] [root/api.py:69]: Fetching new weather data at 2026-07-28 21:00:04.197071
2026-07-28 21:10:03,764 [INFO] [MainThread] [root/api.py:69]: Fetching new weather data at 2026-07-28 21:10:03.764633
2026-07-28 21:20:03,830 [INFO] [MainThread] [root/api.py:69]: Fetching new weather data at 2026-07-28 21:20:03.830008
2026-07-28 21:30:03,791 [INFO] [MainThread] [root/api.py:69]: Fetching new weather data at 2026-07-28 21:30:03.791278
2026-07-28 21:40:03,776 [INFO] [MainThread] [root/api.py:69]: Fetching new weather data at 2026-07-28 21:40:03.776791
2026-07-28 21:50:03,756 [INFO] [MainThread] [root/api.py:69]: Fetching new weather data at 2026-07-28 21:50:03.756741
2026-07-28 22:00:03,878 [INFO] [MainThread] [root/api.py:69]: Fetching new weather data at 2026-07-28 22:00:03.878859
2026-07-28 22:10:03,794 [INFO] [MainThread] [root/api.py:69]: Fetching new weather data at 2026-07-28 22:10:03.794549
2026-07-28 22:20:06,058 [INFO] [MainThread] [root/api.py:69]: Fetching new weather data at 2026-07-28 22:20:06.058217
2026-07-28 22:30:03,756 [INFO] [MainThread] [root/api.py:69]: Fetching new weather data at 2026-07-28 22:30:03.756503
2026-07-28 22:40:03,928 [INFO] [MainThread] [root/api.py:69]: Fetching new weather data at 2026-07-28 22:40:03.928743
2026-07-28 22:50:03,762 [INFO] [MainThread] [root/api.py:69]: Fetching new weather data at 2026-07-28 22:50:03.762285
2026-07-28 23:00:04,302 [INFO] [MainThread] [root/api.py:69]: Fetching new weather data at 2026-07-28 23:00:04.301962
2026-07-28 23:10:03,758 [INFO] [MainThread] [root/api.py:69]: Fetching new weather data at 2026-07-28 23:10:03.758705
2026-07-28 23:20:03,762 [INFO] [MainThread] [root/api.py:69]: Fetching new weather data at 2026-07-28 23:20:03.762111
2026-07-28 23:30:03,797 [INFO] [MainThread] [root/api.py:69]: Fetching new weather data at 2026-07-28 23:30:03.797508
2026-07-28 23:40:03,766 [INFO] [MainThread] [root/api.py:69]: Fetching new weather data at 2026-07-28 23:40:03.766932
2026-07-28 23:50:03,763 [INFO] [MainThread] [root/api.py:69]: Fetching new weather data at 2026-07-28 23:50:03.762956
2026-07-29 00:00:03,953 [INFO] [MainThread] [root/api.py:69]: Fetching new weather data at 2026-07-29 00:00:03.953114
2026-07-29 00:10:03,788 [INFO] [MainThread] [root/api.py:69]: Fetching new weather data at 2026-07-29 00:10:03.788213
2026-07-29 00:20:03,906 [INFO] [MainThread] [root/api.py:69]: Fetching new weather data at 2026-07-29 00:20:03.906384
2026-07-29 00:30:03,765 [INFO] [MainThread] [root/api.py:69]: Fetching new weather data at 2026-07-29 00:30:03.765904
2026-07-29 00:40:03,772 [INFO] [MainThread] [root/api.py:69]: Fetching new weather data at 2026-07-29 00:40:03.772721
2026-07-29 00:50:03,763 [INFO] [MainThread] [root/api.py:69]: Fetching new weather data at 2026-07-29 00:50:03.763221
2026-07-29 01:00:04,726 [INFO] [MainThread] [root/api.py:69]: Fetching new weather data at 2026-07-29 01:00:04.726143
2026-07-29 01:10:03,936 [INFO] [MainThread] [root/api.py:69]: Fetching new weather data at 2026-07-29 01:10:03.936224
2026-07-29 01:20:03,879 [INFO] [MainThread] [root/api.py:69]: Fetching new weather data at 2026-07-29 01:20:03.879575
2026-07-29 01:30:03,761 [INFO] [MainThread] [root/api.py:69]: Fetching new weather data at 2026-07-29 01:30:03.760976
2026-07-29 01:40:03,766 [INFO] [MainThread] [root/api.py:69]: Fetching new weather data at 2026-07-29 01:40:03.766487
2026-07-29 01:50:03,763 [INFO] [MainThread] [root/api.py:69]: Fetching new weather data at 2026-07-29 01:50:03.763205
2026-07-29 02:00:03,933 [INFO] [MainThread] [root/api.py:69]: Fetching new weather data at 2026-07-29 02:00:03.933598
2026-07-29 02:10:03,793 [INFO] [MainThread] [root/api.py:69]: Fetching new weather data at 2026-07-29 02:10:03.793312
2026-07-29 02:20:03,752 [INFO] [MainThread] [root/api.py:69]: Fetching new weather data at 2026-07-29 02:20:03.752665
2026-07-29 02:30:03,767 [INFO] [MainThread] [root/api.py:69]: Fetching new weather data at 2026-07-29 02:30:03.767542
2026-07-29 02:40:03,768 [INFO] [MainThread] [root/api.py:69]: Fetching new weather data at 2026-07-29 02:40:03.768190
2026-07-29 02:50:03,907 [INFO] [MainThread] [root/api.py:69]: Fetching new weather data at 2026-07-29 02:50:03.907099
2026-07-29 03:00:03,800 [INFO] [MainThread] [root/api.py:69]: Fetching new weather data at 2026-07-29 03:00:03.800543
2026-07-29 03:10:03,755 [INFO] [MainThread] [root/api.py:69]: Fetching new weather data at 2026-07-29 03:10:03.754969
2026-07-29 03:20:03,762 [INFO] [MainThread] [root/api.py:69]: Fetching new weather data at 2026-07-29 03:20:03.762525
2026-07-29 03:30:03,754 [INFO] [MainThread] [root/api.py:69]: Fetching new weather data at 2026-07-29 03:30:03.754816
2026-07-29 03:40:03,768 [INFO] [MainThread] [root/api.py:69]: Fetching new weather data at 2026-07-29 03:40:03.768844
2026-07-29 03:50:03,751 [INFO] [MainThread] [root/api.py:69]: Fetching new weather data at 2026-07-29 03:50:03.751735
2026-07-29 04:00:03,761 [INFO] [MainThread] [root/api.py:69]: Fetching new weather data at 2026-07-29 04:00:03.761360
2026-07-29 04:10:03,760 [INFO] [MainThread] [root/api.py:69]: Fetching new weather data at 2026-07-29 04:10:03.760709
2026-07-29 04:20:03,943 [INFO] [MainThread] [root/api.py:69]: Fetching new weather data at 2026-07-29 04:20:03.943646
2026-07-29 04:30:03,754 [INFO] [MainThread] [root/api.py:69]: Fetching new weather data at 2026-07-29 04:30:03.754880
2026-07-29 04:40:03,756 [INFO] [MainThread] [root/api.py:69]: Fetching new weather data at 2026-07-29 04:40:03.756810
2026-07-29 04:50:03,749 [INFO] [MainThread] [root/api.py:69]: Fetching new weather data at 2026-07-29 04:50:03.749714
2026-07-29 05:00:03,813 [INFO] [MainThread] [root/api.py:69]: Fetching new weather data at 2026-07-29 05:00:03.813099
2026-07-29 05:10:03,763 [INFO] [MainThread] [root/api.py:69]: Fetching new weather data at 2026-07-29 05:10:03.763882
2026-07-29 05:20:03,759 [INFO] [MainThread] [root/api.py:69]: Fetching new weather data at 2026-07-29 05:20:03.759853
2026-07-29 05:30:03,766 [INFO] [MainThread] [root/api.py:69]: Fetching new weather data at 2026-07-29 05:30:03.765976
2026-07-29 05:40:03,875 [INFO] [MainThread] [root/api.py:69]: Fetching new weather data at 2026-07-29 05:40:03.874927
2026-07-29 05:50:03,759 [INFO] [MainThread] [root/api.py:69]: Fetching new weather data at 2026-07-29 05:50:03.759445
2026-07-29 06:00:03,769 [INFO] [MainThread] [root/api.py:69]: Fetching new weather data at 2026-07-29 06:00:03.769020
2026-07-29 06:02:18,243 [INFO] [MainThread] [root/bar_manager.py:119]: Stopping SystemEventListener...
2026-07-29 11:04:30,656 [INFO] [MainThread] [root/log.py:104]: YASB v2.0.5
2026-07-29 11:04:30,657 [INFO] [CLIPipeServer] [cli_server/cli_server.py:216]: CLI server started v1.1.7
2026-07-29 11:04:30,657 [INFO] [MainThread] [cli_server/cli_server.py:106]: Log pipe server started
2026-07-29 11:04:31,146 [INFO] [MainThread] [root/service.py:52]: AudioOutputService starting...
2026-07-29 11:04:31,438 [INFO] [MainThread] [root/bar_manager.py:103]: Starting SystemEventListener...
2026-07-29 11:04:31,440 [INFO] [MainThread] [root/watcher.py:65]: Watching directory: c:\users\erick\.config\yasb
2026-07-29 11:04:31,441 [INFO] [MainThread] [root/watcher.py:104]: Created file watcher
2026-07-29 11:04:31,514 [INFO] [MainThread] [root/update_service.py:434]: Background update checker started
2026-07-29 11:04:32,086 [INFO] [MainThread] [root/api.py:69]: Fetching new weather data at 2026-07-29 11:04:32.086018
Windows fatal exception: code 0x8001010d

Thread 0x000004b0 [SystemEventListener] (most recent call first):
  File "D:\a\yasb\yasb\src\core\utils\win32\event_listener.py", line 69 in run

Thread 0x00004c1c [Thread-5] (most recent call first):
  File "C:\hostedtoolcache\windows\Python\3.14.6\x64\Lib\threading.py", line 369 in wait
  File "C:\hostedtoolcache\windows\Python\3.14.6\x64\Lib\queue.py", line 199 in get
  File "D:\a\yasb\yasb\venv\Lib\site-packages\watchdog\observers\api.py", line 379 in dispatch_events
  File "D:\a\yasb\yasb\venv\Lib\site-packages\watchdog\observers\api.py", line 213 in run
  File "C:\hostedtoolcache\windows\Python\3.14.6\x64\Lib\threading.py", line 1082 in _bootstrap_inner
  File "C:\hostedtoolcache\windows\Python\3.14.6\x64\Lib\threading.py", line 1044 in _bootstrap

Thread 0x00004c08 [Thread-6] (most recent call first):
  File "D:\a\yasb\yasb\venv\Lib\site-packages\watchdog\observers\winapi.py", line 326 in read_directory_changes
  File "D:\a\yasb\yasb\venv\Lib\site-packages\watchdog\observers\winapi.py", line 380 in read_events
  File "D:\a\yasb\yasb\venv\Lib\site-packages\watchdog\observers\read_directory_changes.py", line 67 in _read_events
  File "D:\a\yasb\yasb\venv\Lib\site-packages\watchdog\observers\read_directory_changes.py", line 70 in queue_events
  File "D:\a\yasb\yasb\venv\Lib\site-packages\watchdog\observers\api.py", line 158 in run
  File "C:\hostedtoolcache\windows\Python\3.14.6\x64\Lib\threading.py", line 1082 in _bootstrap_inner
  File "C:\hostedtoolcache\windows\Python\3.14.6\x64\Lib\threading.py", line 1044 in _bootstrap

Thread 0x00004fdc [WiFiWorker] (most recent call first):
  File "D:\a\yasb\yasb\src\core\widgets\services\wifi\wifi_managers.py", line 151 in run

Thread 0x00004f4c [MemoryWorker] (most recent call first):
  File "D:\a\yasb\yasb\src\core\widgets\services\memory\memory_api.py", line 244 in run

Thread 0x00004e50 [_EventWorker] (most recent call first):
  File "D:\a\yasb\yasb\venv\Lib\site-packages\qasync\_windows.py", line 147 in _poll
  File "D:\a\yasb\yasb\venv\Lib\site-packages\qasync\_windows.py", line 72 in select
  File "D:\a\yasb\yasb\venv\Lib\site-packages\qasync\_windows.py", line 199 in run

Thread 0x00004df0 [LogPipeServer] (most recent call first):
  File "D:\a\yasb\yasb\src\core\utils\win32\bindings\kernel32.py", line 288 in ConnectNamedPipe
  File "D:\a\yasb\yasb\src\core\utils\cli_server.py", line 138 in _run_server
  File "C:\hostedtoolcache\windows\Python\3.14.6\x64\Lib\threading.py", line 1024 in run
  File "C:\hostedtoolcache\windows\Python\3.14.6\x64\Lib\threading.py", line 1082 in _bootstrap_inner
  File "C:\hostedtoolcache\windows\Python\3.14.6\x64\Lib\threading.py", line 1044 in _bootstrap

Thread 0x00004df4 [CLIPipeServer] (most recent call first):
  File "D:\a\yasb\yasb\src\core\utils\win32\bindings\kernel32.py", line 288 in ConnectNamedPipe
  File "D:\a\yasb\yasb\src\core\utils\cli_server.py", line 235 in _run_server
  File "C:\hostedtoolcache\windows\Python\3.14.6\x64\Lib\threading.py", line 1024 in run
  File "C:\hostedtoolcache\windows\Python\3.14.6\x64\Lib\threading.py", line 1082 in _bootstrap_inner
  File "C:\hostedtoolcache\windows\Python\3.14.6\x64\Lib\threading.py", line 1044 in _bootstrap

Current thread 0x00004cbc (most recent call first):
  File "D:\a\yasb\yasb\venv\Lib\site-packages\qasync\__init__.py", line 404 in run_forever
  File "D:\a\yasb\yasb\venv\Lib\site-packages\qasync\__init__.py", line 428 in run_until_complete
  File "main.py", line 100 in main
  File "main.py", line 203 in <module>
  File "D:\a\yasb\yasb\venv\Lib\site-packages\freeze_core\initscripts\console.py", line 27 in run
  File "D:\a\yasb\yasb\venv\Lib\site-packages\freeze_core\initscripts\__startup__.py", line 137 in run

Current thread's C stack trace (most recent call first):
  <cannot get C stack on this system>
2026-07-29 11:14:31,290 [INFO] [MainThread] [root/api.py:69]: Fetching new weather data at 2026-07-29 11:14:31.289965
2026-07-29 11:24:31,295 [INFO] [MainThread] [root/api.py:69]: Fetching new weather data at 2026-07-29 11:24:31.295634
2026-07-29 11:34:31,334 [INFO] [MainThread] [root/api.py:69]: Fetching new weather data at 2026-07-29 11:34:31.334865
2026-07-29 11:44:31,296 [INFO] [MainThread] [root/api.py:69]: Fetching new weather data at 2026-07-29 11:44:31.296352
2026-07-29 11:54:31,286 [INFO] [MainThread] [root/api.py:69]: Fetching new weather data at 2026-07-29 11:54:31.286692
2026-07-29 12:04:31,306 [INFO] [MainThread] [root/api.py:69]: Fetching new weather data at 2026-07-29 12:04:31.306173
2026-07-29 12:14:31,311 [INFO] [MainThread] [root/api.py:69]: Fetching new weather data at 2026-07-29 12:14:31.311029
2026-07-29 12:24:31,304 [INFO] [MainThread] [root/api.py:69]: Fetching new weather data at 2026-07-29 12:24:31.304550
2026-07-29 12:34:31,326 [INFO] [MainThread] [root/api.py:69]: Fetching new weather data at 2026-07-29 12:34:31.326221
2026-07-29 12:44:31,358 [INFO] [MainThread] [root/api.py:69]: Fetching new weather data at 2026-07-29 12:44:31.358022
2026-07-29 12:54:31,290 [INFO] [MainThread] [root/api.py:69]: Fetching new weather data at 2026-07-29 12:54:31.290690
2026-07-29 13:04:31,292 [INFO] [MainThread] [root/api.py:69]: Fetching new weather data at 2026-07-29 13:04:31.292528
2026-07-29 13:14:31,313 [INFO] [MainThread] [root/api.py:69]: Fetching new weather data at 2026-07-29 13:14:31.313171
2026-07-29 13:24:31,294 [INFO] [MainThread] [root/api.py:69]: Fetching new weather data at 2026-07-29 13:24:31.294713
2026-07-29 13:34:31,286 [INFO] [MainThread] [root/api.py:69]: Fetching new weather data at 2026-07-29 13:34:31.286659
2026-07-29 13:44:31,285 [INFO] [MainThread] [root/api.py:69]: Fetching new weather data at 2026-07-29 13:44:31.285565
2026-07-29 13:54:31,289 [INFO] [MainThread] [root/api.py:69]: Fetching new weather data at 2026-07-29 13:54:31.289391
2026-07-29 14:04:31,291 [INFO] [MainThread] [root/api.py:69]: Fetching new weather data at 2026-07-29 14:04:31.291352
2026-07-29 14:14:31,301 [INFO] [MainThread] [root/api.py:69]: Fetching new weather data at 2026-07-29 14:14:31.301116
2026-07-29 14:24:31,308 [INFO] [MainThread] [root/api.py:69]: Fetching new weather data at 2026-07-29 14:24:31.308680
2026-07-29 14:34:31,295 [INFO] [MainThread] [root/api.py:69]: Fetching new weather data at 2026-07-29 14:34:31.295669
2026-07-29 14:44:31,303 [INFO] [MainThread] [root/api.py:69]: Fetching new weather data at 2026-07-29 14:44:31.303825
2026-07-29 14:54:31,438 [INFO] [MainThread] [root/api.py:69]: Fetching new weather data at 2026-07-29 14:54:31.438434
2026-07-29 15:04:31,296 [INFO] [MainThread] [root/api.py:69]: Fetching new weather data at 2026-07-29 15:04:31.296360
2026-07-29 15:14:31,283 [INFO] [MainThread] [root/api.py:69]: Fetching new weather data at 2026-07-29 15:14:31.283239
2026-07-29 15:24:31,286 [INFO] [MainThread] [root/api.py:69]: Fetching new weather data at 2026-07-29 15:24:31.286794
2026-07-29 15:34:31,286 [INFO] [MainThread] [root/api.py:69]: Fetching new weather data at 2026-07-29 15:34:31.286460
2026-07-29 15:44:31,289 [INFO] [MainThread] [root/api.py:69]: Fetching new weather data at 2026-07-29 15:44:31.289744
2026-07-29 15:54:31,302 [INFO] [MainThread] [root/api.py:69]: Fetching new weather data at 2026-07-29 15:54:31.302146
2026-07-29 16:04:31,359 [INFO] [MainThread] [root/api.py:69]: Fetching new weather data at 2026-07-29 16:04:31.359646
2026-07-29 16:14:31,379 [INFO] [MainThread] [root/api.py:69]: Fetching new weather data at 2026-07-29 16:14:31.379410
2026-07-29 16:24:32,615 [INFO] [MainThread] [root/api.py:69]: Fetching new weather data at 2026-07-29 16:24:32.615114
2026-07-29 16:34:32,619 [INFO] [MainThread] [root/api.py:69]: Fetching new weather data at 2026-07-29 16:34:32.619841
2026-07-29 16:44:32,650 [INFO] [MainThread] [root/api.py:69]: Fetching new weather data at 2026-07-29 16:44:32.650845
2026-07-29 16:54:32,615 [INFO] [MainThread] [root/api.py:69]: Fetching new weather data at 2026-07-29 16:54:32.615519
2026-07-29 17:04:32,615 [INFO] [MainThread] [root/api.py:69]: Fetching new weather data at 2026-07-29 17:04:32.615774
2026-07-29 17:14:32,614 [INFO] [MainThread] [root/api.py:69]: Fetching new weather data at 2026-07-29 17:14:32.614068
2026-07-29 17:24:32,619 [INFO] [MainThread] [root/api.py:69]: Fetching new weather data at 2026-07-29 17:24:32.619781
2026-07-29 17:34:32,751 [INFO] [MainThread] [root/api.py:69]: Fetching new weather data at 2026-07-29 17:34:32.751754
2026-07-29 17:44:32,606 [INFO] [MainThread] [root/api.py:69]: Fetching new weather data at 2026-07-29 17:44:32.606839
2026-07-29 17:54:32,607 [INFO] [MainThread] [root/api.py:69]: Fetching new weather data at 2026-07-29 17:54:32.607914
2026-07-29 18:04:32,621 [INFO] [MainThread] [root/api.py:69]: Fetching new weather data at 2026-07-29 18:04:32.621347
2026-07-29 18:14:32,640 [INFO] [MainThread] [root/api.py:69]: Fetching new weather data at 2026-07-29 18:14:32.640053
2026-07-29 18:24:32,613 [INFO] [MainThread] [root/api.py:69]: Fetching new weather data at 2026-07-29 18:24:32.613290
2026-07-29 18:34:32,606 [INFO] [MainThread] [root/api.py:69]: Fetching new weather data at 2026-07-29 18:34:32.606482
2026-07-29 18:44:32,617 [INFO] [MainThread] [root/api.py:69]: Fetching new weather data at 2026-07-29 18:44:32.617700
2026-07-29 18:54:32,617 [INFO] [MainThread] [root/api.py:69]: Fetching new weather data at 2026-07-29 18:54:32.617425
2026-07-29 19:04:32,614 [INFO] [MainThread] [root/api.py:69]: Fetching new weather data at 2026-07-29 19:04:32.614290
2026-07-29 19:14:32,623 [INFO] [MainThread] [root/api.py:69]: Fetching new weather data at 2026-07-29 19:14:32.623424
2026-07-29 19:24:32,625 [INFO] [MainThread] [root/api.py:69]: Fetching new weather data at 2026-07-29 19:24:32.625658
2026-07-29 19:34:32,603 [INFO] [MainThread] [root/api.py:69]: Fetching new weather data at 2026-07-29 19:34:32.603324
2026-07-29 19:44:32,615 [INFO] [MainThread] [root/api.py:69]: Fetching new weather data at 2026-07-29 19:44:32.615200
2026-07-29 19:54:32,614 [INFO] [MainThread] [root/api.py:69]: Fetching new weather data at 2026-07-29 19:54:32.614117
2026-07-29 20:04:32,639 [INFO] [MainThread] [root/api.py:69]: Fetching new weather data at 2026-07-29 20:04:32.639537
2026-07-29 20:14:32,754 [INFO] [MainThread] [root/api.py:69]: Fetching new weather data at 2026-07-29 20:14:32.754443
2026-07-29 20:24:32,607 [INFO] [MainThread] [root/api.py:69]: Fetching new weather data at 2026-07-29 20:24:32.607575
2026-07-29 20:34:32,965 [INFO] [MainThread] [root/api.py:69]: Fetching new weather data at 2026-07-29 20:34:32.965264
2026-07-29 20:44:32,621 [INFO] [MainThread] [root/api.py:69]: Fetching new weather data at 2026-07-29 20:44:32.620865
2026-07-29 20:54:32,626 [INFO] [MainThread] [root/api.py:69]: Fetching new weather data at 2026-07-29 20:54:32.626892
2026-07-29 21:04:32,685 [INFO] [MainThread] [root/api.py:69]: Fetching new weather data at 2026-07-29 21:04:32.685736
2026-07-29 21:14:32,644 [INFO] [MainThread] [root/api.py:69]: Fetching new weather data at 2026-07-29 21:14:32.644676
2026-07-29 21:24:32,635 [INFO] [MainThread] [root/api.py:69]: Fetching new weather data at 2026-07-29 21:24:32.635576
2026-07-29 21:34:32,685 [INFO] [MainThread] [root/api.py:69]: Fetching new weather data at 2026-07-29 21:34:32.685536
2026-07-29 21:44:32,620 [INFO] [MainThread] [root/api.py:69]: Fetching new weather data at 2026-07-29 21:44:32.620642
2026-07-29 21:54:32,625 [INFO] [MainThread] [root/api.py:69]: Fetching new weather data at 2026-07-29 21:54:32.625762
2026-07-29 22:04:32,617 [INFO] [MainThread] [root/api.py:69]: Fetching new weather data at 2026-07-29 22:04:32.617429
2026-07-29 22:14:32,618 [INFO] [MainThread] [root/api.py:69]: Fetching new weather data at 2026-07-29 22:14:32.618623
2026-07-29 22:24:32,653 [INFO] [MainThread] [root/api.py:69]: Fetching new weather data at 2026-07-29 22:24:32.653170
2026-07-29 22:34:32,638 [INFO] [MainThread] [root/api.py:69]: Fetching new weather data at 2026-07-29 22:34:32.638453
2026-07-29 22:44:32,629 [INFO] [MainThread] [root/api.py:69]: Fetching new weather data at 2026-07-29 22:44:32.629553
2026-07-29 22:54:32,616 [INFO] [MainThread] [root/api.py:69]: Fetching new weather data at 2026-07-29 22:54:32.615897
2026-07-29 23:04:32,623 [INFO] [MainThread] [root/api.py:69]: Fetching new weather data at 2026-07-29 23:04:32.623618
2026-07-29 23:14:32,659 [INFO] [MainThread] [root/api.py:69]: Fetching new weather data at 2026-07-29 23:14:32.659770
2026-07-29 23:24:32,673 [INFO] [MainThread] [root/api.py:69]: Fetching new weather data at 2026-07-29 23:24:32.673088
2026-07-29 23:34:32,622 [INFO] [MainThread] [root/api.py:69]: Fetching new weather data at 2026-07-29 23:34:32.622833
2026-07-29 23:44:32,615 [INFO] [MainThread] [root/api.py:69]: Fetching new weather data at 2026-07-29 23:44:32.615054
2026-07-29 23:54:32,614 [INFO] [MainThread] [root/api.py:69]: Fetching new weather data at 2026-07-29 23:54:32.614857
2026-07-30 00:04:32,621 [INFO] [MainThread] [root/api.py:69]: Fetching new weather data at 2026-07-30 00:04:32.621022
2026-07-30 00:14:32,615 [INFO] [MainThread] [root/api.py:69]: Fetching new weather data at 2026-07-30 00:14:32.615734
2026-07-30 00:24:32,607 [INFO] [MainThread] [root/api.py:69]: Fetching new weather data at 2026-07-30 00:24:32.607520
2026-07-30 00:34:32,664 [INFO] [MainThread] [root/api.py:69]: Fetching new weather data at 2026-07-30 00:34:32.664094
2026-07-30 00:44:32,617 [INFO] [MainThread] [root/api.py:69]: Fetching new weather data at 2026-07-30 00:44:32.617317
2026-07-30 00:54:32,616 [INFO] [MainThread] [root/api.py:69]: Fetching new weather data at 2026-07-30 00:54:32.616489
2026-07-30 01:04:32,614 [INFO] [MainThread] [root/api.py:69]: Fetching new weather data at 2026-07-30 01:04:32.614733
2026-07-30 01:14:32,610 [INFO] [MainThread] [root/api.py:69]: Fetching new weather data at 2026-07-30 01:14:32.610776
2026-07-30 01:24:32,614 [INFO] [MainThread] [root/api.py:69]: Fetching new weather data at 2026-07-30 01:24:32.614560
2026-07-30 01:34:32,604 [INFO] [MainThread] [root/api.py:69]: Fetching new weather data at 2026-07-30 01:34:32.604516
2026-07-30 01:44:32,617 [INFO] [MainThread] [root/api.py:69]: Fetching new weather data at 2026-07-30 01:44:32.617076
2026-07-30 01:54:32,613 [INFO] [MainThread] [root/api.py:69]: Fetching new weather data at 2026-07-30 01:54:32.613617
2026-07-30 02:04:32,796 [INFO] [MainThread] [root/api.py:69]: Fetching new weather data at 2026-07-30 02:04:32.796757
2026-07-30 02:14:32,620 [INFO] [MainThread] [root/api.py:69]: Fetching new weather data at 2026-07-30 02:14:32.620332
2026-07-30 02:24:32,623 [INFO] [MainThread] [root/api.py:69]: Fetching new weather data at 2026-07-30 02:24:32.623699
2026-07-30 02:34:32,614 [INFO] [MainThread] [root/api.py:69]: Fetching new weather data at 2026-07-30 02:34:32.614144
2026-07-30 02:44:32,609 [INFO] [MainThread] [root/api.py:69]: Fetching new weather data at 2026-07-30 02:44:32.609798
2026-07-30 02:54:32,611 [INFO] [MainThread] [root/api.py:69]: Fetching new weather data at 2026-07-30 02:54:32.611313
2026-07-30 03:04:32,650 [INFO] [MainThread] [root/api.py:69]: Fetching new weather data at 2026-07-30 03:04:32.650926
2026-07-30 03:14:32,615 [INFO] [MainThread] [root/api.py:69]: Fetching new weather data at 2026-07-30 03:14:32.615356
2026-07-30 03:24:32,612 [INFO] [MainThread] [root/api.py:69]: Fetching new weather data at 2026-07-30 03:24:32.612678
2026-07-30 03:34:32,612 [INFO] [MainThread] [root/api.py:69]: Fetching new weather data at 2026-07-30 03:34:32.612810
2026-07-30 03:44:32,632 [INFO] [MainThread] [root/api.py:69]: Fetching new weather data at 2026-07-30 03:44:32.632506
2026-07-30 03:54:32,612 [INFO] [MainThread] [root/api.py:69]: Fetching new weather data at 2026-07-30 03:54:32.612632
2026-07-30 04:03:07,216 [INFO] [MainThread] [root/controller.py:43]: Exiting Application...
2026-07-30 04:03:07,329 [INFO] [MainThread] [cli_server/cli_server.py:114]: Log pipe server stopped
2026-07-30 04:03:07,655 [INFO] [MainThread] [root/bar_manager.py:119]: Stopping SystemEventListener...
2026-07-30 11:06:43,025 [INFO] [MainThread] [root/log.py:104]: YASB v2.0.5
2026-07-30 11:06:43,026 [INFO] [CLIPipeServer] [cli_server/cli_server.py:216]: CLI server started v1.1.7
2026-07-30 11:06:43,027 [INFO] [MainThread] [cli_server/cli_server.py:106]: Log pipe server started
2026-07-30 11:06:43,455 [INFO] [MainThread] [root/service.py:52]: AudioOutputService starting...
2026-07-30 11:06:43,689 [INFO] [MainThread] [root/bar_manager.py:103]: Starting SystemEventListener...
2026-07-30 11:06:43,691 [INFO] [MainThread] [root/watcher.py:65]: Watching directory: c:\users\erick\.config\yasb
2026-07-30 11:06:43,691 [INFO] [MainThread] [root/watcher.py:104]: Created file watcher
2026-07-30 11:06:43,722 [INFO] [MainThread] [root/update_service.py:434]: Background update checker started
2026-07-30 11:06:44,386 [INFO] [MainThread] [root/api.py:69]: Fetching new weather data at 2026-07-30 11:06:44.386934
Windows fatal exception: code 0x8001010d

Thread 0x000019ac [Thread-5] (most recent call first):
  File "C:\hostedtoolcache\windows\Python\3.14.6\x64\Lib\threading.py", line 369 in wait
  File "C:\hostedtoolcache\windows\Python\3.14.6\x64\Lib\queue.py", line 199 in get
  File "D:\a\yasb\yasb\venv\Lib\site-packages\watchdog\observers\api.py", line 379 in dispatch_events
  File "D:\a\yasb\yasb\venv\Lib\site-packages\watchdog\observers\api.py", line 213 in run
  File "C:\hostedtoolcache\windows\Python\3.14.6\x64\Lib\threading.py", line 1082 in _bootstrap_inner
  File "C:\hostedtoolcache\windows\Python\3.14.6\x64\Lib\threading.py", line 1044 in _bootstrap

Thread 0x0000177c [Thread-6] (most recent call first):
  File "D:\a\yasb\yasb\venv\Lib\site-packages\watchdog\observers\winapi.py", line 326 in read_directory_changes
  File "D:\a\yasb\yasb\venv\Lib\site-packages\watchdog\observers\winapi.py", line 380 in read_events
  File "D:\a\yasb\yasb\venv\Lib\site-packages\watchdog\observers\read_directory_changes.py", line 67 in _read_events
  File "D:\a\yasb\yasb\venv\Lib\site-packages\watchdog\observers\read_directory_changes.py", line 70 in queue_events
  File "D:\a\yasb\yasb\venv\Lib\site-packages\watchdog\observers\api.py", line 158 in run
  File "C:\hostedtoolcache\windows\Python\3.14.6\x64\Lib\threading.py", line 1082 in _bootstrap_inner
  File "C:\hostedtoolcache\windows\Python\3.14.6\x64\Lib\threading.py", line 1044 in _bootstrap

Thread 0x000012d8 [SystemEventListener] (most recent call first):
  File "D:\a\yasb\yasb\src\core\utils\win32\event_listener.py", line 69 in run

Thread 0x00000b10 [WiFiWorker] (most recent call first):
  File "D:\a\yasb\yasb\src\core\widgets\services\wifi\wifi_managers.py", line 151 in run

Thread 0x00002f58 [MemoryWorker] (most recent call first):
  File "D:\a\yasb\yasb\src\core\widgets\services\memory\memory_api.py", line 244 in run

Thread 0x00003ae0 [_EventWorker] (most recent call first):
  File "D:\a\yasb\yasb\venv\Lib\site-packages\qasync\_windows.py", line 147 in _poll
  File "D:\a\yasb\yasb\venv\Lib\site-packages\qasync\_windows.py", line 72 in select
  File "D:\a\yasb\yasb\venv\Lib\site-packages\qasync\_windows.py", line 199 in run

Thread 0x000044c8 [LogPipeServer] (most recent call first):
  File "D:\a\yasb\yasb\src\core\utils\win32\bindings\kernel32.py", line 288 in ConnectNamedPipe
  File "D:\a\yasb\yasb\src\core\utils\cli_server.py", line 138 in _run_server
  File "C:\hostedtoolcache\windows\Python\3.14.6\x64\Lib\threading.py", line 1024 in run
  File "C:\hostedtoolcache\windows\Python\3.14.6\x64\Lib\threading.py", line 1082 in _bootstrap_inner
  File "C:\hostedtoolcache\windows\Python\3.14.6\x64\Lib\threading.py", line 1044 in _bootstrap

Thread 0x00005628 [CLIPipeServer] (most recent call first):
  File "D:\a\yasb\yasb\src\core\utils\win32\bindings\kernel32.py", line 288 in ConnectNamedPipe
  File "D:\a\yasb\yasb\src\core\utils\cli_server.py", line 235 in _run_server
  File "C:\hostedtoolcache\windows\Python\3.14.6\x64\Lib\threading.py", line 1024 in run
  File "C:\hostedtoolcache\windows\Python\3.14.6\x64\Lib\threading.py", line 1082 in _bootstrap_inner
  File "C:\hostedtoolcache\windows\Python\3.14.6\x64\Lib\threading.py", line 1044 in _bootstrap

Current thread 0x000006b0 (most recent call first):
  File "D:\a\yasb\yasb\venv\Lib\site-packages\qasync\__init__.py", line 404 in run_forever
  File "D:\a\yasb\yasb\venv\Lib\site-packages\qasync\__init__.py", line 428 in run_until_complete
  File "main.py", line 100 in main
  File "main.py", line 203 in <module>
  File "D:\a\yasb\yasb\venv\Lib\site-packages\freeze_core\initscripts\console.py", line 27 in run
  File "D:\a\yasb\yasb\venv\Lib\site-packages\freeze_core\initscripts\__startup__.py", line 137 in run

Current thread's C stack trace (most recent call first):
  <cannot get C stack on this system>
2026-07-30 11:16:43,585 [INFO] [MainThread] [root/api.py:69]: Fetching new weather data at 2026-07-30 11:16:43.585374
2026-07-30 11:26:43,588 [INFO] [MainThread] [root/api.py:69]: Fetching new weather data at 2026-07-30 11:26:43.588740
2026-07-30 11:36:43,880 [INFO] [MainThread] [root/api.py:69]: Fetching new weather data at 2026-07-30 11:36:43.880916
2026-07-30 11:46:43,613 [INFO] [MainThread] [root/api.py:69]: Fetching new weather data at 2026-07-30 11:46:43.613716
2026-07-30 11:56:43,679 [INFO] [MainThread] [root/api.py:69]: Fetching new weather data at 2026-07-30 11:56:43.679419
2026-07-30 12:06:43,585 [INFO] [MainThread] [root/api.py:69]: Fetching new weather data at 2026-07-30 12:06:43.585032
2026-07-30 12:16:43,585 [INFO] [MainThread] [root/api.py:69]: Fetching new weather data at 2026-07-30 12:16:43.585829
2026-07-30 12:26:43,592 [INFO] [MainThread] [root/api.py:69]: Fetching new weather data at 2026-07-30 12:26:43.592310
2026-07-30 12:36:43,597 [INFO] [MainThread] [root/api.py:69]: Fetching new weather data at 2026-07-30 12:36:43.597593
2026-07-30 12:46:43,971 [INFO] [MainThread] [root/api.py:69]: Fetching new weather data at 2026-07-30 12:46:43.971787
2026-07-30 12:56:43,594 [INFO] [MainThread] [root/api.py:69]: Fetching new weather data at 2026-07-30 12:56:43.594209
2026-07-30 13:06:43,589 [INFO] [MainThread] [root/api.py:69]: Fetching new weather data at 2026-07-30 13:06:43.589470
2026-07-30 13:16:43,735 [INFO] [MainThread] [root/api.py:69]: Fetching new weather data at 2026-07-30 13:16:43.735422
2026-07-30 13:26:43,589 [INFO] [MainThread] [root/api.py:69]: Fetching new weather data at 2026-07-30 13:26:43.589553
2026-07-30 13:36:43,590 [INFO] [MainThread] [root/api.py:69]: Fetching new weather data at 2026-07-30 13:36:43.590458
2026-07-30 13:46:43,601 [INFO] [MainThread] [root/api.py:69]: Fetching new weather data at 2026-07-30 13:46:43.601494
2026-07-30 13:56:43,588 [INFO] [MainThread] [root/api.py:69]: Fetching new weather data at 2026-07-30 13:56:43.588900
2026-07-30 14:06:43,587 [INFO] [MainThread] [root/api.py:69]: Fetching new weather data at 2026-07-30 14:06:43.587672
2026-07-30 14:16:43,577 [INFO] [MainThread] [root/api.py:69]: Fetching new weather data at 2026-07-30 14:16:43.577230
2026-07-30 14:26:43,575 [INFO] [MainThread] [root/api.py:69]: Fetching new weather data at 2026-07-30 14:26:43.575784
2026-07-30 14:36:43,588 [INFO] [MainThread] [root/api.py:69]: Fetching new weather data at 2026-07-30 14:36:43.588418
2026-07-30 14:46:43,578 [INFO] [MainThread] [root/api.py:69]: Fetching new weather data at 2026-07-30 14:46:43.578358
2026-07-30 14:56:43,586 [INFO] [MainThread] [root/api.py:69]: Fetching new weather data at 2026-07-30 14:56:43.586133
2026-07-30 15:06:43,579 [INFO] [MainThread] [root/api.py:69]: Fetching new weather data at 2026-07-30 15:06:43.579517
2026-07-30 15:16:43,591 [INFO] [MainThread] [root/api.py:69]: Fetching new weather data at 2026-07-30 15:16:43.591117
2026-07-30 15:26:43,589 [INFO] [MainThread] [root/api.py:69]: Fetching new weather data at 2026-07-30 15:26:43.589722
2026-07-30 15:36:43,578 [INFO] [MainThread] [root/api.py:69]: Fetching new weather data at 2026-07-30 15:36:43.578176
2026-07-30 15:46:43,576 [INFO] [MainThread] [root/api.py:69]: Fetching new weather data at 2026-07-30 15:46:43.576941
2026-07-30 15:56:44,038 [INFO] [MainThread] [root/api.py:69]: Fetching new weather data at 2026-07-30 15:56:44.037970
2026-07-30 16:06:43,596 [INFO] [MainThread] [root/api.py:69]: Fetching new weather data at 2026-07-30 16:06:43.596458
2026-07-30 16:16:43,590 [INFO] [MainThread] [root/api.py:69]: Fetching new weather data at 2026-07-30 16:16:43.590325
2026-07-30 16:26:43,590 [INFO] [MainThread] [root/api.py:69]: Fetching new weather data at 2026-07-30 16:26:43.590553
2026-07-30 16:36:43,588 [INFO] [MainThread] [root/api.py:69]: Fetching new weather data at 2026-07-30 16:36:43.588217
2026-07-30 16:46:43,577 [INFO] [MainThread] [root/api.py:69]: Fetching new weather data at 2026-07-30 16:46:43.577061
2026-07-30 16:56:43,595 [INFO] [MainThread] [root/api.py:69]: Fetching new weather data at 2026-07-30 16:56:43.595890
2026-07-30 17:06:43,595 [INFO] [MainThread] [root/api.py:69]: Fetching new weather data at 2026-07-30 17:06:43.595548
2026-07-30 17:16:43,586 [INFO] [MainThread] [root/api.py:69]: Fetching new weather data at 2026-07-30 17:16:43.586890
2026-07-30 17:26:45,167 [INFO] [MainThread] [root/api.py:69]: Fetching new weather data at 2026-07-30 17:26:45.167176
2026-07-30 17:36:45,142 [INFO] [MainThread] [root/api.py:69]: Fetching new weather data at 2026-07-30 17:36:45.142408
2026-07-30 17:46:45,151 [INFO] [MainThread] [root/api.py:69]: Fetching new weather data at 2026-07-30 17:46:45.151164
2026-07-30 17:56:45,158 [INFO] [MainThread] [root/api.py:69]: Fetching new weather data at 2026-07-30 17:56:45.158092
2026-07-30 18:06:45,140 [INFO] [MainThread] [root/api.py:69]: Fetching new weather data at 2026-07-30 18:06:45.140323
2026-07-30 18:16:45,136 [INFO] [MainThread] [root/api.py:69]: Fetching new weather data at 2026-07-30 18:16:45.136458
2026-07-30 18:26:45,143 [INFO] [MainThread] [root/api.py:69]: Fetching new weather data at 2026-07-30 18:26:45.143391
Windows fatal exception: code 0x800706f7

Thread 0x000019ac [Thread-5] (most recent call first):
  File "C:\hostedtoolcache\windows\Python\3.14.6\x64\Lib\threading.py", line 369 in wait
  File "C:\hostedtoolcache\windows\Python\3.14.6\x64\Lib\queue.py", line 199 in get
  File "D:\a\yasb\yasb\venv\Lib\site-packages\watchdog\observers\api.py", line 379 in dispatch_events
  File "D:\a\yasb\yasb\venv\Lib\site-packages\watchdog\observers\api.py", line 213 in run
  File "C:\hostedtoolcache\windows\Python\3.14.6\x64\Lib\threading.py", line 1082 in _bootstrap_inner
  File "C:\hostedtoolcache\windows\Python\3.14.6\x64\Lib\threading.py", line 1044 in _bootstrap

Thread 0x0000177c [Thread-6] (most recent call first):
  File "D:\a\yasb\yasb\venv\Lib\site-packages\watchdog\observers\winapi.py", line 326 in read_directory_changes
  File "D:\a\yasb\yasb\venv\Lib\site-packages\watchdog\observers\winapi.py", line 380 in read_events
  File "D:\a\yasb\yasb\venv\Lib\site-packages\watchdog\observers\read_directory_changes.py", line 67 in _read_events
  File "D:\a\yasb\yasb\venv\Lib\site-packages\watchdog\observers\read_directory_changes.py", line 70 in queue_events
  File "D:\a\yasb\yasb\venv\Lib\site-packages\watchdog\observers\api.py", line 158 in run
  File "C:\hostedtoolcache\windows\Python\3.14.6\x64\Lib\threading.py", line 1082 in _bootstrap_inner
  File "C:\hostedtoolcache\windows\Python\3.14.6\x64\Lib\threading.py", line 1044 in _bootstrap

Thread 0x000012d8 [SystemEventListener] (most recent call first):
  File "D:\a\yasb\yasb\src\core\utils\win32\event_listener.py", line 69 in run

Thread 0x00000b10 [WiFiWorker] (most recent call first):
  File "D:\a\yasb\yasb\src\core\widgets\services\wifi\wifi_managers.py", line 151 in run

Thread 0x00002f58 [MemoryWorker] (most recent call first):
  File "D:\a\yasb\yasb\src\core\widgets\services\memory\memory_api.py", line 244 in run

Thread 0x00003ae0 [_EventWorker] (most recent call first):
  File "D:\a\yasb\yasb\venv\Lib\site-packages\qasync\_windows.py", line 147 in _poll
  File "D:\a\yasb\yasb\venv\Lib\site-packages\qasync\_windows.py", line 72 in select
  File "D:\a\yasb\yasb\venv\Lib\site-packages\qasync\_windows.py", line 199 in run

Thread 0x000044c8 [LogPipeServer] (most recent call first):
  File "D:\a\yasb\yasb\src\core\utils\win32\bindings\kernel32.py", line 288 in ConnectNamedPipe
  File "D:\a\yasb\yasb\src\core\utils\cli_server.py", line 138 in _run_server
  File "C:\hostedtoolcache\windows\Python\3.14.6\x64\Lib\threading.py", line 1024 in run
  File "C:\hostedtoolcache\windows\Python\3.14.6\x64\Lib\threading.py", line 1082 in _bootstrap_inner
  File "C:\hostedtoolcache\windows\Python\3.14.6\x64\Lib\threading.py", line 1044 in _bootstrap

Thread 0x00005628 [CLIPipeServer] (most recent call first):
  File "D:\a\yasb\yasb\src\core\utils\win32\bindings\kernel32.py", line 288 in ConnectNamedPipe
  File "D:\a\yasb\yasb\src\core\utils\cli_server.py", line 235 in _run_server
  File "C:\hostedtoolcache\windows\Python\3.14.6\x64\Lib\threading.py", line 1024 in run
  File "C:\hostedtoolcache\windows\Python\3.14.6\x64\Lib\threading.py", line 1082 in _bootstrap_inner
  File "C:\hostedtoolcache\windows\Python\3.14.6\x64\Lib\threading.py", line 1044 in _bootstrap

Current thread 0x000006b0 (most recent call first):
  File "D:\a\yasb\yasb\src\core\widgets\yasb\active_window.py", line 337 in _update_window_title
  File "D:\a\yasb\yasb\src\core\widgets\yasb\active_window.py", line 237 in _on_focus_change_event
  File "D:\a\yasb\yasb\venv\Lib\site-packages\qasync\__init__.py", line 404 in run_forever
  File "D:\a\yasb\yasb\venv\Lib\site-packages\qasync\__init__.py", line 428 in run_until_complete
  File "main.py", line 100 in main
  File "main.py", line 203 in <module>
  File "D:\a\yasb\yasb\venv\Lib\site-packages\freeze_core\initscripts\console.py", line 27 in run
  File "D:\a\yasb\yasb\venv\Lib\site-packages\freeze_core\initscripts\__startup__.py", line 137 in run

Current thread's C stack trace (most recent call first):
  <cannot get C stack on this system>
2026-07-30 18:36:45,152 [INFO] [MainThread] [root/api.py:69]: Fetching new weather data at 2026-07-30 18:36:45.152580
2026-07-30 18:46:45,152 [INFO] [MainThread] [root/api.py:69]: Fetching new weather data at 2026-07-30 18:46:45.151967
2026-07-30 18:56:45,172 [INFO] [MainThread] [root/api.py:69]: Fetching new weather data at 2026-07-30 18:56:45.172642
2026-07-30 19:06:45,159 [INFO] [MainThread] [root/api.py:69]: Fetching new weather data at 2026-07-30 19:06:45.159553
2026-07-30 19:16:45,155 [INFO] [MainThread] [root/api.py:69]: Fetching new weather data at 2026-07-30 19:16:45.155880
2026-07-30 19:26:45,149 [INFO] [MainThread] [root/api.py:69]: Fetching new weather data at 2026-07-30 19:26:45.149229
2026-07-30 19:36:45,159 [INFO] [MainThread] [root/api.py:69]: Fetching new weather data at 2026-07-30 19:36:45.159036
2026-07-30 19:46:45,153 [INFO] [MainThread] [root/api.py:69]: Fetching new weather data at 2026-07-30 19:46:45.153253
2026-07-30 19:56:45,354 [INFO] [MainThread] [root/api.py:69]: Fetching new weather data at 2026-07-30 19:56:45.354830
2026-07-30 20:06:45,157 [INFO] [MainThread] [root/api.py:69]: Fetching new weather data at 2026-07-30 20:06:45.157610
2026-07-30 20:16:45,160 [INFO] [MainThread] [root/api.py:69]: Fetching new weather data at 2026-07-30 20:16:45.160879
2026-07-30 20:26:45,168 [INFO] [MainThread] [root/api.py:69]: Fetching new weather data at 2026-07-30 20:26:45.168360
2026-07-30 20:36:45,315 [INFO] [MainThread] [root/api.py:69]: Fetching new weather data at 2026-07-30 20:36:45.314979
2026-07-30 20:46:45,165 [INFO] [MainThread] [root/api.py:69]: Fetching new weather data at 2026-07-30 20:46:45.165178
2026-07-30 20:56:45,161 [INFO] [MainThread] [root/api.py:69]: Fetching new weather data at 2026-07-30 20:56:45.161348
2026-07-30 21:06:45,241 [INFO] [MainThread] [root/api.py:69]: Fetching new weather data at 2026-07-30 21:06:45.241546
2026-07-30 21:16:45,152 [INFO] [MainThread] [root/api.py:69]: Fetching new weather data at 2026-07-30 21:16:45.152882
2026-07-30 21:26:45,155 [INFO] [MainThread] [root/api.py:69]: Fetching new weather data at 2026-07-30 21:26:45.155045
2026-07-30 21:36:45,154 [INFO] [MainThread] [root/api.py:69]: Fetching new weather data at 2026-07-30 21:36:45.154777
2026-07-30 21:46:45,240 [INFO] [MainThread] [root/api.py:69]: Fetching new weather data at 2026-07-30 21:46:45.240470
2026-07-30 21:56:45,157 [INFO] [MainThread] [root/api.py:69]: Fetching new weather data at 2026-07-30 21:56:45.157745
2026-07-30 22:06:45,156 [INFO] [MainThread] [root/api.py:69]: Fetching new weather data at 2026-07-30 22:06:45.156235
2026-07-30 22:16:45,321 [INFO] [MainThread] [root/api.py:69]: Fetching new weather data at 2026-07-30 22:16:45.320967
2026-07-30 22:26:45,155 [INFO] [MainThread] [root/api.py:69]: Fetching new weather data at 2026-07-30 22:26:45.155950
2026-07-30 22:36:45,243 [INFO] [MainThread] [root/api.py:69]: Fetching new weather data at 2026-07-30 22:36:45.243325
2026-07-30 22:46:45,144 [INFO] [MainThread] [root/api.py:69]: Fetching new weather data at 2026-07-30 22:46:45.144054
2026-07-30 22:56:45,153 [INFO] [MainThread] [root/api.py:69]: Fetching new weather data at 2026-07-30 22:56:45.153311
2026-07-30 23:06:45,182 [INFO] [MainThread] [root/api.py:69]: Fetching new weather data at 2026-07-30 23:06:45.182861
2026-07-30 23:16:45,164 [INFO] [MainThread] [root/api.py:69]: Fetching new weather data at 2026-07-30 23:16:45.164451
2026-07-30 23:26:45,152 [INFO] [MainThread] [root/api.py:69]: Fetching new weather data at 2026-07-30 23:26:45.152134
2026-07-30 23:36:45,160 [INFO] [MainThread] [root/api.py:69]: Fetching new weather data at 2026-07-30 23:36:45.160105
2026-07-30 23:46:45,162 [INFO] [MainThread] [root/api.py:69]: Fetching new weather data at 2026-07-30 23:46:45.162697
2026-07-30 23:56:45,167 [INFO] [MainThread] [root/api.py:69]: Fetching new weather data at 2026-07-30 23:56:45.167282
2026-07-31 00:06:45,141 [INFO] [MainThread] [root/api.py:69]: Fetching new weather data at 2026-07-31 00:06:45.141787
2026-07-31 00:16:45,165 [INFO] [MainThread] [root/api.py:69]: Fetching new weather data at 2026-07-31 00:16:45.165739
2026-07-31 00:26:45,277 [INFO] [MainThread] [root/api.py:69]: Fetching new weather data at 2026-07-31 00:26:45.277601
2026-07-31 00:36:45,147 [INFO] [MainThread] [root/api.py:69]: Fetching new weather data at 2026-07-31 00:36:45.147094
2026-07-31 00:46:45,168 [INFO] [MainThread] [root/api.py:69]: Fetching new weather data at 2026-07-31 00:46:45.168683
2026-07-31 00:56:45,150 [INFO] [MainThread] [root/api.py:69]: Fetching new weather data at 2026-07-31 00:56:45.150854
2026-07-31 01:06:45,149 [INFO] [MainThread] [root/api.py:69]: Fetching new weather data at 2026-07-31 01:06:45.149544
2026-07-31 01:16:45,158 [INFO] [MainThread] [root/api.py:69]: Fetching new weather data at 2026-07-31 01:16:45.158795
2026-07-31 01:26:45,151 [INFO] [MainThread] [root/api.py:69]: Fetching new weather data at 2026-07-31 01:26:45.151882
2026-07-31 01:36:45,155 [INFO] [MainThread] [root/api.py:69]: Fetching new weather data at 2026-07-31 01:36:45.155750
2026-07-31 01:46:45,173 [INFO] [MainThread] [root/api.py:69]: Fetching new weather data at 2026-07-31 01:46:45.173903
2026-07-31 01:56:45,140 [INFO] [MainThread] [root/api.py:69]: Fetching new weather data at 2026-07-31 01:56:45.140068
2026-07-31 02:06:45,179 [INFO] [MainThread] [root/api.py:69]: Fetching new weather data at 2026-07-31 02:06:45.179095
2026-07-31 02:16:45,148 [INFO] [MainThread] [root/api.py:69]: Fetching new weather data at 2026-07-31 02:16:45.148571
2026-07-31 02:26:45,151 [INFO] [MainThread] [root/api.py:69]: Fetching new weather data at 2026-07-31 02:26:45.151099
2026-07-31 02:36:45,164 [INFO] [MainThread] [root/api.py:69]: Fetching new weather data at 2026-07-31 02:36:45.164291
2026-07-31 02:46:45,172 [INFO] [MainThread] [root/api.py:69]: Fetching new weather data at 2026-07-31 02:46:45.172161
2026-07-31 02:56:45,166 [INFO] [MainThread] [root/api.py:69]: Fetching new weather data at 2026-07-31 02:56:45.166251
2026-07-31 03:06:45,169 [INFO] [MainThread] [root/api.py:69]: Fetching new weather data at 2026-07-31 03:06:45.169784
2026-07-31 03:16:45,171 [INFO] [MainThread] [root/api.py:69]: Fetching new weather data at 2026-07-31 03:16:45.171534
2026-07-31 03:26:45,160 [INFO] [MainThread] [root/api.py:69]: Fetching new weather data at 2026-07-31 03:26:45.160419
2026-07-31 03:36:45,268 [INFO] [MainThread] [root/api.py:69]: Fetching new weather data at 2026-07-31 03:36:45.268633
2026-07-31 03:46:45,332 [INFO] [MainThread] [root/api.py:69]: Fetching new weather data at 2026-07-31 03:46:45.332917
2026-07-31 03:56:45,178 [INFO] [MainThread] [root/api.py:69]: Fetching new weather data at 2026-07-31 03:56:45.177998
2026-07-31 04:06:45,159 [INFO] [MainThread] [root/api.py:69]: Fetching new weather data at 2026-07-31 04:06:45.159772
2026-07-31 04:16:45,158 [INFO] [MainThread] [root/api.py:69]: Fetching new weather data at 2026-07-31 04:16:45.158537
2026-07-31 04:26:45,160 [INFO] [MainThread] [root/api.py:69]: Fetching new weather data at 2026-07-31 04:26:45.159997
2026-07-31 04:36:45,165 [INFO] [MainThread] [root/api.py:69]: Fetching new weather data at 2026-07-31 04:36:45.165206
2026-07-31 04:46:45,168 [INFO] [MainThread] [root/api.py:69]: Fetching new weather data at 2026-07-31 04:46:45.168319
2026-07-31 04:56:45,163 [INFO] [MainThread] [root/api.py:69]: Fetching new weather data at 2026-07-31 04:56:45.163263
2026-07-31 05:06:45,169 [INFO] [MainThread] [root/api.py:69]: Fetching new weather data at 2026-07-31 05:06:45.169140
2026-07-31 05:16:45,172 [INFO] [MainThread] [root/api.py:69]: Fetching new weather data at 2026-07-31 05:16:45.172658
2026-07-31 05:26:45,158 [INFO] [MainThread] [root/api.py:69]: Fetching new weather data at 2026-07-31 05:26:45.157926
2026-07-31 05:36:45,175 [INFO] [MainThread] [root/api.py:69]: Fetching new weather data at 2026-07-31 05:36:45.175529
2026-07-31 05:46:45,172 [INFO] [MainThread] [root/api.py:69]: Fetching new weather data at 2026-07-31 05:46:45.172081
2026-07-31 05:56:45,177 [INFO] [MainThread] [root/api.py:69]: Fetching new weather data at 2026-07-31 05:56:45.177686
2026-07-31 06:06:45,177 [INFO] [MainThread] [root/api.py:69]: Fetching new weather data at 2026-07-31 06:06:45.177470
2026-07-31 06:16:45,181 [INFO] [MainThread] [root/api.py:69]: Fetching new weather data at 2026-07-31 06:16:45.181840
2026-07-31 06:26:45,181 [INFO] [MainThread] [root/api.py:69]: Fetching new weather data at 2026-07-31 06:26:45.181035
2026-07-31 06:36:45,355 [INFO] [MainThread] [root/api.py:69]: Fetching new weather data at 2026-07-31 06:36:45.355590
2026-07-31 06:46:45,161 [INFO] [MainThread] [root/api.py:69]: Fetching new weather data at 2026-07-31 06:46:45.161570
2026-07-31 06:47:02,210 [INFO] [MainThread] [root/controller.py:43]: Exiting Application...
2026-07-31 06:47:02,324 [INFO] [MainThread] [cli_server/cli_server.py:114]: Log pipe server stopped
2026-07-31 06:47:02,648 [INFO] [MainThread] [root/bar_manager.py:119]: Stopping SystemEventListener...
2026-07-31 15:05:12,683 [INFO] [MainThread] [root/log.py:104]: YASB v2.0.5
2026-07-31 15:05:12,684 [INFO] [CLIPipeServer] [cli_server/cli_server.py:216]: CLI server started v1.1.7
2026-07-31 15:05:12,685 [INFO] [MainThread] [cli_server/cli_server.py:106]: Log pipe server started
2026-07-31 15:05:13,178 [INFO] [MainThread] [root/service.py:52]: AudioOutputService starting...
2026-07-31 15:05:13,420 [INFO] [MainThread] [root/bar_manager.py:103]: Starting SystemEventListener...
2026-07-31 15:05:13,422 [INFO] [MainThread] [root/watcher.py:65]: Watching directory: c:\users\erick\.config\yasb
2026-07-31 15:05:13,422 [INFO] [MainThread] [root/watcher.py:104]: Created file watcher
2026-07-31 15:05:13,454 [INFO] [MainThread] [root/update_service.py:434]: Background update checker started
2026-07-31 15:05:13,889 [INFO] [MainThread] [root/api.py:69]: Fetching new weather data at 2026-07-31 15:05:13.889675
Windows fatal exception: code 0x8001010d

Thread 0x00002718 [Thread-5] (most recent call first):
  File "C:\hostedtoolcache\windows\Python\3.14.6\x64\Lib\threading.py", line 369 in wait
  File "C:\hostedtoolcache\windows\Python\3.14.6\x64\Lib\queue.py", line 199 in get
  File "D:\a\yasb\yasb\venv\Lib\site-packages\watchdog\observers\api.py", line 379 in dispatch_events
  File "D:\a\yasb\yasb\venv\Lib\site-packages\watchdog\observers\api.py", line 213 in run
  File "C:\hostedtoolcache\windows\Python\3.14.6\x64\Lib\threading.py", line 1082 in _bootstrap_inner
  File "C:\hostedtoolcache\windows\Python\3.14.6\x64\Lib\threading.py", line 1044 in _bootstrap

Thread 0x00002df0 [Thread-6] (most recent call first):
  File "D:\a\yasb\yasb\venv\Lib\site-packages\watchdog\observers\winapi.py", line 326 in read_directory_changes
  File "D:\a\yasb\yasb\venv\Lib\site-packages\watchdog\observers\winapi.py", line 380 in read_events
  File "D:\a\yasb\yasb\venv\Lib\site-packages\watchdog\observers\read_directory_changes.py", line 67 in _read_events
  File "D:\a\yasb\yasb\venv\Lib\site-packages\watchdog\observers\read_directory_changes.py", line 70 in queue_events
  File "D:\a\yasb\yasb\venv\Lib\site-packages\watchdog\observers\api.py", line 158 in run
  File "C:\hostedtoolcache\windows\Python\3.14.6\x64\Lib\threading.py", line 1082 in _bootstrap_inner
  File "C:\hostedtoolcache\windows\Python\3.14.6\x64\Lib\threading.py", line 1044 in _bootstrap

Thread 0x000011f4 [SystemEventListener] (most recent call first):
  File "D:\a\yasb\yasb\src\core\utils\win32\event_listener.py", line 69 in run

Thread 0x000040e8 [WiFiWorker] (most recent call first):
  File "D:\a\yasb\yasb\src\core\widgets\services\wifi\wifi_managers.py", line 151 in run

Thread 0x00002b50 [MemoryWorker] (most recent call first):
  File "D:\a\yasb\yasb\src\core\widgets\services\memory\memory_api.py", line 244 in run

Thread 0x00001c50 [_EventWorker] (most recent call first):
  File "D:\a\yasb\yasb\venv\Lib\site-packages\qasync\_windows.py", line 147 in _poll
  File "D:\a\yasb\yasb\venv\Lib\site-packages\qasync\_windows.py", line 72 in select
  File "D:\a\yasb\yasb\venv\Lib\site-packages\qasync\_windows.py", line 199 in run

Thread 0x00004d04 [LogPipeServer] (most recent call first):
  File "D:\a\yasb\yasb\src\core\utils\win32\bindings\kernel32.py", line 288 in ConnectNamedPipe
  File "D:\a\yasb\yasb\src\core\utils\cli_server.py", line 138 in _run_server
  File "C:\hostedtoolcache\windows\Python\3.14.6\x64\Lib\threading.py", line 1024 in run
  File "C:\hostedtoolcache\windows\Python\3.14.6\x64\Lib\threading.py", line 1082 in _bootstrap_inner
  File "C:\hostedtoolcache\windows\Python\3.14.6\x64\Lib\threading.py", line 1044 in _bootstrap

Thread 0x00001bd4 [CLIPipeServer] (most recent call first):
  File "D:\a\yasb\yasb\src\core\utils\win32\bindings\kernel32.py", line 288 in ConnectNamedPipe
  File "D:\a\yasb\yasb\src\core\utils\cli_server.py", line 235 in _run_server
  File "C:\hostedtoolcache\windows\Python\3.14.6\x64\Lib\threading.py", line 1024 in run
  File "C:\hostedtoolcache\windows\Python\3.14.6\x64\Lib\threading.py", line 1082 in _bootstrap_inner
  File "C:\hostedtoolcache\windows\Python\3.14.6\x64\Lib\threading.py", line 1044 in _bootstrap

Current thread 0x0000148c (most recent call first):
  File "D:\a\yasb\yasb\venv\Lib\site-packages\qasync\__init__.py", line 404 in run_forever
  File "D:\a\yasb\yasb\venv\Lib\site-packages\qasync\__init__.py", line 428 in run_until_complete
  File "main.py", line 100 in main
  File "main.py", line 203 in <module>
  File "D:\a\yasb\yasb\venv\Lib\site-packages\freeze_core\initscripts\console.py", line 27 in run
  File "D:\a\yasb\yasb\venv\Lib\site-packages\freeze_core\initscripts\__startup__.py", line 137 in run

Current thread's C stack trace (most recent call first):
  <cannot get C stack on this system>
2026-07-31 15:15:13,320 [INFO] [MainThread] [root/api.py:69]: Fetching new weather data at 2026-07-31 15:15:13.320911
2026-07-31 15:25:13,488 [INFO] [MainThread] [root/api.py:69]: Fetching new weather data at 2026-07-31 15:25:13.487970
2026-07-31 15:35:13,302 [INFO] [MainThread] [root/api.py:69]: Fetching new weather data at 2026-07-31 15:35:13.302666
2026-07-31 15:45:13,333 [INFO] [MainThread] [root/api.py:69]: Fetching new weather data at 2026-07-31 15:45:13.333353
2026-07-31 15:55:13,308 [INFO] [MainThread] [root/api.py:69]: Fetching new weather data at 2026-07-31 15:55:13.308288
2026-07-31 16:05:13,309 [INFO] [MainThread] [root/api.py:69]: Fetching new weather data at 2026-07-31 16:05:13.309855
2026-07-31 16:15:13,310 [INFO] [MainThread] [root/api.py:69]: Fetching new weather data at 2026-07-31 16:15:13.310201
2026-07-31 16:25:13,309 [INFO] [MainThread] [root/api.py:69]: Fetching new weather data at 2026-07-31 16:25:13.309407
2026-07-31 16:35:13,306 [INFO] [MainThread] [root/api.py:69]: Fetching new weather data at 2026-07-31 16:35:13.306691
2026-07-31 16:45:13,315 [INFO] [MainThread] [root/api.py:69]: Fetching new weather data at 2026-07-31 16:45:13.315266
2026-07-31 16:55:13,319 [INFO] [MainThread] [root/api.py:69]: Fetching new weather data at 2026-07-31 16:55:13.319663
2026-07-31 17:05:13,348 [INFO] [MainThread] [root/api.py:69]: Fetching new weather data at 2026-07-31 17:05:13.348322
2026-07-31 17:15:13,310 [INFO] [MainThread] [root/api.py:69]: Fetching new weather data at 2026-07-31 17:15:13.310305
2026-07-31 17:25:13,316 [INFO] [MainThread] [root/api.py:69]: Fetching new weather data at 2026-07-31 17:25:13.316302
2026-07-31 17:35:13,317 [INFO] [MainThread] [root/api.py:69]: Fetching new weather data at 2026-07-31 17:35:13.317928
2026-07-31 17:45:13,326 [INFO] [MainThread] [root/api.py:69]: Fetching new weather data at 2026-07-31 17:45:13.326682
2026-07-31 17:55:13,304 [INFO] [MainThread] [root/api.py:69]: Fetching new weather data at 2026-07-31 17:55:13.304307
2026-07-31 18:05:13,307 [INFO] [MainThread] [root/api.py:69]: Fetching new weather data at 2026-07-31 18:05:13.307775
2026-07-31 18:15:13,321 [INFO] [MainThread] [root/api.py:69]: Fetching new weather data at 2026-07-31 18:15:13.321589
2026-07-31 18:25:13,308 [INFO] [MainThread] [root/api.py:69]: Fetching new weather data at 2026-07-31 18:25:13.308235
2026-07-31 18:35:13,323 [INFO] [MainThread] [root/api.py:69]: Fetching new weather data at 2026-07-31 18:35:13.323086
2026-07-31 18:45:13,301 [INFO] [MainThread] [root/api.py:69]: Fetching new weather data at 2026-07-31 18:45:13.301798
2026-07-31 18:55:13,309 [INFO] [MainThread] [root/api.py:69]: Fetching new weather data at 2026-07-31 18:55:13.309083
2026-07-31 19:05:13,309 [INFO] [MainThread] [root/api.py:69]: Fetching new weather data at 2026-07-31 19:05:13.309310
2026-07-31 19:15:13,315 [INFO] [MainThread] [root/api.py:69]: Fetching new weather data at 2026-07-31 19:15:13.315288
2026-07-31 19:25:13,308 [INFO] [MainThread] [root/api.py:69]: Fetching new weather data at 2026-07-31 19:25:13.308758
2026-07-31 19:35:13,828 [INFO] [MainThread] [root/api.py:69]: Fetching new weather data at 2026-07-31 19:35:13.828268
2026-07-31 19:45:13,302 [INFO] [MainThread] [root/api.py:69]: Fetching new weather data at 2026-07-31 19:45:13.302604
2026-07-31 19:55:13,306 [INFO] [MainThread] [root/api.py:69]: Fetching new weather data at 2026-07-31 19:55:13.306239
2026-07-31 20:05:13,301 [INFO] [MainThread] [root/api.py:69]: Fetching new weather data at 2026-07-31 20:05:13.301770
2026-07-31 20:15:13,313 [INFO] [MainThread] [root/api.py:69]: Fetching new weather data at 2026-07-31 20:15:13.313729
2026-07-31 20:25:13,368 [INFO] [MainThread] [root/api.py:69]: Fetching new weather data at 2026-07-31 20:25:13.368592
2026-07-31 20:35:13,319 [INFO] [MainThread] [root/api.py:69]: Fetching new weather data at 2026-07-31 20:35:13.319487
2026-07-31 20:45:13,355 [INFO] [MainThread] [root/api.py:69]: Fetching new weather data at 2026-07-31 20:45:13.355301
2026-07-31 20:55:13,344 [INFO] [MainThread] [root/api.py:69]: Fetching new weather data at 2026-07-31 20:55:13.344450
2026-07-31 21:05:13,340 [INFO] [MainThread] [root/api.py:69]: Fetching new weather data at 2026-07-31 21:05:13.340446
2026-07-31 21:15:13,363 [INFO] [MainThread] [root/api.py:69]: Fetching new weather data at 2026-07-31 21:15:13.363756
2026-07-31 21:25:13,358 [INFO] [MainThread] [root/api.py:69]: Fetching new weather data at 2026-07-31 21:25:13.358592
2026-07-31 21:35:13,321 [INFO] [MainThread] [root/api.py:69]: Fetching new weather data at 2026-07-31 21:35:13.321814
2026-07-31 21:45:13,342 [INFO] [MainThread] [root/api.py:69]: Fetching new weather data at 2026-07-31 21:45:13.342767
2026-07-31 21:55:13,337 [INFO] [MainThread] [root/api.py:69]: Fetching new weather data at 2026-07-31 21:55:13.337121
2026-07-31 22:05:13,344 [INFO] [MainThread] [root/api.py:69]: Fetching new weather data at 2026-07-31 22:05:13.344121
2026-07-31 22:15:13,330 [INFO] [MainThread] [root/api.py:69]: Fetching new weather data at 2026-07-31 22:15:13.330573
2026-07-31 22:25:13,326 [INFO] [MainThread] [root/api.py:69]: Fetching new weather data at 2026-07-31 22:25:13.326877
2026-07-31 22:35:13,426 [INFO] [MainThread] [root/api.py:69]: Fetching new weather data at 2026-07-31 22:35:13.426223
2026-07-31 22:45:13,366 [INFO] [MainThread] [root/api.py:69]: Fetching new weather data at 2026-07-31 22:45:13.366791
2026-07-31 22:55:13,325 [INFO] [MainThread] [root/api.py:69]: Fetching new weather data at 2026-07-31 22:55:13.325818
2026-07-31 23:05:13,341 [INFO] [MainThread] [root/api.py:69]: Fetching new weather data at 2026-07-31 23:05:13.341910
2026-07-31 23:15:13,324 [INFO] [MainThread] [root/api.py:69]: Fetching new weather data at 2026-07-31 23:15:13.324336
2026-07-31 23:25:15,330 [INFO] [MainThread] [root/api.py:69]: Fetching new weather data at 2026-07-31 23:25:15.330430
2026-07-31 23:35:15,181 [INFO] [MainThread] [root/api.py:69]: Fetching new weather data at 2026-07-31 23:35:15.181307
2026-07-31 23:45:15,171 [INFO] [MainThread] [root/api.py:69]: Fetching new weather data at 2026-07-31 23:45:15.171201
2026-07-31 23:55:15,175 [INFO] [MainThread] [root/api.py:69]: Fetching new weather data at 2026-07-31 23:55:15.175215
2026-08-01 00:05:15,191 [INFO] [MainThread] [root/api.py:69]: Fetching new weather data at 2026-08-01 00:05:15.191228
2026-08-01 00:15:15,156 [INFO] [MainThread] [root/api.py:69]: Fetching new weather data at 2026-08-01 00:15:15.156497
2026-08-01 00:25:15,167 [INFO] [MainThread] [root/api.py:69]: Fetching new weather data at 2026-08-01 00:25:15.167390
2026-08-01 00:35:15,157 [INFO] [MainThread] [root/api.py:69]: Fetching new weather data at 2026-08-01 00:35:15.157416
2026-08-01 00:45:15,190 [INFO] [MainThread] [root/api.py:69]: Fetching new weather data at 2026-08-01 00:45:15.190524
2026-08-01 00:55:15,151 [INFO] [MainThread] [root/api.py:69]: Fetching new weather data at 2026-08-01 00:55:15.151207
2026-08-01 01:05:15,178 [INFO] [MainThread] [root/api.py:69]: Fetching new weather data at 2026-08-01 01:05:15.178651
2026-08-01 01:15:15,159 [INFO] [MainThread] [root/api.py:69]: Fetching new weather data at 2026-08-01 01:15:15.159787
2026-08-01 01:25:15,158 [INFO] [MainThread] [root/api.py:69]: Fetching new weather data at 2026-08-01 01:25:15.158766
2026-08-01 01:35:15,152 [INFO] [MainThread] [root/api.py:69]: Fetching new weather data at 2026-08-01 01:35:15.152585
2026-08-01 01:45:15,171 [INFO] [MainThread] [root/api.py:69]: Fetching new weather data at 2026-08-01 01:45:15.171284
2026-08-01 01:55:15,153 [INFO] [MainThread] [root/api.py:69]: Fetching new weather data at 2026-08-01 01:55:15.152939
2026-08-01 02:05:15,158 [INFO] [MainThread] [root/api.py:69]: Fetching new weather data at 2026-08-01 02:05:15.158797
2026-08-01 02:13:52,198 [INFO] [MainThread] [root/controller.py:43]: Exiting Application...
2026-08-01 02:13:52,306 [INFO] [MainThread] [cli_server/cli_server.py:114]: Log pipe server stopped
2026-08-01 02:13:52,544 [INFO] [MainThread] [root/bar_manager.py:119]: Stopping SystemEventListener...
2026-08-01 14:26:27,303 [INFO] [MainThread] [root/log.py:104]: YASB v2.0.5
2026-08-01 14:26:27,305 [INFO] [CLIPipeServer] [cli_server/cli_server.py:216]: CLI server started v1.1.7
2026-08-01 14:26:27,305 [INFO] [MainThread] [cli_server/cli_server.py:106]: Log pipe server started
2026-08-01 14:26:27,746 [INFO] [MainThread] [root/service.py:52]: AudioOutputService starting...
2026-08-01 14:26:28,022 [INFO] [MainThread] [root/bar_manager.py:103]: Starting SystemEventListener...
2026-08-01 14:26:28,024 [INFO] [MainThread] [root/watcher.py:65]: Watching directory: c:\users\erick\.config\yasb
2026-08-01 14:26:28,024 [INFO] [MainThread] [root/watcher.py:104]: Created file watcher
2026-08-01 14:26:28,102 [INFO] [MainThread] [root/update_service.py:434]: Background update checker started
2026-08-01 14:26:28,447 [INFO] [MainThread] [root/api.py:69]: Fetching new weather data at 2026-08-01 14:26:28.447613
Windows fatal exception: code 0x8001010d

Thread 0x00004cc8 [SystemEventListener] (most recent call first):
  File "D:\a\yasb\yasb\src\core\utils\win32\event_listener.py", line 69 in run

Thread 0x00004c88 [Thread-5] (most recent call first):
  File "C:\hostedtoolcache\windows\Python\3.14.6\x64\Lib\threading.py", line 369 in wait
  File "C:\hostedtoolcache\windows\Python\3.14.6\x64\Lib\queue.py", line 199 in get
  File "D:\a\yasb\yasb\venv\Lib\site-packages\watchdog\observers\api.py", line 379 in dispatch_events
  File "D:\a\yasb\yasb\venv\Lib\site-packages\watchdog\observers\api.py", line 213 in run
  File "C:\hostedtoolcache\windows\Python\3.14.6\x64\Lib\threading.py", line 1082 in _bootstrap_inner
  File "C:\hostedtoolcache\windows\Python\3.14.6\x64\Lib\threading.py", line 1044 in _bootstrap

Thread 0x00004cd0 [Thread-6] (most recent call first):
  File "D:\a\yasb\yasb\venv\Lib\site-packages\watchdog\observers\winapi.py", line 326 in read_directory_changes
  File "D:\a\yasb\yasb\venv\Lib\site-packages\watchdog\observers\winapi.py", line 380 in read_events
  File "D:\a\yasb\yasb\venv\Lib\site-packages\watchdog\observers\read_directory_changes.py", line 67 in _read_events
  File "D:\a\yasb\yasb\venv\Lib\site-packages\watchdog\observers\read_directory_changes.py", line 70 in queue_events
  File "D:\a\yasb\yasb\venv\Lib\site-packages\watchdog\observers\api.py", line 158 in run
  File "C:\hostedtoolcache\windows\Python\3.14.6\x64\Lib\threading.py", line 1082 in _bootstrap_inner
  File "C:\hostedtoolcache\windows\Python\3.14.6\x64\Lib\threading.py", line 1044 in _bootstrap

Thread 0x00002a78 [WiFiWorker] (most recent call first):
  File "D:\a\yasb\yasb\src\core\widgets\services\wifi\wifi_managers.py", line 151 in run

Thread 0x00003264 [MemoryWorker] (most recent call first):
  File "D:\a\yasb\yasb\src\core\widgets\services\memory\memory_api.py", line 244 in run

Thread 0x00004e30 [_EventWorker] (most recent call first):
  File "D:\a\yasb\yasb\venv\Lib\site-packages\qasync\_windows.py", line 147 in _poll
  File "D:\a\yasb\yasb\venv\Lib\site-packages\qasync\_windows.py", line 72 in select
  File "D:\a\yasb\yasb\venv\Lib\site-packages\qasync\_windows.py", line 199 in run

Thread 0x00004e04 [LogPipeServer] (most recent call first):
  File "D:\a\yasb\yasb\src\core\utils\win32\bindings\kernel32.py", line 288 in ConnectNamedPipe
  File "D:\a\yasb\yasb\src\core\utils\cli_server.py", line 138 in _run_server
  File "C:\hostedtoolcache\windows\Python\3.14.6\x64\Lib\threading.py", line 1024 in run
  File "C:\hostedtoolcache\windows\Python\3.14.6\x64\Lib\threading.py", line 1082 in _bootstrap_inner
  File "C:\hostedtoolcache\windows\Python\3.14.6\x64\Lib\threading.py", line 1044 in _bootstrap

Thread 0x00004dac [CLIPipeServer] (most recent call first):
  File "D:\a\yasb\yasb\src\core\utils\win32\bindings\kernel32.py", line 288 in ConnectNamedPipe
  File "D:\a\yasb\yasb\src\core\utils\cli_server.py", line 235 in _run_server
  File "C:\hostedtoolcache\windows\Python\3.14.6\x64\Lib\threading.py", line 1024 in run
  File "C:\hostedtoolcache\windows\Python\3.14.6\x64\Lib\threading.py", line 1082 in _bootstrap_inner
  File "C:\hostedtoolcache\windows\Python\3.14.6\x64\Lib\threading.py", line 1044 in _bootstrap

Current thread 0x00001a44 (most recent call first):
  File "D:\a\yasb\yasb\venv\Lib\site-packages\qasync\__init__.py", line 404 in run_forever
  File "D:\a\yasb\yasb\venv\Lib\site-packages\qasync\__init__.py", line 428 in run_until_complete
  File "main.py", line 100 in main
  File "main.py", line 203 in <module>
  File "D:\a\yasb\yasb\venv\Lib\site-packages\freeze_core\initscripts\console.py", line 27 in run
  File "D:\a\yasb\yasb\venv\Lib\site-packages\freeze_core\initscripts\__startup__.py", line 137 in run

Current thread's C stack trace (most recent call first):
  <cannot get C stack on this system>
2026-08-01 14:36:28,147 [INFO] [MainThread] [root/api.py:69]: Fetching new weather data at 2026-08-01 14:36:28.147382
2026-08-01 14:46:27,893 [INFO] [MainThread] [root/api.py:69]: Fetching new weather data at 2026-08-01 14:46:27.892962
2026-08-01 14:56:27,904 [INFO] [MainThread] [root/api.py:69]: Fetching new weather data at 2026-08-01 14:56:27.904536
2026-08-01 15:06:28,289 [INFO] [MainThread] [root/api.py:69]: Fetching new weather data at 2026-08-01 15:06:28.289457
2026-08-01 15:16:27,910 [INFO] [MainThread] [root/api.py:69]: Fetching new weather data at 2026-08-01 15:16:27.910145
2026-08-01 15:26:27,897 [INFO] [MainThread] [root/api.py:69]: Fetching new weather data at 2026-08-01 15:26:27.897712
2026-08-01 15:36:27,891 [INFO] [MainThread] [root/api.py:69]: Fetching new weather data at 2026-08-01 15:36:27.891524
2026-08-01 15:46:27,901 [INFO] [MainThread] [root/api.py:69]: Fetching new weather data at 2026-08-01 15:46:27.901384
2026-08-01 15:56:27,894 [INFO] [MainThread] [root/api.py:69]: Fetching new weather data at 2026-08-01 15:56:27.894194
2026-08-01 16:06:27,993 [INFO] [MainThread] [root/api.py:69]: Fetching new weather data at 2026-08-01 16:06:27.993404
2026-08-01 16:16:27,890 [INFO] [MainThread] [root/api.py:69]: Fetching new weather data at 2026-08-01 16:16:27.890409
2026-08-01 16:26:27,896 [INFO] [MainThread] [root/api.py:69]: Fetching new weather data at 2026-08-01 16:26:27.896496
2026-08-01 16:36:27,887 [INFO] [MainThread] [root/api.py:69]: Fetching new weather data at 2026-08-01 16:36:27.887541
2026-08-01 16:46:28,104 [INFO] [MainThread] [root/api.py:69]: Fetching new weather data at 2026-08-01 16:46:28.103946
2026-08-01 16:56:28,748 [INFO] [MainThread] [root/api.py:69]: Fetching new weather data at 2026-08-01 16:56:28.748700
2026-08-01 17:06:27,881 [INFO] [MainThread] [root/api.py:69]: Fetching new weather data at 2026-08-01 17:06:27.881750
2026-08-01 17:16:27,944 [INFO] [MainThread] [root/api.py:69]: Fetching new weather data at 2026-08-01 17:16:27.944730
2026-08-01 17:26:27,909 [INFO] [MainThread] [root/api.py:69]: Fetching new weather data at 2026-08-01 17:26:27.909270
2026-08-01 17:36:27,890 [INFO] [MainThread] [root/api.py:69]: Fetching new weather data at 2026-08-01 17:36:27.890271
2026-08-01 17:46:27,894 [INFO] [MainThread] [root/api.py:69]: Fetching new weather data at 2026-08-01 17:46:27.894016
2026-08-01 17:56:27,897 [INFO] [MainThread] [root/api.py:69]: Fetching new weather data at 2026-08-01 17:56:27.897571
2026-08-01 18:06:27,911 [INFO] [MainThread] [root/api.py:69]: Fetching new weather data at 2026-08-01 18:06:27.911003
2026-08-01 18:16:27,888 [INFO] [MainThread] [root/api.py:69]: Fetching new weather data at 2026-08-01 18:16:27.888348
2026-08-01 18:26:27,885 [INFO] [MainThread] [root/api.py:69]: Fetching new weather data at 2026-08-01 18:26:27.885680
2026-08-01 18:36:27,890 [INFO] [MainThread] [root/api.py:69]: Fetching new weather data at 2026-08-01 18:36:27.889959
2026-08-01 18:46:28,043 [INFO] [MainThread] [root/api.py:69]: Fetching new weather data at 2026-08-01 18:46:28.043666
2026-08-01 18:56:28,205 [INFO] [MainThread] [root/api.py:69]: Fetching new weather data at 2026-08-01 18:56:28.205918
2026-08-01 19:06:27,895 [INFO] [MainThread] [root/api.py:69]: Fetching new weather data at 2026-08-01 19:06:27.894974
2026-08-01 19:16:27,893 [INFO] [MainThread] [root/api.py:69]: Fetching new weather data at 2026-08-01 19:16:27.893818
2026-08-01 19:26:27,893 [INFO] [MainThread] [root/api.py:69]: Fetching new weather data at 2026-08-01 19:26:27.893777
2026-08-01 19:36:27,894 [INFO] [MainThread] [root/api.py:69]: Fetching new weather data at 2026-08-01 19:36:27.894429
2026-08-01 19:46:27,925 [INFO] [MainThread] [root/api.py:69]: Fetching new weather data at 2026-08-01 19:46:27.925113
2026-08-01 19:56:27,894 [INFO] [MainThread] [root/api.py:69]: Fetching new weather data at 2026-08-01 19:56:27.894283
2026-08-01 20:06:27,966 [INFO] [MainThread] [root/api.py:69]: Fetching new weather data at 2026-08-01 20:06:27.966381
2026-08-01 20:16:27,931 [INFO] [MainThread] [root/api.py:69]: Fetching new weather data at 2026-08-01 20:16:27.931327
2026-08-01 20:26:27,922 [INFO] [MainThread] [root/api.py:69]: Fetching new weather data at 2026-08-01 20:26:27.922898
2026-08-01 20:36:27,884 [INFO] [MainThread] [root/api.py:69]: Fetching new weather data at 2026-08-01 20:36:27.884819
2026-08-01 20:46:27,883 [INFO] [MainThread] [root/api.py:69]: Fetching new weather data at 2026-08-01 20:46:27.883340
2026-08-01 20:56:27,888 [INFO] [MainThread] [root/api.py:69]: Fetching new weather data at 2026-08-01 20:56:27.888007
2026-08-01 21:06:27,890 [INFO] [MainThread] [root/api.py:69]: Fetching new weather data at 2026-08-01 21:06:27.890108
2026-08-01 21:16:27,895 [INFO] [MainThread] [root/api.py:69]: Fetching new weather data at 2026-08-01 21:16:27.895790
2026-08-01 21:26:39,053 [INFO] [MainThread] [root/api.py:69]: Fetching new weather data at 2026-08-01 21:26:39.053870
2026-08-01 21:36:27,909 [INFO] [MainThread] [root/api.py:69]: Fetching new weather data at 2026-08-01 21:36:27.909274
2026-08-01 21:46:27,884 [INFO] [MainThread] [root/api.py:69]: Fetching new weather data at 2026-08-01 21:46:27.884274
2026-08-01 21:56:27,889 [INFO] [MainThread] [root/api.py:69]: Fetching new weather data at 2026-08-01 21:56:27.889798
2026-08-01 22:06:27,953 [INFO] [MainThread] [root/api.py:69]: Fetching new weather data at 2026-08-01 22:06:27.953450
2026-08-01 22:16:28,036 [INFO] [MainThread] [root/api.py:69]: Fetching new weather data at 2026-08-01 22:16:28.036503
2026-08-01 22:26:27,888 [INFO] [MainThread] [root/api.py:69]: Fetching new weather data at 2026-08-01 22:26:27.888440
2026-08-01 22:36:27,914 [INFO] [MainThread] [root/api.py:69]: Fetching new weather data at 2026-08-01 22:36:27.914114
2026-08-01 22:46:27,887 [INFO] [MainThread] [root/api.py:69]: Fetching new weather data at 2026-08-01 22:46:27.887209
2026-08-01 22:56:27,910 [INFO] [MainThread] [root/api.py:69]: Fetching new weather data at 2026-08-01 22:56:27.910876
2026-08-01 23:06:27,906 [INFO] [MainThread] [root/api.py:69]: Fetching new weather data at 2026-08-01 23:06:27.906131
2026-08-01 23:16:27,890 [INFO] [MainThread] [root/api.py:69]: Fetching new weather data at 2026-08-01 23:16:27.890673
2026-08-01 23:26:27,940 [INFO] [MainThread] [root/api.py:69]: Fetching new weather data at 2026-08-01 23:26:27.940075
2026-08-01 23:36:27,895 [INFO] [MainThread] [root/api.py:69]: Fetching new weather data at 2026-08-01 23:36:27.895903
2026-08-01 23:46:27,894 [INFO] [MainThread] [root/api.py:69]: Fetching new weather data at 2026-08-01 23:46:27.894014
2026-08-01 23:56:27,892 [INFO] [MainThread] [root/api.py:69]: Fetching new weather data at 2026-08-01 23:56:27.892288
2026-08-02 00:06:27,935 [INFO] [MainThread] [root/api.py:69]: Fetching new weather data at 2026-08-02 00:06:27.935262
2026-08-02 00:16:27,922 [INFO] [MainThread] [root/api.py:69]: Fetching new weather data at 2026-08-02 00:16:27.922302
2026-08-02 00:26:27,898 [INFO] [MainThread] [root/api.py:69]: Fetching new weather data at 2026-08-02 00:26:27.898905
2026-08-02 00:36:27,889 [INFO] [MainThread] [root/api.py:69]: Fetching new weather data at 2026-08-02 00:36:27.889360
2026-08-02 00:46:28,079 [INFO] [MainThread] [root/api.py:69]: Fetching new weather data at 2026-08-02 00:46:28.079316
2026-08-02 00:56:28,090 [INFO] [MainThread] [root/api.py:69]: Fetching new weather data at 2026-08-02 00:56:28.090072
2026-08-02 01:06:28,091 [INFO] [MainThread] [root/api.py:69]: Fetching new weather data at 2026-08-02 01:06:28.091106
2026-08-02 01:16:27,897 [INFO] [MainThread] [root/api.py:69]: Fetching new weather data at 2026-08-02 01:16:27.897266
2026-08-02 01:26:27,890 [INFO] [MainThread] [root/api.py:69]: Fetching new weather data at 2026-08-02 01:26:27.890447
2026-08-02 01:36:27,891 [INFO] [MainThread] [root/api.py:69]: Fetching new weather data at 2026-08-02 01:36:27.891236
2026-08-02 01:46:27,891 [INFO] [MainThread] [root/api.py:69]: Fetching new weather data at 2026-08-02 01:46:27.891851
2026-08-02 01:56:28,034 [INFO] [MainThread] [root/api.py:69]: Fetching new weather data at 2026-08-02 01:56:28.034791
2026-08-02 02:06:27,887 [INFO] [MainThread] [root/api.py:69]: Fetching new weather data at 2026-08-02 02:06:27.887810
2026-08-02 02:16:27,897 [INFO] [MainThread] [root/api.py:69]: Fetching new weather data at 2026-08-02 02:16:27.897314
2026-08-02 02:26:27,893 [INFO] [MainThread] [root/api.py:69]: Fetching new weather data at 2026-08-02 02:26:27.893114
2026-08-02 02:36:28,079 [INFO] [MainThread] [root/api.py:69]: Fetching new weather data at 2026-08-02 02:36:28.079373
2026-08-02 02:46:27,888 [INFO] [MainThread] [root/api.py:69]: Fetching new weather data at 2026-08-02 02:46:27.888402
2026-08-02 02:56:27,893 [INFO] [MainThread] [root/api.py:69]: Fetching new weather data at 2026-08-02 02:56:27.893870
2026-08-02 03:06:27,876 [INFO] [MainThread] [root/api.py:69]: Fetching new weather data at 2026-08-02 03:06:27.876397
2026-08-02 03:16:27,894 [INFO] [MainThread] [root/api.py:69]: Fetching new weather data at 2026-08-02 03:16:27.894492
2026-08-02 03:26:27,906 [INFO] [MainThread] [root/api.py:69]: Fetching new weather data at 2026-08-02 03:26:27.905960
2026-08-02 03:36:27,895 [INFO] [MainThread] [root/api.py:69]: Fetching new weather data at 2026-08-02 03:36:27.895301
2026-08-02 03:46:27,889 [INFO] [MainThread] [root/api.py:69]: Fetching new weather data at 2026-08-02 03:46:27.889240
2026-08-02 03:56:27,945 [INFO] [MainThread] [root/api.py:69]: Fetching new weather data at 2026-08-02 03:56:27.944979
2026-08-02 04:06:28,043 [INFO] [MainThread] [root/api.py:69]: Fetching new weather data at 2026-08-02 04:06:28.043125
2026-08-02 04:16:27,885 [INFO] [MainThread] [root/api.py:69]: Fetching new weather data at 2026-08-02 04:16:27.885254
2026-08-02 04:26:27,881 [INFO] [MainThread] [root/api.py:69]: Fetching new weather data at 2026-08-02 04:26:27.881462
2026-08-02 04:36:27,886 [INFO] [MainThread] [root/api.py:69]: Fetching new weather data at 2026-08-02 04:36:27.886354
2026-08-02 04:46:27,885 [INFO] [MainThread] [root/api.py:69]: Fetching new weather data at 2026-08-02 04:46:27.885654
2026-08-02 04:56:28,117 [INFO] [MainThread] [root/api.py:69]: Fetching new weather data at 2026-08-02 04:56:28.117726
2026-08-02 05:06:27,894 [INFO] [MainThread] [root/api.py:69]: Fetching new weather data at 2026-08-02 05:06:27.894018
2026-08-02 05:16:28,060 [INFO] [MainThread] [root/api.py:69]: Fetching new weather data at 2026-08-02 05:16:28.060826
2026-08-02 05:26:27,899 [INFO] [MainThread] [root/api.py:69]: Fetching new weather data at 2026-08-02 05:26:27.899744
2026-08-02 05:36:27,985 [INFO] [MainThread] [root/api.py:69]: Fetching new weather data at 2026-08-02 05:36:27.985489
2026-08-02 05:46:27,884 [INFO] [MainThread] [root/api.py:69]: Fetching new weather data at 2026-08-02 05:46:27.884910
2026-08-02 05:56:28,095 [INFO] [MainThread] [root/api.py:69]: Fetching new weather data at 2026-08-02 05:56:28.095237
2026-08-02 06:06:28,030 [INFO] [MainThread] [root/api.py:69]: Fetching new weather data at 2026-08-02 06:06:28.030674
2026-08-02 06:16:27,895 [INFO] [MainThread] [root/api.py:69]: Fetching new weather data at 2026-08-02 06:16:27.895666
2026-08-02 06:24:22,385 [INFO] [MainThread] [root/controller.py:43]: Exiting Application...
2026-08-02 06:24:22,490 [INFO] [MainThread] [cli_server/cli_server.py:114]: Log pipe server stopped
2026-08-02 06:24:22,763 [INFO] [MainThread] [root/bar_manager.py:119]: Stopping SystemEventListener...
2026-08-02 16:31:53,383 [INFO] [MainThread] [root/log.py:104]: YASB v2.0.5
2026-08-02 16:31:53,384 [INFO] [CLIPipeServer] [cli_server/cli_server.py:216]: CLI server started v1.1.7
2026-08-02 16:31:53,385 [INFO] [MainThread] [cli_server/cli_server.py:106]: Log pipe server started
2026-08-02 16:31:53,882 [INFO] [MainThread] [root/service.py:52]: AudioOutputService starting...
2026-08-02 16:31:54,173 [INFO] [MainThread] [root/bar_manager.py:103]: Starting SystemEventListener...
2026-08-02 16:31:54,175 [INFO] [MainThread] [root/watcher.py:65]: Watching directory: c:\users\erick\.config\yasb
2026-08-02 16:31:54,175 [INFO] [MainThread] [root/watcher.py:104]: Created file watcher
2026-08-02 16:31:55,122 [INFO] [MainThread] [root/update_service.py:434]: Background update checker started
2026-08-02 16:31:55,529 [INFO] [MainThread] [root/api.py:69]: Fetching new weather data at 2026-08-02 16:31:55.529705
Windows fatal exception: code 0x8001010d

Thread 0x000037d8 [Thread-5] (most recent call first):
  File "C:\hostedtoolcache\windows\Python\3.14.6\x64\Lib\threading.py", line 369 in wait
  File "C:\hostedtoolcache\windows\Python\3.14.6\x64\Lib\queue.py", line 199 in get
  File "D:\a\yasb\yasb\venv\Lib\site-packages\watchdog\observers\api.py", line 379 in dispatch_events
  File "D:\a\yasb\yasb\venv\Lib\site-packages\watchdog\observers\api.py", line 213 in run
  File "C:\hostedtoolcache\windows\Python\3.14.6\x64\Lib\threading.py", line 1082 in _bootstrap_inner
  File "C:\hostedtoolcache\windows\Python\3.14.6\x64\Lib\threading.py", line 1044 in _bootstrap

Thread 0x00001aa4 [Thread-6] (most recent call first):
  File "D:\a\yasb\yasb\venv\Lib\site-packages\watchdog\observers\winapi.py", line 326 in read_directory_changes
  File "D:\a\yasb\yasb\venv\Lib\site-packages\watchdog\observers\winapi.py", line 380 in read_events
  File "D:\a\yasb\yasb\venv\Lib\site-packages\watchdog\observers\read_directory_changes.py", line 67 in _read_events
  File "D:\a\yasb\yasb\venv\Lib\site-packages\watchdog\observers\read_directory_changes.py", line 70 in queue_events
  File "D:\a\yasb\yasb\venv\Lib\site-packages\watchdog\observers\api.py", line 158 in run
  File "C:\hostedtoolcache\windows\Python\3.14.6\x64\Lib\threading.py", line 1082 in _bootstrap_inner
  File "C:\hostedtoolcache\windows\Python\3.14.6\x64\Lib\threading.py", line 1044 in _bootstrap

Thread 0x00003e44 [SystemEventListener] (most recent call first):
  File "D:\a\yasb\yasb\src\core\utils\win32\event_listener.py", line 69 in run

Thread 0x00004844 [WiFiWorker] (most recent call first):
  File "D:\a\yasb\yasb\src\core\widgets\services\wifi\wifi_managers.py", line 151 in run

Thread 0x00002154 [MemoryWorker] (most recent call first):
  File "D:\a\yasb\yasb\src\core\widgets\services\memory\memory_api.py", line 244 in run

Thread 0x00004900 [_EventWorker] (most recent call first):
  File "D:\a\yasb\yasb\venv\Lib\site-packages\qasync\_windows.py", line 147 in _poll
  File "D:\a\yasb\yasb\venv\Lib\site-packages\qasync\_windows.py", line 72 in select
  File "D:\a\yasb\yasb\venv\Lib\site-packages\qasync\_windows.py", line 199 in run

Thread 0x0000482c [LogPipeServer] (most recent call first):
  File "D:\a\yasb\yasb\src\core\utils\win32\bindings\kernel32.py", line 288 in ConnectNamedPipe
  File "D:\a\yasb\yasb\src\core\utils\cli_server.py", line 138 in _run_server
  File "C:\hostedtoolcache\windows\Python\3.14.6\x64\Lib\threading.py", line 1024 in run
  File "C:\hostedtoolcache\windows\Python\3.14.6\x64\Lib\threading.py", line 1082 in _bootstrap_inner
  File "C:\hostedtoolcache\windows\Python\3.14.6\x64\Lib\threading.py", line 1044 in _bootstrap

Thread 0x00004948 [CLIPipeServer] (most recent call first):
  File "D:\a\yasb\yasb\src\core\utils\win32\bindings\kernel32.py", line 288 in ConnectNamedPipe
  File "D:\a\yasb\yasb\src\core\utils\cli_server.py", line 235 in _run_server
  File "C:\hostedtoolcache\windows\Python\3.14.6\x64\Lib\threading.py", line 1024 in run
  File "C:\hostedtoolcache\windows\Python\3.14.6\x64\Lib\threading.py", line 1082 in _bootstrap_inner
  File "C:\hostedtoolcache\windows\Python\3.14.6\x64\Lib\threading.py", line 1044 in _bootstrap

Current thread 0x00000870 (most recent call first):
  File "D:\a\yasb\yasb\venv\Lib\site-packages\qasync\__init__.py", line 404 in run_forever
  File "D:\a\yasb\yasb\venv\Lib\site-packages\qasync\__init__.py", line 428 in run_until_complete
  File "main.py", line 100 in main
  File "main.py", line 203 in <module>
  File "D:\a\yasb\yasb\venv\Lib\site-packages\freeze_core\initscripts\console.py", line 27 in run
  File "D:\a\yasb\yasb\venv\Lib\site-packages\freeze_core\initscripts\__startup__.py", line 137 in run

Current thread's C stack trace (most recent call first):
  <cannot get C stack on this system>
2026-08-02 16:41:54,051 [INFO] [MainThread] [root/api.py:69]: Fetching new weather data at 2026-08-02 16:41:54.051620
2026-08-02 16:51:54,025 [INFO] [MainThread] [root/api.py:69]: Fetching new weather data at 2026-08-02 16:51:54.025577
2026-08-02 17:01:54,036 [INFO] [MainThread] [root/api.py:69]: Fetching new weather data at 2026-08-02 17:01:54.036896
2026-08-02 17:11:54,038 [INFO] [MainThread] [root/api.py:69]: Fetching new weather data at 2026-08-02 17:11:54.038643
2026-08-02 17:21:54,045 [INFO] [MainThread] [root/api.py:69]: Fetching new weather data at 2026-08-02 17:21:54.045891
2026-08-02 17:31:54,045 [INFO] [MainThread] [root/api.py:69]: Fetching new weather data at 2026-08-02 17:31:54.045220
2026-08-02 17:41:54,030 [INFO] [MainThread] [root/api.py:69]: Fetching new weather data at 2026-08-02 17:41:54.030511
2026-08-02 17:51:54,030 [INFO] [MainThread] [root/api.py:69]: Fetching new weather data at 2026-08-02 17:51:54.030562
2026-08-02 18:01:54,025 [INFO] [MainThread] [root/api.py:69]: Fetching new weather data at 2026-08-02 18:01:54.025748
2026-08-02 18:11:54,048 [INFO] [MainThread] [root/api.py:69]: Fetching new weather data at 2026-08-02 18:11:54.048220
2026-08-02 18:21:54,047 [INFO] [MainThread] [root/api.py:69]: Fetching new weather data at 2026-08-02 18:21:54.047355
2026-08-02 18:31:54,037 [INFO] [MainThread] [root/api.py:69]: Fetching new weather data at 2026-08-02 18:31:54.037403
2026-08-02 18:41:54,034 [INFO] [MainThread] [root/api.py:69]: Fetching new weather data at 2026-08-02 18:41:54.034190
2026-08-02 18:51:54,042 [INFO] [MainThread] [root/api.py:69]: Fetching new weather data at 2026-08-02 18:51:54.042862
2026-08-02 19:01:54,128 [INFO] [MainThread] [root/api.py:69]: Fetching new weather data at 2026-08-02 19:01:54.128352
2026-08-02 19:11:54,221 [INFO] [MainThread] [root/api.py:69]: Fetching new weather data at 2026-08-02 19:11:54.221095
2026-08-02 19:21:54,226 [INFO] [MainThread] [root/api.py:69]: Fetching new weather data at 2026-08-02 19:21:54.226100
2026-08-02 19:31:54,025 [INFO] [MainThread] [root/api.py:69]: Fetching new weather data at 2026-08-02 19:31:54.025758
2026-08-02 19:41:54,027 [INFO] [MainThread] [root/api.py:69]: Fetching new weather data at 2026-08-02 19:41:54.027307
2026-08-02 19:51:54,044 [INFO] [MainThread] [root/api.py:69]: Fetching new weather data at 2026-08-02 19:51:54.044248
2026-08-02 20:01:54,044 [INFO] [MainThread] [root/api.py:69]: Fetching new weather data at 2026-08-02 20:01:54.044451
2026-08-02 20:11:54,040 [INFO] [MainThread] [root/api.py:69]: Fetching new weather data at 2026-08-02 20:11:54.040891
2026-08-02 20:21:54,027 [INFO] [MainThread] [root/api.py:69]: Fetching new weather data at 2026-08-02 20:21:54.027102
2026-08-02 20:31:54,027 [INFO] [MainThread] [root/api.py:69]: Fetching new weather data at 2026-08-02 20:31:54.027636
2026-08-02 20:41:54,030 [INFO] [MainThread] [root/api.py:69]: Fetching new weather data at 2026-08-02 20:41:54.030010
2026-08-02 20:51:54,034 [INFO] [MainThread] [root/api.py:69]: Fetching new weather data at 2026-08-02 20:51:54.033973
2026-08-02 21:01:54,109 [INFO] [MainThread] [root/api.py:69]: Fetching new weather data at 2026-08-02 21:01:54.109879
2026-08-02 21:11:54,234 [INFO] [MainThread] [root/api.py:69]: Fetching new weather data at 2026-08-02 21:11:54.234027
2026-08-02 21:21:54,024 [INFO] [MainThread] [root/api.py:69]: Fetching new weather data at 2026-08-02 21:21:54.024419
2026-08-02 21:31:54,208 [INFO] [MainThread] [root/api.py:69]: Fetching new weather data at 2026-08-02 21:31:54.208338
2026-08-02 21:41:54,036 [INFO] [MainThread] [root/api.py:69]: Fetching new weather data at 2026-08-02 21:41:54.036343
2026-08-02 21:51:54,021 [INFO] [MainThread] [root/api.py:69]: Fetching new weather data at 2026-08-02 21:51:54.021735
2026-08-02 22:01:54,048 [INFO] [MainThread] [root/api.py:69]: Fetching new weather data at 2026-08-02 22:01:54.048632
2026-08-02 22:11:54,042 [INFO] [MainThread] [root/api.py:69]: Fetching new weather data at 2026-08-02 22:11:54.042327
2026-08-02 22:21:54,027 [INFO] [MainThread] [root/api.py:69]: Fetching new weather data at 2026-08-02 22:21:54.027677
2026-08-02 22:31:54,034 [INFO] [MainThread] [root/api.py:69]: Fetching new weather data at 2026-08-02 22:31:54.034937
2026-08-02 22:41:54,027 [INFO] [MainThread] [root/api.py:69]: Fetching new weather data at 2026-08-02 22:41:54.027401
2026-08-02 22:51:54,028 [INFO] [MainThread] [root/api.py:69]: Fetching new weather data at 2026-08-02 22:51:54.028473
2026-08-02 23:01:54,044 [INFO] [MainThread] [root/api.py:69]: Fetching new weather data at 2026-08-02 23:01:54.044426
2026-08-02 23:11:54,055 [INFO] [MainThread] [root/api.py:69]: Fetching new weather data at 2026-08-02 23:11:54.055181
2026-08-02 23:21:54,112 [INFO] [MainThread] [root/api.py:69]: Fetching new weather data at 2026-08-02 23:21:54.112404
2026-08-02 23:31:54,053 [INFO] [MainThread] [root/api.py:69]: Fetching new weather data at 2026-08-02 23:31:54.052977
2026-08-02 23:41:54,025 [INFO] [MainThread] [root/api.py:69]: Fetching new weather data at 2026-08-02 23:41:54.025635
2026-08-02 23:51:54,038 [INFO] [MainThread] [root/api.py:69]: Fetching new weather data at 2026-08-02 23:51:54.038429
2026-08-03 00:01:54,029 [INFO] [MainThread] [root/api.py:69]: Fetching new weather data at 2026-08-03 00:01:54.029535
2026-08-03 00:11:54,027 [INFO] [MainThread] [root/api.py:69]: Fetching new weather data at 2026-08-03 00:11:54.027598
2026-08-03 00:21:54,022 [INFO] [MainThread] [root/api.py:69]: Fetching new weather data at 2026-08-03 00:21:54.022944
2026-08-03 00:31:54,019 [INFO] [MainThread] [root/api.py:69]: Fetching new weather data at 2026-08-03 00:31:54.019547
2026-08-03 00:41:54,204 [INFO] [MainThread] [root/api.py:69]: Fetching new weather data at 2026-08-03 00:41:54.204396
2026-08-03 00:51:54,160 [INFO] [MainThread] [root/api.py:69]: Fetching new weather data at 2026-08-03 00:51:54.160417
2026-08-03 01:01:54,033 [INFO] [MainThread] [root/api.py:69]: Fetching new weather data at 2026-08-03 01:01:54.033231
2026-08-03 01:11:54,027 [INFO] [MainThread] [root/api.py:69]: Fetching new weather data at 2026-08-03 01:11:54.027507
2026-08-03 01:21:54,049 [INFO] [MainThread] [root/api.py:69]: Fetching new weather data at 2026-08-03 01:21:54.049566
2026-08-03 01:31:54,031 [INFO] [MainThread] [root/api.py:69]: Fetching new weather data at 2026-08-03 01:31:54.031635
2026-08-03 01:41:54,057 [INFO] [MainThread] [root/api.py:69]: Fetching new weather data at 2026-08-03 01:41:54.057633
2026-08-03 01:51:54,026 [INFO] [MainThread] [root/api.py:69]: Fetching new weather data at 2026-08-03 01:51:54.026229
2026-08-03 02:01:54,025 [INFO] [MainThread] [root/api.py:69]: Fetching new weather data at 2026-08-03 02:01:54.025437
2026-08-03 02:11:54,035 [INFO] [MainThread] [root/api.py:69]: Fetching new weather data at 2026-08-03 02:11:54.035577
2026-08-03 02:21:54,043 [INFO] [MainThread] [root/api.py:69]: Fetching new weather data at 2026-08-03 02:21:54.043266
2026-08-03 02:31:54,029 [INFO] [MainThread] [root/api.py:69]: Fetching new weather data at 2026-08-03 02:31:54.029825
2026-08-03 02:41:54,192 [INFO] [MainThread] [root/api.py:69]: Fetching new weather data at 2026-08-03 02:41:54.192833
2026-08-03 02:51:54,101 [INFO] [MainThread] [root/api.py:69]: Fetching new weather data at 2026-08-03 02:51:54.101176
2026-08-03 03:01:54,058 [INFO] [MainThread] [root/api.py:69]: Fetching new weather data at 2026-08-03 03:01:54.058251
2026-08-03 03:11:54,201 [INFO] [MainThread] [root/api.py:69]: Fetching new weather data at 2026-08-03 03:11:54.201720
2026-08-03 03:21:54,030 [INFO] [MainThread] [root/api.py:69]: Fetching new weather data at 2026-08-03 03:21:54.030832
2026-08-03 03:31:54,020 [INFO] [MainThread] [root/api.py:69]: Fetching new weather data at 2026-08-03 03:31:54.020745
2026-08-03 03:41:54,051 [INFO] [MainThread] [root/api.py:69]: Fetching new weather data at 2026-08-03 03:41:54.051181
2026-08-03 03:51:54,040 [INFO] [MainThread] [root/api.py:69]: Fetching new weather data at 2026-08-03 03:51:54.040525
2026-08-03 04:01:54,044 [INFO] [MainThread] [root/api.py:69]: Fetching new weather data at 2026-08-03 04:01:54.044381
2026-08-03 04:11:54,016 [INFO] [MainThread] [root/api.py:69]: Fetching new weather data at 2026-08-03 04:11:54.016264
2026-08-03 04:21:54,023 [INFO] [MainThread] [root/api.py:69]: Fetching new weather data at 2026-08-03 04:21:54.023217
2026-08-03 04:31:54,038 [INFO] [MainThread] [root/api.py:69]: Fetching new weather data at 2026-08-03 04:31:54.038798
2026-08-03 04:41:54,053 [INFO] [MainThread] [root/api.py:69]: Fetching new weather data at 2026-08-03 04:41:54.053921
2026-08-03 04:51:54,038 [INFO] [MainThread] [root/api.py:69]: Fetching new weather data at 2026-08-03 04:51:54.038118
2026-08-03 05:01:54,041 [INFO] [MainThread] [root/api.py:69]: Fetching new weather data at 2026-08-03 05:01:54.041379
2026-08-03 05:11:54,030 [INFO] [MainThread] [root/api.py:69]: Fetching new weather data at 2026-08-03 05:11:54.030162
2026-08-03 05:21:54,072 [INFO] [MainThread] [root/api.py:69]: Fetching new weather data at 2026-08-03 05:21:54.072007
2026-08-03 05:31:54,036 [INFO] [MainThread] [root/api.py:69]: Fetching new weather data at 2026-08-03 05:31:54.036407
2026-08-03 05:41:54,023 [INFO] [MainThread] [root/api.py:69]: Fetching new weather data at 2026-08-03 05:41:54.023414
2026-08-03 05:51:54,038 [INFO] [MainThread] [root/api.py:69]: Fetching new weather data at 2026-08-03 05:51:54.038943
2026-08-03 06:01:54,034 [INFO] [MainThread] [root/api.py:69]: Fetching new weather data at 2026-08-03 06:01:54.034587
2026-08-03 06:04:33,314 [INFO] [MainThread] [root/controller.py:43]: Exiting Application...
2026-08-03 06:04:33,418 [INFO] [MainThread] [cli_server/cli_server.py:114]: Log pipe server stopped
2026-08-03 06:04:33,651 [INFO] [MainThread] [root/bar_manager.py:119]: Stopping SystemEventListener...
2026-08-03 16:38:23,087 [INFO] [MainThread] [root/log.py:104]: YASB v2.0.5
2026-08-03 16:38:23,088 [INFO] [CLIPipeServer] [cli_server/cli_server.py:216]: CLI server started v1.1.7
2026-08-03 16:38:23,088 [INFO] [MainThread] [cli_server/cli_server.py:106]: Log pipe server started
2026-08-03 16:38:23,503 [INFO] [MainThread] [root/service.py:52]: AudioOutputService starting...
2026-08-03 16:38:23,736 [INFO] [MainThread] [root/bar_manager.py:103]: Starting SystemEventListener...
2026-08-03 16:38:23,738 [INFO] [MainThread] [root/watcher.py:65]: Watching directory: c:\users\erick\.config\yasb
2026-08-03 16:38:23,738 [INFO] [MainThread] [root/watcher.py:104]: Created file watcher
2026-08-03 16:38:23,795 [INFO] [MainThread] [root/update_service.py:434]: Background update checker started
2026-08-03 16:38:24,167 [INFO] [MainThread] [root/api.py:69]: Fetching new weather data at 2026-08-03 16:38:24.167058
Windows fatal exception: code 0x8001010d

Thread 0x00004488 [SystemEventListener] (most recent call first):
  File "D:\a\yasb\yasb\src\core\utils\win32\event_listener.py", line 69 in run

Thread 0x00004434 [Thread-5] (most recent call first):
  File "C:\hostedtoolcache\windows\Python\3.14.6\x64\Lib\threading.py", line 369 in wait
  File "C:\hostedtoolcache\windows\Python\3.14.6\x64\Lib\queue.py", line 199 in get
  File "D:\a\yasb\yasb\venv\Lib\site-packages\watchdog\observers\api.py", line 379 in dispatch_events
  File "D:\a\yasb\yasb\venv\Lib\site-packages\watchdog\observers\api.py", line 213 in run
  File "C:\hostedtoolcache\windows\Python\3.14.6\x64\Lib\threading.py", line 1082 in _bootstrap_inner
  File "C:\hostedtoolcache\windows\Python\3.14.6\x64\Lib\threading.py", line 1044 in _bootstrap

Thread 0x0000448c [Thread-6] (most recent call first):
  File "D:\a\yasb\yasb\venv\Lib\site-packages\watchdog\observers\winapi.py", line 326 in read_directory_changes
  File "D:\a\yasb\yasb\venv\Lib\site-packages\watchdog\observers\winapi.py", line 380 in read_events
  File "D:\a\yasb\yasb\venv\Lib\site-packages\watchdog\observers\read_directory_changes.py", line 67 in _read_events
  File "D:\a\yasb\yasb\venv\Lib\site-packages\watchdog\observers\read_directory_changes.py", line 70 in queue_events
  File "D:\a\yasb\yasb\venv\Lib\site-packages\watchdog\observers\api.py", line 158 in run
  File "C:\hostedtoolcache\windows\Python\3.14.6\x64\Lib\threading.py", line 1082 in _bootstrap_inner
  File "C:\hostedtoolcache\windows\Python\3.14.6\x64\Lib\threading.py", line 1044 in _bootstrap

Thread 0x000038f0 [WiFiWorker] (most recent call first):
  File "D:\a\yasb\yasb\src\core\widgets\services\wifi\wifi_managers.py", line 151 in run

Thread 0x000044c0 [MemoryWorker] (most recent call first):
  File "D:\a\yasb\yasb\src\core\widgets\services\memory\memory_api.py", line 244 in run

Thread 0x00004550 [_EventWorker] (most recent call first):
  File "D:\a\yasb\yasb\venv\Lib\site-packages\qasync\_windows.py", line 147 in _poll
  File "D:\a\yasb\yasb\venv\Lib\site-packages\qasync\_windows.py", line 72 in select
  File "D:\a\yasb\yasb\venv\Lib\site-packages\qasync\_windows.py", line 199 in run

Thread 0x000047ec [LogPipeServer] (most recent call first):
  File "D:\a\yasb\yasb\src\core\utils\win32\bindings\kernel32.py", line 288 in ConnectNamedPipe
  File "D:\a\yasb\yasb\src\core\utils\cli_server.py", line 138 in _run_server
  File "C:\hostedtoolcache\windows\Python\3.14.6\x64\Lib\threading.py", line 1024 in run
  File "C:\hostedtoolcache\windows\Python\3.14.6\x64\Lib\threading.py", line 1082 in _bootstrap_inner
  File "C:\hostedtoolcache\windows\Python\3.14.6\x64\Lib\threading.py", line 1044 in _bootstrap

Thread 0x0000446c [CLIPipeServer] (most recent call first):
  File "D:\a\yasb\yasb\src\core\utils\win32\bindings\kernel32.py", line 288 in ConnectNamedPipe
  File "D:\a\yasb\yasb\src\core\utils\cli_server.py", line 235 in _run_server
  File "C:\hostedtoolcache\windows\Python\3.14.6\x64\Lib\threading.py", line 1024 in run
  File "C:\hostedtoolcache\windows\Python\3.14.6\x64\Lib\threading.py", line 1082 in _bootstrap_inner
  File "C:\hostedtoolcache\windows\Python\3.14.6\x64\Lib\threading.py", line 1044 in _bootstrap

Current thread 0x000044a4 (most recent call first):
  File "D:\a\yasb\yasb\venv\Lib\site-packages\qasync\__init__.py", line 404 in run_forever
  File "D:\a\yasb\yasb\venv\Lib\site-packages\qasync\__init__.py", line 428 in run_until_complete
  File "main.py", line 100 in main
  File "main.py", line 203 in <module>
  File "D:\a\yasb\yasb\venv\Lib\site-packages\freeze_core\initscripts\console.py", line 27 in run
  File "D:\a\yasb\yasb\venv\Lib\site-packages\freeze_core\initscripts\__startup__.py", line 137 in run

Current thread's C stack trace (most recent call first):
  <cannot get C stack on this system>
2026-08-03 16:48:23,656 [INFO] [MainThread] [root/api.py:69]: Fetching new weather data at 2026-08-03 16:48:23.656092
2026-08-03 16:58:24,057 [INFO] [MainThread] [root/api.py:69]: Fetching new weather data at 2026-08-03 16:58:24.057511
2026-08-03 17:08:23,659 [INFO] [MainThread] [root/api.py:69]: Fetching new weather data at 2026-08-03 17:08:23.659086
2026-08-03 17:18:23,660 [INFO] [MainThread] [root/api.py:69]: Fetching new weather data at 2026-08-03 17:18:23.660587
2026-08-03 17:28:23,654 [INFO] [MainThread] [root/api.py:69]: Fetching new weather data at 2026-08-03 17:28:23.654352
2026-08-03 17:38:23,650 [INFO] [MainThread] [root/api.py:69]: Fetching new weather data at 2026-08-03 17:38:23.649965
2026-08-03 17:48:23,652 [INFO] [MainThread] [root/api.py:69]: Fetching new weather data at 2026-08-03 17:48:23.652185
2026-08-03 17:58:23,652 [INFO] [MainThread] [root/api.py:69]: Fetching new weather data at 2026-08-03 17:58:23.652451
2026-08-03 18:08:23,656 [INFO] [MainThread] [root/api.py:69]: Fetching new weather data at 2026-08-03 18:08:23.656780
2026-08-03 18:18:23,650 [INFO] [MainThread] [root/api.py:69]: Fetching new weather data at 2026-08-03 18:18:23.650255
2026-08-03 18:28:23,654 [INFO] [MainThread] [root/api.py:69]: Fetching new weather data at 2026-08-03 18:28:23.654150
2026-08-03 18:38:23,739 [INFO] [MainThread] [root/api.py:69]: Fetching new weather data at 2026-08-03 18:38:23.739429
2026-08-03 18:48:23,655 [INFO] [MainThread] [root/api.py:69]: Fetching new weather data at 2026-08-03 18:48:23.655585
2026-08-03 18:58:23,649 [INFO] [MainThread] [root/api.py:69]: Fetching new weather data at 2026-08-03 18:58:23.649291
2026-08-03 19:08:23,656 [INFO] [MainThread] [root/api.py:69]: Fetching new weather data at 2026-08-03 19:08:23.656695
2026-08-03 19:18:23,646 [INFO] [MainThread] [root/api.py:69]: Fetching new weather data at 2026-08-03 19:18:23.646602
2026-08-03 19:28:23,678 [INFO] [MainThread] [root/api.py:69]: Fetching new weather data at 2026-08-03 19:28:23.678875
2026-08-03 19:38:23,663 [INFO] [MainThread] [root/api.py:69]: Fetching new weather data at 2026-08-03 19:38:23.663540
2026-08-03 19:48:23,660 [INFO] [MainThread] [root/api.py:69]: Fetching new weather data at 2026-08-03 19:48:23.660769
2026-08-03 19:58:23,670 [INFO] [MainThread] [root/api.py:69]: Fetching new weather data at 2026-08-03 19:58:23.670889
2026-08-03 20:08:23,648 [INFO] [MainThread] [root/api.py:69]: Fetching new weather data at 2026-08-03 20:08:23.648769
2026-08-03 20:18:23,647 [INFO] [MainThread] [root/api.py:69]: Fetching new weather data at 2026-08-03 20:18:23.647136
2026-08-03 20:28:23,653 [INFO] [MainThread] [root/api.py:69]: Fetching new weather data at 2026-08-03 20:28:23.653307
2026-08-03 20:38:23,661 [INFO] [MainThread] [root/api.py:69]: Fetching new weather data at 2026-08-03 20:38:23.661388
2026-08-03 20:48:23,656 [INFO] [MainThread] [root/api.py:69]: Fetching new weather data at 2026-08-03 20:48:23.656891
2026-08-03 20:58:23,649 [INFO] [MainThread] [root/api.py:69]: Fetching new weather data at 2026-08-03 20:58:23.649379
2026-08-03 21:08:23,827 [INFO] [MainThread] [root/api.py:69]: Fetching new weather data at 2026-08-03 21:08:23.827074
2026-08-03 21:18:23,733 [INFO] [MainThread] [root/api.py:69]: Fetching new weather data at 2026-08-03 21:18:23.733100
2026-08-03 21:28:23,650 [INFO] [MainThread] [root/api.py:69]: Fetching new weather data at 2026-08-03 21:28:23.650334
2026-08-03 21:38:23,653 [INFO] [MainThread] [root/api.py:69]: Fetching new weather data at 2026-08-03 21:38:23.653627
2026-08-03 21:48:23,650 [INFO] [MainThread] [root/api.py:69]: Fetching new weather data at 2026-08-03 21:48:23.650716
2026-08-03 21:58:23,665 [INFO] [MainThread] [root/api.py:69]: Fetching new weather data at 2026-08-03 21:58:23.665611
2026-08-03 22:08:23,655 [INFO] [MainThread] [root/api.py:69]: Fetching new weather data at 2026-08-03 22:08:23.655491
2026-08-03 22:18:23,659 [INFO] [MainThread] [root/api.py:69]: Fetching new weather data at 2026-08-03 22:18:23.659583
2026-08-03 22:28:23,662 [INFO] [MainThread] [root/api.py:69]: Fetching new weather data at 2026-08-03 22:28:23.662596
2026-08-03 22:38:23,652 [INFO] [MainThread] [root/api.py:69]: Fetching new weather data at 2026-08-03 22:38:23.652302
2026-08-03 22:48:23,660 [INFO] [MainThread] [root/api.py:69]: Fetching new weather data at 2026-08-03 22:48:23.660104
2026-08-03 22:58:23,665 [INFO] [MainThread] [root/api.py:69]: Fetching new weather data at 2026-08-03 22:58:23.665772
2026-08-03 23:08:23,654 [INFO] [MainThread] [root/api.py:69]: Fetching new weather data at 2026-08-03 23:08:23.654027
2026-08-03 23:18:23,654 [INFO] [MainThread] [root/api.py:69]: Fetching new weather data at 2026-08-03 23:18:23.654191
2026-08-03 23:28:23,652 [INFO] [MainThread] [root/api.py:69]: Fetching new weather data at 2026-08-03 23:28:23.652616
2026-08-03 23:38:23,680 [INFO] [MainThread] [root/api.py:69]: Fetching new weather data at 2026-08-03 23:38:23.680542
2026-08-03 23:48:23,653 [INFO] [MainThread] [root/api.py:69]: Fetching new weather data at 2026-08-03 23:48:23.653497
2026-08-03 23:58:23,656 [INFO] [MainThread] [root/api.py:69]: Fetching new weather data at 2026-08-03 23:58:23.656837
2026-08-04 00:08:23,671 [INFO] [MainThread] [root/api.py:69]: Fetching new weather data at 2026-08-04 00:08:23.671126
2026-08-04 00:18:23,647 [INFO] [MainThread] [root/api.py:69]: Fetching new weather data at 2026-08-04 00:18:23.647329
2026-08-04 00:28:23,654 [INFO] [MainThread] [root/api.py:69]: Fetching new weather data at 2026-08-04 00:28:23.654956
2026-08-04 00:38:23,660 [INFO] [MainThread] [root/api.py:69]: Fetching new weather data at 2026-08-04 00:38:23.659986
2026-08-04 00:48:23,642 [INFO] [MainThread] [root/api.py:69]: Fetching new weather data at 2026-08-04 00:48:23.642393
2026-08-04 00:58:23,647 [INFO] [MainThread] [root/api.py:69]: Fetching new weather data at 2026-08-04 00:58:23.647501
2026-08-04 01:08:33,871 [WARNING] [MainThread] [root/api.py:80]: Weather API returned error 504. Will retry on next interval.
2026-08-04 01:08:33,882 [WARNING] [MainThread] [root/weather.py:565]: Error processing weather data: Weather data is empty.. Retrying fetch in 10 seconds.
2026-08-04 01:08:33,883 [WARNING] [MainThread] [root/weather.py:565]: Error processing weather data: Weather data is empty.. Retrying fetch in 10 seconds.
2026-08-04 01:08:54,003 [WARNING] [MainThread] [root/api.py:80]: Weather API returned error 504. Will retry on next interval.
2026-08-04 01:08:54,004 [WARNING] [MainThread] [root/weather.py:565]: Error processing weather data: Weather data is empty.. Retrying fetch in 10 seconds.
2026-08-04 01:08:54,004 [WARNING] [MainThread] [root/weather.py:565]: Error processing weather data: Weather data is empty.. Retrying fetch in 10 seconds.
2026-08-04 01:08:54,138 [WARNING] [MainThread] [root/api.py:80]: Weather API returned error 504. Will retry on next interval.
2026-08-04 01:09:14,126 [WARNING] [MainThread] [root/api.py:80]: Weather API returned error 504. Will retry on next interval.
2026-08-04 01:09:14,127 [WARNING] [MainThread] [root/weather.py:565]: Error processing weather data: Weather data is empty.. Retrying fetch in 10 seconds.
2026-08-04 01:09:14,127 [WARNING] [MainThread] [root/weather.py:565]: Error processing weather data: Weather data is empty.. Retrying fetch in 10 seconds.
2026-08-04 01:09:14,137 [WARNING] [MainThread] [root/api.py:80]: Weather API returned error 504. Will retry on next interval.
2026-08-04 01:09:34,256 [WARNING] [MainThread] [root/api.py:80]: Weather API returned error 504. Will retry on next interval.
2026-08-04 01:09:34,256 [WARNING] [MainThread] [root/weather.py:565]: Error processing weather data: Weather data is empty.. Retrying fetch in 10 seconds.
2026-08-04 01:09:34,257 [WARNING] [MainThread] [root/weather.py:565]: Error processing weather data: Weather data is empty.. Retrying fetch in 10 seconds.
2026-08-04 01:09:34,262 [WARNING] [MainThread] [root/api.py:80]: Weather API returned error 504. Will retry on next interval.
2026-08-04 01:09:54,452 [WARNING] [MainThread] [root/api.py:80]: Weather API returned error 504. Will retry on next interval.
2026-08-04 01:09:54,452 [WARNING] [MainThread] [root/weather.py:565]: Error processing weather data: Weather data is empty.. Retrying fetch in 10 seconds.
2026-08-04 01:09:54,452 [WARNING] [MainThread] [root/weather.py:565]: Error processing weather data: Weather data is empty.. Retrying fetch in 10 seconds.
2026-08-04 01:09:54,596 [WARNING] [MainThread] [root/api.py:80]: Weather API returned error 504. Will retry on next interval.
2026-08-04 01:10:14,590 [WARNING] [MainThread] [root/api.py:80]: Weather API returned error 504. Will retry on next interval.
2026-08-04 01:10:14,590 [WARNING] [MainThread] [root/weather.py:565]: Error processing weather data: Weather data is empty.. Retrying fetch in 10 seconds.
2026-08-04 01:10:14,591 [WARNING] [MainThread] [root/weather.py:565]: Error processing weather data: Weather data is empty.. Retrying fetch in 10 seconds.
2026-08-04 01:10:14,593 [WARNING] [MainThread] [root/api.py:80]: Weather API returned error 504. Will retry on next interval.
2026-08-04 01:10:34,730 [WARNING] [MainThread] [root/api.py:80]: Weather API returned error 504. Will retry on next interval.
2026-08-04 01:10:34,730 [WARNING] [MainThread] [root/weather.py:565]: Error processing weather data: Weather data is empty.. Retrying fetch in 10 seconds.
2026-08-04 01:10:34,731 [WARNING] [MainThread] [root/weather.py:565]: Error processing weather data: Weather data is empty.. Retrying fetch in 10 seconds.
2026-08-04 01:10:34,732 [WARNING] [MainThread] [root/api.py:80]: Weather API returned error 504. Will retry on next interval.
2026-08-04 01:10:54,865 [WARNING] [MainThread] [root/api.py:80]: Weather API returned error 504. Will retry on next interval.
2026-08-04 01:10:54,866 [WARNING] [MainThread] [root/weather.py:565]: Error processing weather data: Weather data is empty.. Retrying fetch in 10 seconds.
2026-08-04 01:10:54,866 [WARNING] [MainThread] [root/weather.py:565]: Error processing weather data: Weather data is empty.. Retrying fetch in 10 seconds.
2026-08-04 01:10:54,872 [WARNING] [MainThread] [root/api.py:80]: Weather API returned error 504. Will retry on next interval.
2026-08-04 01:11:15,001 [WARNING] [MainThread] [root/api.py:80]: Weather API returned error 504. Will retry on next interval.
2026-08-04 01:11:15,001 [WARNING] [MainThread] [root/weather.py:565]: Error processing weather data: Weather data is empty.. Retrying fetch in 10 seconds.
2026-08-04 01:11:15,002 [WARNING] [MainThread] [root/weather.py:565]: Error processing weather data: Weather data is empty.. Retrying fetch in 10 seconds.
2026-08-04 01:11:15,559 [WARNING] [MainThread] [root/api.py:80]: Weather API returned error 504. Will retry on next interval.
2026-08-04 01:11:35,137 [WARNING] [MainThread] [root/api.py:80]: Weather API returned error 504. Will retry on next interval.
2026-08-04 01:11:35,137 [WARNING] [MainThread] [root/weather.py:565]: Error processing weather data: Weather data is empty.. Retrying fetch in 10 seconds.
2026-08-04 01:11:35,138 [WARNING] [MainThread] [root/weather.py:565]: Error processing weather data: Weather data is empty.. Retrying fetch in 10 seconds.
2026-08-04 01:11:35,144 [WARNING] [MainThread] [root/api.py:80]: Weather API returned error 504. Will retry on next interval.
2026-08-04 01:11:55,271 [WARNING] [MainThread] [root/api.py:80]: Weather API returned error 504. Will retry on next interval.
2026-08-04 01:11:55,271 [WARNING] [MainThread] [root/weather.py:565]: Error processing weather data: Weather data is empty.. Retrying fetch in 10 seconds.
2026-08-04 01:11:55,272 [WARNING] [MainThread] [root/weather.py:565]: Error processing weather data: Weather data is empty.. Retrying fetch in 10 seconds.
2026-08-04 01:11:55,544 [WARNING] [MainThread] [root/api.py:80]: Weather API returned error 504. Will retry on next interval.
2026-08-04 01:12:15,415 [WARNING] [MainThread] [root/api.py:80]: Weather API returned error 504. Will retry on next interval.
2026-08-04 01:12:15,415 [WARNING] [MainThread] [root/weather.py:565]: Error processing weather data: Weather data is empty.. Retrying fetch in 10 seconds.
2026-08-04 01:12:15,415 [WARNING] [MainThread] [root/weather.py:565]: Error processing weather data: Weather data is empty.. Retrying fetch in 10 seconds.
2026-08-04 01:12:15,429 [WARNING] [MainThread] [root/api.py:80]: Weather API returned error 504. Will retry on next interval.
2026-08-04 01:12:35,537 [WARNING] [MainThread] [root/api.py:80]: Weather API returned error 504. Will retry on next interval.
2026-08-04 01:12:35,537 [WARNING] [MainThread] [root/weather.py:565]: Error processing weather data: Weather data is empty.. Retrying fetch in 10 seconds.
2026-08-04 01:12:35,537 [WARNING] [MainThread] [root/weather.py:565]: Error processing weather data: Weather data is empty.. Retrying fetch in 10 seconds.
2026-08-04 01:12:35,540 [WARNING] [MainThread] [root/api.py:80]: Weather API returned error 504. Will retry on next interval.
2026-08-04 01:12:45,889 [INFO] [MainThread] [root/api.py:69]: Fetching new weather data at 2026-08-04 01:12:45.889732
2026-08-04 01:12:45,894 [INFO] [MainThread] [root/api.py:69]: Fetching new weather data at 2026-08-04 01:12:45.894522
2026-08-04 01:18:23,901 [INFO] [MainThread] [root/api.py:69]: Fetching new weather data at 2026-08-04 01:18:23.901599
2026-08-04 01:28:23,903 [INFO] [MainThread] [root/api.py:69]: Fetching new weather data at 2026-08-04 01:28:23.903241
2026-08-04 01:38:23,785 [INFO] [MainThread] [root/api.py:69]: Fetching new weather data at 2026-08-04 01:38:23.785964
2026-08-04 01:48:23,641 [INFO] [MainThread] [root/api.py:69]: Fetching new weather data at 2026-08-04 01:48:23.641599
2026-08-04 01:58:23,660 [INFO] [MainThread] [root/api.py:69]: Fetching new weather data at 2026-08-04 01:58:23.660817
2026-08-04 02:08:26,859 [INFO] [MainThread] [root/api.py:69]: Fetching new weather data at 2026-08-04 02:08:26.859845
2026-08-04 02:18:26,854 [INFO] [MainThread] [root/api.py:69]: Fetching new weather data at 2026-08-04 02:18:26.854571
2026-08-04 02:28:26,863 [INFO] [MainThread] [root/api.py:69]: Fetching new weather data at 2026-08-04 02:28:26.863436
2026-08-04 02:38:26,857 [INFO] [MainThread] [root/api.py:69]: Fetching new weather data at 2026-08-04 02:38:26.857402
2026-08-04 02:48:27,460 [INFO] [MainThread] [root/api.py:69]: Fetching new weather data at 2026-08-04 02:48:27.460705
2026-08-04 02:58:26,846 [INFO] [MainThread] [root/api.py:69]: Fetching new weather data at 2026-08-04 02:58:26.846066
2026-08-04 03:08:26,858 [INFO] [MainThread] [root/api.py:69]: Fetching new weather data at 2026-08-04 03:08:26.858682
2026-08-04 03:18:26,858 [INFO] [MainThread] [root/api.py:69]: Fetching new weather data at 2026-08-04 03:18:26.858767
2026-08-04 03:28:27,217 [INFO] [MainThread] [root/api.py:69]: Fetching new weather data at 2026-08-04 03:28:27.217193
2026-08-04 03:38:26,859 [INFO] [MainThread] [root/api.py:69]: Fetching new weather data at 2026-08-04 03:38:26.859819
2026-08-04 03:48:26,857 [INFO] [MainThread] [root/api.py:69]: Fetching new weather data at 2026-08-04 03:48:26.857829
2026-08-04 03:58:26,853 [INFO] [MainThread] [root/api.py:69]: Fetching new weather data at 2026-08-04 03:58:26.853287
2026-08-04 04:08:26,850 [INFO] [MainThread] [root/api.py:69]: Fetching new weather data at 2026-08-04 04:08:26.849984
2026-08-04 04:17:04,221 [INFO] [MainThread] [root/bar_manager.py:119]: Stopping SystemEventListener...
2026-08-04 09:21:34,493 [INFO] [MainThread] [root/log.py:104]: YASB v2.0.5
2026-08-04 09:21:34,494 [INFO] [CLIPipeServer] [cli_server/cli_server.py:216]: CLI server started v1.1.7
2026-08-04 09:21:34,495 [INFO] [MainThread] [cli_server/cli_server.py:106]: Log pipe server started
2026-08-04 09:21:34,963 [INFO] [MainThread] [root/service.py:52]: AudioOutputService starting...
2026-08-04 09:21:35,284 [INFO] [MainThread] [root/bar_manager.py:103]: Starting SystemEventListener...
2026-08-04 09:21:35,287 [INFO] [MainThread] [root/watcher.py:65]: Watching directory: c:\users\erick\.config\yasb
2026-08-04 09:21:35,287 [INFO] [MainThread] [root/watcher.py:104]: Created file watcher
2026-08-04 09:21:35,384 [INFO] [MainThread] [root/update_service.py:434]: Background update checker started
2026-08-04 09:21:35,757 [INFO] [MainThread] [root/api.py:69]: Fetching new weather data at 2026-08-04 09:21:35.757222
Windows fatal exception: code 0x8001010d

Thread 0x00005790 [SystemEventListener] (most recent call first):
  File "D:\a\yasb\yasb\src\core\utils\win32\event_listener.py", line 69 in run

Thread 0x00005798 [Thread-5] (most recent call first):
  File "C:\hostedtoolcache\windows\Python\3.14.6\x64\Lib\threading.py", line 369 in wait
  File "C:\hostedtoolcache\windows\Python\3.14.6\x64\Lib\queue.py", line 199 in get
  File "D:\a\yasb\yasb\venv\Lib\site-packages\watchdog\observers\api.py", line 379 in dispatch_events
  File "D:\a\yasb\yasb\venv\Lib\site-packages\watchdog\observers\api.py", line 213 in run
  File "C:\hostedtoolcache\windows\Python\3.14.6\x64\Lib\threading.py", line 1082 in _bootstrap_inner
  File "C:\hostedtoolcache\windows\Python\3.14.6\x64\Lib\threading.py", line 1044 in _bootstrap

Thread 0x00005794 [Thread-6] (most recent call first):
  File "D:\a\yasb\yasb\venv\Lib\site-packages\watchdog\observers\winapi.py", line 326 in read_directory_changes
  File "D:\a\yasb\yasb\venv\Lib\site-packages\watchdog\observers\winapi.py", line 380 in read_events
  File "D:\a\yasb\yasb\venv\Lib\site-packages\watchdog\observers\read_directory_changes.py", line 67 in _read_events
  File "D:\a\yasb\yasb\venv\Lib\site-packages\watchdog\observers\read_directory_changes.py", line 70 in queue_events
  File "D:\a\yasb\yasb\venv\Lib\site-packages\watchdog\observers\api.py", line 158 in run
  File "C:\hostedtoolcache\windows\Python\3.14.6\x64\Lib\threading.py", line 1082 in _bootstrap_inner
  File "C:\hostedtoolcache\windows\Python\3.14.6\x64\Lib\threading.py", line 1044 in _bootstrap

Thread 0x00005650 [WiFiWorker] (most recent call first):
  File "D:\a\yasb\yasb\src\core\widgets\services\wifi\wifi_managers.py", line 151 in run

Thread 0x000047c8 [MemoryWorker] (most recent call first):
  File "D:\a\yasb\yasb\src\core\widgets\services\memory\memory_api.py", line 244 in run

Thread 0x000047a8 [_EventWorker] (most recent call first):
  File "D:\a\yasb\yasb\venv\Lib\site-packages\qasync\_windows.py", line 147 in _poll
  File "D:\a\yasb\yasb\venv\Lib\site-packages\qasync\_windows.py", line 72 in select
  File "D:\a\yasb\yasb\venv\Lib\site-packages\qasync\_windows.py", line 199 in run

Thread 0x0000187c [LogPipeServer] (most recent call first):
  File "D:\a\yasb\yasb\src\core\utils\win32\bindings\kernel32.py", line 288 in ConnectNamedPipe
  File "D:\a\yasb\yasb\src\core\utils\cli_server.py", line 138 in _run_server
  File "C:\hostedtoolcache\windows\Python\3.14.6\x64\Lib\threading.py", line 1024 in run
  File "C:\hostedtoolcache\windows\Python\3.14.6\x64\Lib\threading.py", line 1082 in _bootstrap_inner
  File "C:\hostedtoolcache\windows\Python\3.14.6\x64\Lib\threading.py", line 1044 in _bootstrap

Thread 0x000016b8 [CLIPipeServer] (most recent call first):
  File "D:\a\yasb\yasb\src\core\utils\win32\bindings\kernel32.py", line 288 in ConnectNamedPipe
  File "D:\a\yasb\yasb\src\core\utils\cli_server.py", line 235 in _run_server
  File "C:\hostedtoolcache\windows\Python\3.14.6\x64\Lib\threading.py", line 1024 in run
  File "C:\hostedtoolcache\windows\Python\3.14.6\x64\Lib\threading.py", line 1082 in _bootstrap_inner
  File "C:\hostedtoolcache\windows\Python\3.14.6\x64\Lib\threading.py", line 1044 in _bootstrap

Current thread 0x00003244 (most recent call first):
  File "D:\a\yasb\yasb\venv\Lib\site-packages\qasync\__init__.py", line 404 in run_forever
  File "D:\a\yasb\yasb\venv\Lib\site-packages\qasync\__init__.py", line 428 in run_until_complete
  File "main.py", line 100 in main
  File "main.py", line 203 in <module>
  File "D:\a\yasb\yasb\venv\Lib\site-packages\freeze_core\initscripts\console.py", line 27 in run
  File "D:\a\yasb\yasb\venv\Lib\site-packages\freeze_core\initscripts\__startup__.py", line 137 in run

Current thread's C stack trace (most recent call first):
  <cannot get C stack on this system>
2026-08-04 09:31:35,082 [INFO] [MainThread] [root/api.py:69]: Fetching new weather data at 2026-08-04 09:31:35.082643
2026-08-04 09:41:35,107 [INFO] [MainThread] [root/api.py:69]: Fetching new weather data at 2026-08-04 09:41:35.107892
2026-08-04 09:51:35,106 [INFO] [MainThread] [root/api.py:69]: Fetching new weather data at 2026-08-04 09:51:35.106097
2026-08-04 10:01:35,088 [INFO] [MainThread] [root/api.py:69]: Fetching new weather data at 2026-08-04 10:01:35.088631
2026-08-04 10:11:35,092 [INFO] [MainThread] [root/api.py:69]: Fetching new weather data at 2026-08-04 10:11:35.092938
2026-08-04 10:21:35,094 [INFO] [MainThread] [root/api.py:69]: Fetching new weather data at 2026-08-04 10:21:35.094089
2026-08-04 10:31:35,089 [INFO] [MainThread] [root/api.py:69]: Fetching new weather data at 2026-08-04 10:31:35.089798
2026-08-04 10:41:35,081 [INFO] [MainThread] [root/api.py:69]: Fetching new weather data at 2026-08-04 10:41:35.081611
2026-08-04 10:51:35,079 [INFO] [MainThread] [root/api.py:69]: Fetching new weather data at 2026-08-04 10:51:35.079464
2026-08-04 11:01:35,091 [INFO] [MainThread] [root/api.py:69]: Fetching new weather data at 2026-08-04 11:01:35.091703
2026-08-04 11:11:35,089 [INFO] [MainThread] [root/api.py:69]: Fetching new weather data at 2026-08-04 11:11:35.089606
2026-08-04 11:21:35,095 [INFO] [MainThread] [root/api.py:69]: Fetching new weather data at 2026-08-04 11:21:35.095456
2026-08-04 11:31:35,092 [INFO] [MainThread] [root/api.py:69]: Fetching new weather data at 2026-08-04 11:31:35.092395
2026-08-04 11:41:35,093 [INFO] [MainThread] [root/api.py:69]: Fetching new weather data at 2026-08-04 11:41:35.093898
2026-08-04 11:51:35,086 [INFO] [MainThread] [root/api.py:69]: Fetching new weather data at 2026-08-04 11:51:35.086506
2026-08-04 12:01:35,101 [INFO] [MainThread] [root/api.py:69]: Fetching new weather data at 2026-08-04 12:01:35.101654
2026-08-04 12:11:44,703 [INFO] [MainThread] [root/api.py:69]: Fetching new weather data at 2026-08-04 12:11:44.703339
2026-08-04 12:21:35,089 [INFO] [MainThread] [root/api.py:69]: Fetching new weather data at 2026-08-04 12:21:35.089547
2026-08-04 12:31:35,092 [INFO] [MainThread] [root/api.py:69]: Fetching new weather data at 2026-08-04 12:31:35.092880
2026-08-04 12:41:35,125 [INFO] [MainThread] [root/api.py:69]: Fetching new weather data at 2026-08-04 12:41:35.125178
2026-08-04 12:51:35,403 [INFO] [MainThread] [root/api.py:69]: Fetching new weather data at 2026-08-04 12:51:35.403019
2026-08-04 13:01:35,081 [INFO] [MainThread] [root/api.py:69]: Fetching new weather data at 2026-08-04 13:01:35.081887
2026-08-04 13:11:35,114 [INFO] [MainThread] [root/api.py:69]: Fetching new weather data at 2026-08-04 13:11:35.114957
2026-08-04 13:21:35,121 [INFO] [MainThread] [root/api.py:69]: Fetching new weather data at 2026-08-04 13:21:35.121849
2026-08-04 13:31:35,090 [INFO] [MainThread] [root/api.py:69]: Fetching new weather data at 2026-08-04 13:31:35.090568
2026-08-04 13:41:35,270 [INFO] [MainThread] [root/api.py:69]: Fetching new weather data at 2026-08-04 13:41:35.270562
2026-08-04 13:51:35,090 [INFO] [MainThread] [root/api.py:69]: Fetching new weather data at 2026-08-04 13:51:35.090050
2026-08-04 14:01:35,108 [INFO] [MainThread] [root/api.py:69]: Fetching new weather data at 2026-08-04 14:01:35.108938
2026-08-04 14:11:35,083 [INFO] [MainThread] [root/api.py:69]: Fetching new weather data at 2026-08-04 14:11:35.083146
2026-08-04 14:21:35,096 [INFO] [MainThread] [root/api.py:69]: Fetching new weather data at 2026-08-04 14:21:35.096113
2026-08-04 14:31:35,091 [INFO] [MainThread] [root/api.py:69]: Fetching new weather data at 2026-08-04 14:31:35.091315
2026-08-04 14:41:35,148 [INFO] [MainThread] [root/api.py:69]: Fetching new weather data at 2026-08-04 14:41:35.148444
2026-08-04 14:51:35,086 [INFO] [MainThread] [root/api.py:69]: Fetching new weather data at 2026-08-04 14:51:35.085981
2026-08-04 15:01:35,085 [INFO] [MainThread] [root/api.py:69]: Fetching new weather data at 2026-08-04 15:01:35.085843
2026-08-04 15:11:35,094 [INFO] [MainThread] [root/api.py:69]: Fetching new weather data at 2026-08-04 15:11:35.094718
2026-08-04 15:21:35,107 [INFO] [MainThread] [root/api.py:69]: Fetching new weather data at 2026-08-04 15:21:35.107250
2026-08-04 15:31:35,088 [INFO] [MainThread] [root/api.py:69]: Fetching new weather data at 2026-08-04 15:31:35.088744
2026-08-04 15:41:35,148 [INFO] [MainThread] [root/api.py:69]: Fetching new weather data at 2026-08-04 15:41:35.148012
2026-08-04 15:51:35,085 [INFO] [MainThread] [root/api.py:69]: Fetching new weather data at 2026-08-04 15:51:35.085068
2026-08-04 16:01:35,096 [INFO] [MainThread] [root/api.py:69]: Fetching new weather data at 2026-08-04 16:01:35.095963
2026-08-04 16:11:35,097 [INFO] [MainThread] [root/api.py:69]: Fetching new weather data at 2026-08-04 16:11:35.097946
2026-08-04 16:21:35,079 [INFO] [MainThread] [root/api.py:69]: Fetching new weather data at 2026-08-04 16:21:35.079493
2026-08-04 16:31:35,083 [INFO] [MainThread] [root/api.py:69]: Fetching new weather data at 2026-08-04 16:31:35.083323
2026-08-04 16:41:35,084 [INFO] [MainThread] [root/api.py:69]: Fetching new weather data at 2026-08-04 16:41:35.084348
2026-08-04 16:51:35,100 [INFO] [MainThread] [root/api.py:69]: Fetching new weather data at 2026-08-04 16:51:35.100472
2026-08-04 17:01:35,090 [INFO] [MainThread] [root/api.py:69]: Fetching new weather data at 2026-08-04 17:01:35.090906
2026-08-04 17:11:35,125 [INFO] [MainThread] [root/api.py:69]: Fetching new weather data at 2026-08-04 17:11:35.125187
2026-08-04 17:21:35,084 [INFO] [MainThread] [root/api.py:69]: Fetching new weather data at 2026-08-04 17:21:35.084460
2026-08-04 17:31:35,083 [INFO] [MainThread] [root/api.py:69]: Fetching new weather data at 2026-08-04 17:31:35.083962
2026-08-04 17:41:35,086 [INFO] [MainThread] [root/api.py:69]: Fetching new weather data at 2026-08-04 17:41:35.086782
2026-08-04 17:51:35,087 [INFO] [MainThread] [root/api.py:69]: Fetching new weather data at 2026-08-04 17:51:35.087586
2026-08-04 18:01:35,093 [INFO] [MainThread] [root/api.py:69]: Fetching new weather data at 2026-08-04 18:01:35.093906
2026-08-04 18:11:35,086 [INFO] [MainThread] [root/api.py:69]: Fetching new weather data at 2026-08-04 18:11:35.086062
2026-08-04 18:21:35,081 [INFO] [MainThread] [root/api.py:69]: Fetching new weather data at 2026-08-04 18:21:35.081803
2026-08-04 18:31:35,111 [INFO] [MainThread] [root/api.py:69]: Fetching new weather data at 2026-08-04 18:31:35.111899
2026-08-04 18:41:35,087 [INFO] [MainThread] [root/api.py:69]: Fetching new weather data at 2026-08-04 18:41:35.087375
2026-08-04 18:51:35,091 [INFO] [MainThread] [root/api.py:69]: Fetching new weather data at 2026-08-04 18:51:35.091220
2026-08-04 19:01:35,151 [INFO] [MainThread] [root/api.py:69]: Fetching new weather data at 2026-08-04 19:01:35.151191
2026-08-04 19:11:35,103 [INFO] [MainThread] [root/api.py:69]: Fetching new weather data at 2026-08-04 19:11:35.103955
2026-08-04 19:21:35,084 [INFO] [MainThread] [root/api.py:69]: Fetching new weather data at 2026-08-04 19:21:35.084656
2026-08-04 19:31:35,091 [INFO] [MainThread] [root/api.py:69]: Fetching new weather data at 2026-08-04 19:31:35.091572
2026-08-04 19:41:35,087 [INFO] [MainThread] [root/api.py:69]: Fetching new weather data at 2026-08-04 19:41:35.087040
2026-08-04 19:51:35,093 [INFO] [MainThread] [root/api.py:69]: Fetching new weather data at 2026-08-04 19:51:35.092970
2026-08-04 20:01:35,090 [INFO] [MainThread] [root/api.py:69]: Fetching new weather data at 2026-08-04 20:01:35.090800
2026-08-04 20:01:48,887 [INFO] [MainThread] [root/controller.py:43]: Exiting Application...
2026-08-04 20:01:49,002 [INFO] [MainThread] [cli_server/cli_server.py:114]: Log pipe server stopped
2026-08-04 20:01:49,314 [INFO] [MainThread] [root/bar_manager.py:119]: Stopping SystemEventListener...
2026-08-04 23:54:10,543 [INFO] [MainThread] [root/log.py:104]: YASB v2.0.5
2026-08-04 23:54:10,544 [INFO] [CLIPipeServer] [cli_server/cli_server.py:216]: CLI server started v1.1.7
2026-08-04 23:54:10,545 [INFO] [MainThread] [cli_server/cli_server.py:106]: Log pipe server started
2026-08-04 23:54:10,988 [INFO] [MainThread] [root/service.py:52]: AudioOutputService starting...
2026-08-04 23:54:11,220 [INFO] [MainThread] [root/bar_manager.py:103]: Starting SystemEventListener...
2026-08-04 23:54:11,222 [INFO] [MainThread] [root/watcher.py:65]: Watching directory: c:\users\erick\.config\yasb
2026-08-04 23:54:11,222 [INFO] [MainThread] [root/watcher.py:104]: Created file watcher
2026-08-04 23:54:11,283 [INFO] [MainThread] [root/update_service.py:434]: Background update checker started
2026-08-04 23:54:11,643 [INFO] [MainThread] [root/api.py:69]: Fetching new weather data at 2026-08-04 23:54:11.643237
Windows fatal exception: code 0x8001010d

Thread 0x000011fc [Thread-5] (most recent call first):
  File "C:\hostedtoolcache\windows\Python\3.14.6\x64\Lib\threading.py", line 369 in wait
  File "C:\hostedtoolcache\windows\Python\3.14.6\x64\Lib\queue.py", line 199 in get
  File "D:\a\yasb\yasb\venv\Lib\site-packages\watchdog\observers\api.py", line 379 in dispatch_events
  File "D:\a\yasb\yasb\venv\Lib\site-packages\watchdog\observers\api.py", line 213 in run
  File "C:\hostedtoolcache\windows\Python\3.14.6\x64\Lib\threading.py", line 1082 in _bootstrap_inner
  File "C:\hostedtoolcache\windows\Python\3.14.6\x64\Lib\threading.py", line 1044 in _bootstrap

Thread 0x00001200 [Thread-6] (most recent call first):
  File "D:\a\yasb\yasb\venv\Lib\site-packages\watchdog\observers\winapi.py", line 326 in read_directory_changes
  File "D:\a\yasb\yasb\venv\Lib\site-packages\watchdog\observers\winapi.py", line 380 in read_events
  File "D:\a\yasb\yasb\venv\Lib\site-packages\watchdog\observers\read_directory_changes.py", line 67 in _read_events
  File "D:\a\yasb\yasb\venv\Lib\site-packages\watchdog\observers\read_directory_changes.py", line 70 in queue_events
  File "D:\a\yasb\yasb\venv\Lib\site-packages\watchdog\observers\api.py", line 158 in run
  File "C:\hostedtoolcache\windows\Python\3.14.6\x64\Lib\threading.py", line 1082 in _bootstrap_inner
  File "C:\hostedtoolcache\windows\Python\3.14.6\x64\Lib\threading.py", line 1044 in _bootstrap

Thread 0x000011dc [SystemEventListener] (most recent call first):
  File "D:\a\yasb\yasb\src\core\utils\win32\event_listener.py", line 69 in run

Thread 0x00004f38 [WiFiWorker] (most recent call first):
  File "D:\a\yasb\yasb\src\core\widgets\services\wifi\wifi_managers.py", line 151 in run

Thread 0x00004ee0 [MemoryWorker] (most recent call first):
  File "D:\a\yasb\yasb\src\core\widgets\services\memory\memory_api.py", line 244 in run

Thread 0x00001f38 [_EventWorker] (most recent call first):
  File "D:\a\yasb\yasb\venv\Lib\site-packages\qasync\_windows.py", line 147 in _poll
  File "D:\a\yasb\yasb\venv\Lib\site-packages\qasync\_windows.py", line 72 in select
  File "D:\a\yasb\yasb\venv\Lib\site-packages\qasync\_windows.py", line 199 in run

Thread 0x000009d8 [LogPipeServer] (most recent call first):
  File "D:\a\yasb\yasb\src\core\utils\win32\bindings\kernel32.py", line 288 in ConnectNamedPipe
  File "D:\a\yasb\yasb\src\core\utils\cli_server.py", line 138 in _run_server
  File "C:\hostedtoolcache\windows\Python\3.14.6\x64\Lib\threading.py", line 1024 in run
  File "C:\hostedtoolcache\windows\Python\3.14.6\x64\Lib\threading.py", line 1082 in _bootstrap_inner
  File "C:\hostedtoolcache\windows\Python\3.14.6\x64\Lib\threading.py", line 1044 in _bootstrap

Thread 0x000009e0 [CLIPipeServer] (most recent call first):
  File "D:\a\yasb\yasb\src\core\utils\win32\bindings\kernel32.py", line 288 in ConnectNamedPipe
  File "D:\a\yasb\yasb\src\core\utils\cli_server.py", line 235 in _run_server
  File "C:\hostedtoolcache\windows\Python\3.14.6\x64\Lib\threading.py", line 1024 in run
  File "C:\hostedtoolcache\windows\Python\3.14.6\x64\Lib\threading.py", line 1082 in _bootstrap_inner
  File "C:\hostedtoolcache\windows\Python\3.14.6\x64\Lib\threading.py", line 1044 in _bootstrap

Current thread 0x000006fc (most recent call first):
  File "D:\a\yasb\yasb\venv\Lib\site-packages\qasync\__init__.py", line 404 in run_forever
  File "D:\a\yasb\yasb\venv\Lib\site-packages\qasync\__init__.py", line 428 in run_until_complete
  File "main.py", line 100 in main
  File "main.py", line 203 in <module>
  File "D:\a\yasb\yasb\venv\Lib\site-packages\freeze_core\initscripts\console.py", line 27 in run
  File "D:\a\yasb\yasb\venv\Lib\site-packages\freeze_core\initscripts\__startup__.py", line 137 in run

Current thread's C stack trace (most recent call first):
  <cannot get C stack on this system>
2026-08-05 00:04:11,136 [INFO] [MainThread] [root/api.py:69]: Fetching new weather data at 2026-08-05 00:04:11.135977
2026-08-05 00:14:11,322 [INFO] [MainThread] [root/api.py:69]: Fetching new weather data at 2026-08-05 00:14:11.322281
2026-08-05 00:24:11,131 [INFO] [MainThread] [root/api.py:69]: Fetching new weather data at 2026-08-05 00:24:11.131199
2026-08-05 00:34:11,142 [INFO] [MainThread] [root/api.py:69]: Fetching new weather data at 2026-08-05 00:34:11.142617
2026-08-05 00:44:21,178 [WARNING] [MainThread] [root/api.py:80]: Weather API returned error 504. Will retry on next interval.
2026-08-05 00:44:21,193 [WARNING] [MainThread] [root/weather.py:565]: Error processing weather data: Weather data is empty.. Retrying fetch in 10 seconds.
2026-08-05 00:44:21,194 [WARNING] [MainThread] [root/weather.py:565]: Error processing weather data: Weather data is empty.. Retrying fetch in 10 seconds.
2026-08-05 00:44:41,320 [WARNING] [MainThread] [root/api.py:80]: Weather API returned error 504. Will retry on next interval.
2026-08-05 00:44:41,320 [WARNING] [MainThread] [root/weather.py:565]: Error processing weather data: Weather data is empty.. Retrying fetch in 10 seconds.
2026-08-05 00:44:41,320 [WARNING] [MainThread] [root/weather.py:565]: Error processing weather data: Weather data is empty.. Retrying fetch in 10 seconds.
2026-08-05 00:44:41,459 [WARNING] [MainThread] [root/api.py:80]: Weather API returned error 504. Will retry on next interval.
2026-08-05 00:45:01,445 [WARNING] [MainThread] [root/api.py:80]: Weather API returned error 504. Will retry on next interval.
2026-08-05 00:45:01,445 [WARNING] [MainThread] [root/weather.py:565]: Error processing weather data: Weather data is empty.. Retrying fetch in 10 seconds.
2026-08-05 00:45:01,446 [WARNING] [MainThread] [root/weather.py:565]: Error processing weather data: Weather data is empty.. Retrying fetch in 10 seconds.
2026-08-05 00:45:01,455 [WARNING] [MainThread] [root/api.py:80]: Weather API returned error 504. Will retry on next interval.
2026-08-05 00:45:21,575 [WARNING] [MainThread] [root/api.py:80]: Weather API returned error 504. Will retry on next interval.
2026-08-05 00:45:21,575 [WARNING] [MainThread] [root/weather.py:565]: Error processing weather data: Weather data is empty.. Retrying fetch in 10 seconds.
2026-08-05 00:45:21,576 [WARNING] [MainThread] [root/weather.py:565]: Error processing weather data: Weather data is empty.. Retrying fetch in 10 seconds.
2026-08-05 00:45:21,579 [WARNING] [MainThread] [root/api.py:80]: Weather API returned error 504. Will retry on next interval.
2026-08-05 00:45:41,712 [WARNING] [MainThread] [root/api.py:80]: Weather API returned error 504. Will retry on next interval.
2026-08-05 00:45:41,713 [WARNING] [MainThread] [root/weather.py:565]: Error processing weather data: Weather data is empty.. Retrying fetch in 10 seconds.
2026-08-05 00:45:41,713 [WARNING] [MainThread] [root/weather.py:565]: Error processing weather data: Weather data is empty.. Retrying fetch in 10 seconds.
2026-08-05 00:45:41,715 [WARNING] [MainThread] [root/api.py:80]: Weather API returned error 504. Will retry on next interval.
2026-08-05 00:46:01,848 [WARNING] [MainThread] [root/api.py:80]: Weather API returned error 504. Will retry on next interval.
2026-08-05 00:46:01,848 [WARNING] [MainThread] [root/weather.py:565]: Error processing weather data: Weather data is empty.. Retrying fetch in 10 seconds.
2026-08-05 00:46:01,849 [WARNING] [MainThread] [root/weather.py:565]: Error processing weather data: Weather data is empty.. Retrying fetch in 10 seconds.
2026-08-05 00:46:01,852 [WARNING] [MainThread] [root/api.py:80]: Weather API returned error 504. Will retry on next interval.
2026-08-05 00:46:21,976 [WARNING] [MainThread] [root/api.py:80]: Weather API returned error 504. Will retry on next interval.
2026-08-05 00:46:21,977 [WARNING] [MainThread] [root/weather.py:565]: Error processing weather data: Weather data is empty.. Retrying fetch in 10 seconds.
2026-08-05 00:46:21,977 [WARNING] [MainThread] [root/weather.py:565]: Error processing weather data: Weather data is empty.. Retrying fetch in 10 seconds.
2026-08-05 00:46:21,980 [WARNING] [MainThread] [root/api.py:80]: Weather API returned error 504. Will retry on next interval.
2026-08-05 00:46:42,101 [WARNING] [MainThread] [root/api.py:80]: Weather API returned error 504. Will retry on next interval.
2026-08-05 00:46:42,101 [WARNING] [MainThread] [root/weather.py:565]: Error processing weather data: Weather data is empty.. Retrying fetch in 10 seconds.
2026-08-05 00:46:42,102 [WARNING] [MainThread] [root/weather.py:565]: Error processing weather data: Weather data is empty.. Retrying fetch in 10 seconds.
2026-08-05 00:46:42,112 [WARNING] [MainThread] [root/api.py:80]: Weather API returned error 504. Will retry on next interval.
2026-08-05 00:47:02,232 [WARNING] [MainThread] [root/api.py:80]: Weather API returned error 504. Will retry on next interval.
2026-08-05 00:47:02,232 [WARNING] [MainThread] [root/weather.py:565]: Error processing weather data: Weather data is empty.. Retrying fetch in 10 seconds.
2026-08-05 00:47:02,233 [WARNING] [MainThread] [root/weather.py:565]: Error processing weather data: Weather data is empty.. Retrying fetch in 10 seconds.
2026-08-05 00:47:02,237 [WARNING] [MainThread] [root/api.py:80]: Weather API returned error 504. Will retry on next interval.
2026-08-05 00:47:21,501 [WARNING] [MainThread] [root/api.py:80]: Weather API returned error 502. Will retry on next interval.
2026-08-05 00:47:21,502 [WARNING] [MainThread] [root/weather.py:565]: Error processing weather data: Weather data is empty.. Retrying fetch in 10 seconds.
2026-08-05 00:47:21,503 [WARNING] [MainThread] [root/weather.py:565]: Error processing weather data: Weather data is empty.. Retrying fetch in 10 seconds.
2026-08-05 00:47:22,378 [WARNING] [MainThread] [root/api.py:80]: Weather API returned error 504. Will retry on next interval.
2026-08-05 00:47:41,637 [WARNING] [MainThread] [root/api.py:80]: Weather API returned error 504. Will retry on next interval.
2026-08-05 00:47:41,637 [WARNING] [MainThread] [root/weather.py:565]: Error processing weather data: Weather data is empty.. Retrying fetch in 10 seconds.
2026-08-05 00:47:41,638 [WARNING] [MainThread] [root/weather.py:565]: Error processing weather data: Weather data is empty.. Retrying fetch in 10 seconds.
2026-08-05 00:47:41,642 [WARNING] [MainThread] [root/api.py:80]: Weather API returned error 504. Will retry on next interval.
2026-08-05 00:48:01,769 [WARNING] [MainThread] [root/api.py:80]: Weather API returned error 504. Will retry on next interval.
2026-08-05 00:48:01,770 [WARNING] [MainThread] [root/weather.py:565]: Error processing weather data: Weather data is empty.. Retrying fetch in 10 seconds.
2026-08-05 00:48:01,770 [WARNING] [MainThread] [root/weather.py:565]: Error processing weather data: Weather data is empty.. Retrying fetch in 10 seconds.
2026-08-05 00:48:01,772 [WARNING] [MainThread] [root/api.py:80]: Weather API returned error 504. Will retry on next interval.
2026-08-05 00:48:21,899 [WARNING] [MainThread] [root/api.py:80]: Weather API returned error 504. Will retry on next interval.
2026-08-05 00:48:21,899 [WARNING] [MainThread] [root/weather.py:565]: Error processing weather data: Weather data is empty.. Retrying fetch in 10 seconds.
2026-08-05 00:48:21,900 [WARNING] [MainThread] [root/weather.py:565]: Error processing weather data: Weather data is empty.. Retrying fetch in 10 seconds.
2026-08-05 00:48:21,901 [WARNING] [MainThread] [root/api.py:80]: Weather API returned error 504. Will retry on next interval.
2026-08-05 00:48:42,020 [WARNING] [MainThread] [root/api.py:80]: Weather API returned error 504. Will retry on next interval.
2026-08-05 00:48:42,020 [WARNING] [MainThread] [root/weather.py:565]: Error processing weather data: Weather data is empty.. Retrying fetch in 10 seconds.
2026-08-05 00:48:42,021 [WARNING] [MainThread] [root/weather.py:565]: Error processing weather data: Weather data is empty.. Retrying fetch in 10 seconds.
2026-08-05 00:48:42,038 [WARNING] [MainThread] [root/api.py:80]: Weather API returned error 504. Will retry on next interval.
2026-08-05 00:49:00,202 [INFO] [MainThread] [root/api.py:69]: Fetching new weather data at 2026-08-05 00:49:00.202163
2026-08-05 00:49:00,207 [INFO] [MainThread] [root/api.py:69]: Fetching new weather data at 2026-08-05 00:49:00.207944
2026-08-05 00:54:11,404 [INFO] [MainThread] [root/api.py:69]: Fetching new weather data at 2026-08-05 00:54:11.404628
2026-08-05 01:04:11,388 [INFO] [MainThread] [root/api.py:69]: Fetching new weather data at 2026-08-05 01:04:11.388873
2026-08-05 01:14:11,381 [INFO] [MainThread] [root/api.py:69]: Fetching new weather data at 2026-08-05 01:14:11.381669
2026-08-05 01:24:11,385 [INFO] [MainThread] [root/api.py:69]: Fetching new weather data at 2026-08-05 01:24:11.385741
2026-08-05 01:33:15,495 [INFO] [MainThread] [root/bar_helper.py:594]: AppBarManager need to re-register 2 bars
2026-08-05 01:33:16,008 [INFO] [MainThread] [root/bar_helper.py:603]: Re-registered AppBar for primary-bar_24G50F_578e0964 (space reservation + fullscreen)
2026-08-05 01:33:16,127 [INFO] [MainThread] [root/bar_helper.py:603]: Re-registered AppBar for primary-bar_BenQ RL2755_0ed697bd (space reservation + fullscreen)
2026-08-05 01:34:11,403 [INFO] [MainThread] [root/api.py:69]: Fetching new weather data at 2026-08-05 01:34:11.403193
2026-08-05 01:44:11,535 [INFO] [MainThread] [root/api.py:69]: Fetching new weather data at 2026-08-05 01:44:11.535585
2026-08-05 01:54:11,673 [INFO] [MainThread] [root/api.py:69]: Fetching new weather data at 2026-08-05 01:54:11.673895
2026-08-05 02:04:11,458 [INFO] [MainThread] [root/api.py:69]: Fetching new weather data at 2026-08-05 02:04:11.458372
2026-08-05 02:14:11,396 [INFO] [MainThread] [root/api.py:69]: Fetching new weather data at 2026-08-05 02:14:11.396090
2026-08-05 02:24:11,616 [INFO] [MainThread] [root/api.py:69]: Fetching new weather data at 2026-08-05 02:24:11.616390
2026-08-05 02:34:11,417 [INFO] [MainThread] [root/api.py:69]: Fetching new weather data at 2026-08-05 02:34:11.417011
2026-08-05 02:44:11,405 [INFO] [MainThread] [root/api.py:69]: Fetching new weather data at 2026-08-05 02:44:11.405937
2026-08-05 02:54:11,403 [INFO] [MainThread] [root/api.py:69]: Fetching new weather data at 2026-08-05 02:54:11.403043
2026-08-05 03:04:11,408 [INFO] [MainThread] [root/api.py:69]: Fetching new weather data at 2026-08-05 03:04:11.408541
2026-08-05 03:14:11,421 [INFO] [MainThread] [root/api.py:69]: Fetching new weather data at 2026-08-05 03:14:11.421406
2026-08-05 03:24:11,598 [INFO] [MainThread] [root/api.py:69]: Fetching new weather data at 2026-08-05 03:24:11.598326
2026-08-05 03:34:11,398 [INFO] [MainThread] [root/api.py:69]: Fetching new weather data at 2026-08-05 03:34:11.398327
2026-08-05 03:44:11,403 [INFO] [MainThread] [root/api.py:69]: Fetching new weather data at 2026-08-05 03:44:11.403790
2026-08-05 03:54:11,410 [INFO] [MainThread] [root/api.py:69]: Fetching new weather data at 2026-08-05 03:54:11.410602
2026-08-05 04:04:11,409 [INFO] [MainThread] [root/api.py:69]: Fetching new weather data at 2026-08-05 04:04:11.409291
2026-08-05 04:14:11,418 [INFO] [MainThread] [root/api.py:69]: Fetching new weather data at 2026-08-05 04:14:11.418211
2026-08-05 04:24:11,552 [INFO] [MainThread] [root/api.py:69]: Fetching new weather data at 2026-08-05 04:24:11.552297
2026-08-05 04:34:11,421 [INFO] [MainThread] [root/api.py:69]: Fetching new weather data at 2026-08-05 04:34:11.421548
2026-08-05 04:44:11,402 [INFO] [MainThread] [root/api.py:69]: Fetching new weather data at 2026-08-05 04:44:11.402604
2026-08-05 04:54:11,410 [INFO] [MainThread] [root/api.py:69]: Fetching new weather data at 2026-08-05 04:54:11.410551
2026-08-05 05:04:11,593 [INFO] [MainThread] [root/api.py:69]: Fetching new weather data at 2026-08-05 05:04:11.593445
2026-08-05 05:14:11,487 [INFO] [MainThread] [root/api.py:69]: Fetching new weather data at 2026-08-05 05:14:11.487581
2026-08-05 05:24:11,402 [INFO] [MainThread] [root/api.py:69]: Fetching new weather data at 2026-08-05 05:24:11.402265
2026-08-05 05:34:11,424 [INFO] [MainThread] [root/api.py:69]: Fetching new weather data at 2026-08-05 05:34:11.424352
2026-08-05 05:44:11,405 [INFO] [MainThread] [root/api.py:69]: Fetching new weather data at 2026-08-05 05:44:11.405491
2026-08-05 05:54:11,183 [INFO] [MainThread] [root/api.py:69]: Fetching new weather data at 2026-08-05 05:54:11.182984
2026-08-05 06:04:11,186 [INFO] [MainThread] [root/api.py:69]: Fetching new weather data at 2026-08-05 06:04:11.186544
2026-08-05 06:07:11,240 [INFO] [MainThread] [root/controller.py:43]: Exiting Application...
2026-08-05 06:07:11,346 [INFO] [MainThread] [cli_server/cli_server.py:114]: Log pipe server stopped
2026-08-05 06:07:11,584 [INFO] [MainThread] [root/bar_manager.py:119]: Stopping SystemEventListener...
2026-08-05 14:44:31,858 [INFO] [MainThread] [root/log.py:104]: YASB v2.0.5
2026-08-05 14:44:31,859 [INFO] [CLIPipeServer] [cli_server/cli_server.py:216]: CLI server started v1.1.7
2026-08-05 14:44:31,859 [INFO] [MainThread] [cli_server/cli_server.py:106]: Log pipe server started
2026-08-05 14:44:32,338 [INFO] [MainThread] [root/service.py:52]: AudioOutputService starting...
2026-08-05 14:44:32,588 [INFO] [MainThread] [root/bar_manager.py:103]: Starting SystemEventListener...
2026-08-05 14:44:32,590 [INFO] [MainThread] [root/watcher.py:65]: Watching directory: c:\users\erick\.config\yasb
2026-08-05 14:44:32,590 [INFO] [MainThread] [root/watcher.py:104]: Created file watcher
2026-08-05 14:44:32,636 [INFO] [MainThread] [root/update_service.py:434]: Background update checker started
2026-08-05 14:44:33,218 [INFO] [MainThread] [root/api.py:69]: Fetching new weather data at 2026-08-05 14:44:33.218326
Windows fatal exception: code 0x8001010d

Thread 0x00003f18 [SystemEventListener] (most recent call first):
  File "D:\a\yasb\yasb\src\core\utils\win32\event_listener.py", line 69 in run

Thread 0x000040f0 [Thread-5] (most recent call first):
  File "C:\hostedtoolcache\windows\Python\3.14.6\x64\Lib\threading.py", line 369 in wait
  File "C:\hostedtoolcache\windows\Python\3.14.6\x64\Lib\queue.py", line 199 in get
  File "D:\a\yasb\yasb\venv\Lib\site-packages\watchdog\observers\api.py", line 379 in dispatch_events
  File "D:\a\yasb\yasb\venv\Lib\site-packages\watchdog\observers\api.py", line 213 in run
  File "C:\hostedtoolcache\windows\Python\3.14.6\x64\Lib\threading.py", line 1082 in _bootstrap_inner
  File "C:\hostedtoolcache\windows\Python\3.14.6\x64\Lib\threading.py", line 1044 in _bootstrap

Thread 0x00002e64 [Thread-6] (most recent call first):
  File "D:\a\yasb\yasb\venv\Lib\site-packages\watchdog\observers\winapi.py", line 326 in read_directory_changes
  File "D:\a\yasb\yasb\venv\Lib\site-packages\watchdog\observers\winapi.py", line 380 in read_events
  File "D:\a\yasb\yasb\venv\Lib\site-packages\watchdog\observers\read_directory_changes.py", line 67 in _read_events
  File "D:\a\yasb\yasb\venv\Lib\site-packages\watchdog\observers\read_directory_changes.py", line 70 in queue_events
  File "D:\a\yasb\yasb\venv\Lib\site-packages\watchdog\observers\api.py", line 158 in run
  File "C:\hostedtoolcache\windows\Python\3.14.6\x64\Lib\threading.py", line 1082 in _bootstrap_inner
  File "C:\hostedtoolcache\windows\Python\3.14.6\x64\Lib\threading.py", line 1044 in _bootstrap

Thread 0x000029dc [WiFiWorker] (most recent call first):
  File "D:\a\yasb\yasb\src\core\widgets\services\wifi\wifi_managers.py", line 151 in run

Thread 0x00000c14 [MemoryWorker] (most recent call first):
  File "D:\a\yasb\yasb\src\core\widgets\services\memory\memory_api.py", line 244 in run

Thread 0x000039dc [_EventWorker] (most recent call first):
  File "D:\a\yasb\yasb\venv\Lib\site-packages\qasync\_windows.py", line 147 in _poll
  File "D:\a\yasb\yasb\venv\Lib\site-packages\qasync\_windows.py", line 72 in select
  File "D:\a\yasb\yasb\venv\Lib\site-packages\qasync\_windows.py", line 199 in run

Thread 0x00003f94 [LogPipeServer] (most recent call first):
  File "D:\a\yasb\yasb\src\core\utils\win32\bindings\kernel32.py", line 288 in ConnectNamedPipe
  File "D:\a\yasb\yasb\src\core\utils\cli_server.py", line 138 in _run_server
  File "C:\hostedtoolcache\windows\Python\3.14.6\x64\Lib\threading.py", line 1024 in run
  File "C:\hostedtoolcache\windows\Python\3.14.6\x64\Lib\threading.py", line 1082 in _bootstrap_inner
  File "C:\hostedtoolcache\windows\Python\3.14.6\x64\Lib\threading.py", line 1044 in _bootstrap

Thread 0x00003f34 [CLIPipeServer] (most recent call first):
  File "D:\a\yasb\yasb\src\core\utils\win32\bindings\kernel32.py", line 288 in ConnectNamedPipe
  File "D:\a\yasb\yasb\src\core\utils\cli_server.py", line 235 in _run_server
  File "C:\hostedtoolcache\windows\Python\3.14.6\x64\Lib\threading.py", line 1024 in run
  File "C:\hostedtoolcache\windows\Python\3.14.6\x64\Lib\threading.py", line 1082 in _bootstrap_inner
  File "C:\hostedtoolcache\windows\Python\3.14.6\x64\Lib\threading.py", line 1044 in _bootstrap

Current thread 0x00001e94 (most recent call first):
  File "D:\a\yasb\yasb\venv\Lib\site-packages\qasync\__init__.py", line 404 in run_forever
  File "D:\a\yasb\yasb\venv\Lib\site-packages\qasync\__init__.py", line 428 in run_until_complete
  File "main.py", line 100 in main
  File "main.py", line 203 in <module>
  File "D:\a\yasb\yasb\venv\Lib\site-packages\freeze_core\initscripts\console.py", line 27 in run
  File "D:\a\yasb\yasb\venv\Lib\site-packages\freeze_core\initscripts\__startup__.py", line 137 in run

Current thread's C stack trace (most recent call first):
  <cannot get C stack on this system>
2026-08-05 14:54:32,475 [INFO] [MainThread] [root/api.py:69]: Fetching new weather data at 2026-08-05 14:54:32.475240
2026-08-05 15:04:32,489 [INFO] [MainThread] [root/api.py:69]: Fetching new weather data at 2026-08-05 15:04:32.489675
2026-08-05 15:14:32,502 [INFO] [MainThread] [root/api.py:69]: Fetching new weather data at 2026-08-05 15:14:32.502159
2026-08-05 15:24:32,485 [INFO] [MainThread] [root/api.py:69]: Fetching new weather data at 2026-08-05 15:24:32.485603
2026-08-05 15:34:32,486 [INFO] [MainThread] [root/api.py:69]: Fetching new weather data at 2026-08-05 15:34:32.486872
2026-08-05 15:44:32,486 [INFO] [MainThread] [root/api.py:69]: Fetching new weather data at 2026-08-05 15:44:32.486437
2026-08-05 15:54:32,484 [INFO] [MainThread] [root/api.py:69]: Fetching new weather data at 2026-08-05 15:54:32.484784
2026-08-05 16:04:32,503 [INFO] [MainThread] [root/api.py:69]: Fetching new weather data at 2026-08-05 16:04:32.503079
2026-08-05 16:14:32,501 [INFO] [MainThread] [root/api.py:69]: Fetching new weather data at 2026-08-05 16:14:32.501695
2026-08-05 16:24:32,472 [INFO] [MainThread] [root/api.py:69]: Fetching new weather data at 2026-08-05 16:24:32.472602
2026-08-05 16:34:32,486 [INFO] [MainThread] [root/api.py:69]: Fetching new weather data at 2026-08-05 16:34:32.486750
2026-08-05 16:44:32,472 [INFO] [MainThread] [root/api.py:69]: Fetching new weather data at 2026-08-05 16:44:32.472633
2026-08-05 16:54:32,475 [INFO] [MainThread] [root/api.py:69]: Fetching new weather data at 2026-08-05 16:54:32.475648
2026-08-05 17:04:32,765 [INFO] [MainThread] [root/api.py:69]: Fetching new weather data at 2026-08-05 17:04:32.765770
2026-08-05 17:14:32,488 [INFO] [MainThread] [root/api.py:69]: Fetching new weather data at 2026-08-05 17:14:32.488242
2026-08-05 17:24:32,493 [INFO] [MainThread] [root/api.py:69]: Fetching new weather data at 2026-08-05 17:24:32.493664
2026-08-05 17:34:32,479 [INFO] [MainThread] [root/api.py:69]: Fetching new weather data at 2026-08-05 17:34:32.479050
2026-08-05 17:44:32,482 [INFO] [MainThread] [root/api.py:69]: Fetching new weather data at 2026-08-05 17:44:32.482628
2026-08-05 17:54:32,478 [INFO] [MainThread] [root/api.py:69]: Fetching new weather data at 2026-08-05 17:54:32.478665
2026-08-05 18:04:32,502 [INFO] [MainThread] [root/api.py:69]: Fetching new weather data at 2026-08-05 18:04:32.501936
2026-08-05 18:14:32,484 [INFO] [MainThread] [root/api.py:69]: Fetching new weather data at 2026-08-05 18:14:32.484083
2026-08-05 18:24:32,476 [INFO] [MainThread] [root/api.py:69]: Fetching new weather data at 2026-08-05 18:24:32.476336
2026-08-05 18:34:32,589 [INFO] [MainThread] [root/api.py:69]: Fetching new weather data at 2026-08-05 18:34:32.589475
2026-08-05 18:44:32,534 [INFO] [MainThread] [root/api.py:69]: Fetching new weather data at 2026-08-05 18:44:32.534011
2026-08-05 18:54:32,483 [INFO] [MainThread] [root/api.py:69]: Fetching new weather data at 2026-08-05 18:54:32.483590
2026-08-05 19:04:32,495 [INFO] [MainThread] [root/api.py:69]: Fetching new weather data at 2026-08-05 19:04:32.495697
2026-08-05 19:14:32,516 [INFO] [MainThread] [root/api.py:69]: Fetching new weather data at 2026-08-05 19:14:32.515939
2026-08-05 19:24:32,474 [INFO] [MainThread] [root/api.py:69]: Fetching new weather data at 2026-08-05 19:24:32.474668
2026-08-05 19:34:32,494 [INFO] [MainThread] [root/api.py:69]: Fetching new weather data at 2026-08-05 19:34:32.493979
2026-08-05 19:44:33,650 [INFO] [MainThread] [root/api.py:69]: Fetching new weather data at 2026-08-05 19:44:33.650339
2026-08-05 19:54:33,635 [INFO] [MainThread] [root/api.py:69]: Fetching new weather data at 2026-08-05 19:54:33.635348
2026-08-05 20:04:33,806 [INFO] [MainThread] [root/api.py:69]: Fetching new weather data at 2026-08-05 20:04:33.806686
2026-08-05 20:14:33,653 [INFO] [MainThread] [root/api.py:69]: Fetching new weather data at 2026-08-05 20:14:33.653769
2026-08-05 20:24:33,629 [INFO] [MainThread] [root/api.py:69]: Fetching new weather data at 2026-08-05 20:24:33.629738
2026-08-05 20:34:33,632 [INFO] [MainThread] [root/api.py:69]: Fetching new weather data at 2026-08-05 20:34:33.632018
2026-08-05 20:44:33,652 [INFO] [MainThread] [root/api.py:69]: Fetching new weather data at 2026-08-05 20:44:33.652614
2026-08-05 20:54:33,802 [INFO] [MainThread] [root/api.py:69]: Fetching new weather data at 2026-08-05 20:54:33.802059
2026-08-05 21:04:33,638 [INFO] [MainThread] [root/api.py:69]: Fetching new weather data at 2026-08-05 21:04:33.638833
2026-08-05 21:14:33,637 [INFO] [MainThread] [root/api.py:69]: Fetching new weather data at 2026-08-05 21:14:33.637830
2026-08-05 21:24:33,656 [INFO] [MainThread] [root/api.py:69]: Fetching new weather data at 2026-08-05 21:24:33.656023
2026-08-05 21:34:33,638 [INFO] [MainThread] [root/api.py:69]: Fetching new weather data at 2026-08-05 21:34:33.638103
2026-08-05 21:44:33,641 [INFO] [MainThread] [root/api.py:69]: Fetching new weather data at 2026-08-05 21:44:33.641515
2026-08-05 21:54:33,640 [INFO] [MainThread] [root/api.py:69]: Fetching new weather data at 2026-08-05 21:54:33.640209
2026-08-05 22:04:33,636 [INFO] [MainThread] [root/api.py:69]: Fetching new weather data at 2026-08-05 22:04:33.636892
2026-08-05 22:14:33,644 [INFO] [MainThread] [root/api.py:69]: Fetching new weather data at 2026-08-05 22:14:33.644452
2026-08-05 22:24:33,657 [INFO] [MainThread] [root/api.py:69]: Fetching new weather data at 2026-08-05 22:24:33.657349
2026-08-05 22:34:33,654 [INFO] [MainThread] [root/api.py:69]: Fetching new weather data at 2026-08-05 22:34:33.653978
2026-08-05 22:44:33,645 [INFO] [MainThread] [root/api.py:69]: Fetching new weather data at 2026-08-05 22:44:33.645342
2026-08-05 22:54:33,625 [INFO] [MainThread] [root/api.py:69]: Fetching new weather data at 2026-08-05 22:54:33.624981
2026-08-05 23:04:33,638 [INFO] [MainThread] [root/api.py:69]: Fetching new weather data at 2026-08-05 23:04:33.638086
2026-08-05 23:14:33,649 [INFO] [MainThread] [root/api.py:69]: Fetching new weather data at 2026-08-05 23:14:33.649199
2026-08-05 23:24:33,652 [INFO] [MainThread] [root/api.py:69]: Fetching new weather data at 2026-08-05 23:24:33.652849
2026-08-05 23:34:33,646 [INFO] [MainThread] [root/api.py:69]: Fetching new weather data at 2026-08-05 23:34:33.646646
2026-08-05 23:44:33,645 [INFO] [MainThread] [root/api.py:69]: Fetching new weather data at 2026-08-05 23:44:33.645506
2026-08-05 23:54:33,649 [INFO] [MainThread] [root/api.py:69]: Fetching new weather data at 2026-08-05 23:54:33.649141
2026-08-06 00:04:33,643 [INFO] [MainThread] [root/api.py:69]: Fetching new weather data at 2026-08-06 00:04:33.643601
2026-08-06 00:14:33,628 [INFO] [MainThread] [root/api.py:69]: Fetching new weather data at 2026-08-06 00:14:33.628089
2026-08-06 00:24:33,633 [INFO] [MainThread] [root/api.py:69]: Fetching new weather data at 2026-08-06 00:24:33.633305
2026-08-06 00:34:33,686 [INFO] [MainThread] [root/api.py:69]: Fetching new weather data at 2026-08-06 00:34:33.686913
2026-08-06 00:44:33,628 [INFO] [MainThread] [root/api.py:69]: Fetching new weather data at 2026-08-06 00:44:33.628915
2026-08-06 00:54:33,667 [INFO] [MainThread] [root/api.py:69]: Fetching new weather data at 2026-08-06 00:54:33.667171
2026-08-06 01:04:33,737 [INFO] [MainThread] [root/api.py:69]: Fetching new weather data at 2026-08-06 01:04:33.737549
2026-08-06 01:14:33,667 [INFO] [MainThread] [root/api.py:69]: Fetching new weather data at 2026-08-06 01:14:33.667218
2026-08-06 01:24:33,814 [INFO] [MainThread] [root/api.py:69]: Fetching new weather data at 2026-08-06 01:24:33.814227
2026-08-06 01:34:33,683 [INFO] [MainThread] [root/api.py:69]: Fetching new weather data at 2026-08-06 01:34:33.683867
2026-08-06 01:44:33,623 [INFO] [MainThread] [root/api.py:69]: Fetching new weather data at 2026-08-06 01:44:33.623377
2026-08-06 01:54:33,630 [INFO] [MainThread] [root/api.py:69]: Fetching new weather data at 2026-08-06 01:54:33.629964
2026-08-06 02:04:33,908 [INFO] [MainThread] [root/api.py:69]: Fetching new weather data at 2026-08-06 02:04:33.908721
2026-08-06 02:14:33,892 [INFO] [MainThread] [root/api.py:69]: Fetching new weather data at 2026-08-06 02:14:33.892401
2026-08-06 02:24:33,890 [INFO] [MainThread] [root/api.py:69]: Fetching new weather data at 2026-08-06 02:24:33.890672
2026-08-06 02:34:33,902 [INFO] [MainThread] [root/api.py:69]: Fetching new weather data at 2026-08-06 02:34:33.902063
2026-08-06 02:44:33,891 [INFO] [MainThread] [root/api.py:69]: Fetching new weather data at 2026-08-06 02:44:33.891268
2026-08-06 02:54:33,659 [INFO] [MainThread] [root/api.py:69]: Fetching new weather data at 2026-08-06 02:54:33.659189
2026-08-06 03:04:33,641 [INFO] [MainThread] [root/api.py:69]: Fetching new weather data at 2026-08-06 03:04:33.641052
2026-08-06 03:14:33,656 [INFO] [MainThread] [root/api.py:69]: Fetching new weather data at 2026-08-06 03:14:33.656120
2026-08-06 03:24:33,647 [INFO] [MainThread] [root/api.py:69]: Fetching new weather data at 2026-08-06 03:24:33.647448
2026-08-06 03:34:33,620 [INFO] [MainThread] [root/api.py:69]: Fetching new weather data at 2026-08-06 03:34:33.620176
2026-08-06 03:44:33,621 [INFO] [MainThread] [root/api.py:69]: Fetching new weather data at 2026-08-06 03:44:33.621406
2026-08-06 03:54:33,621 [INFO] [MainThread] [root/api.py:69]: Fetching new weather data at 2026-08-06 03:54:33.621928
2026-08-06 04:04:33,625 [INFO] [MainThread] [root/api.py:69]: Fetching new weather data at 2026-08-06 04:04:33.625825
2026-08-06 04:14:33,903 [INFO] [MainThread] [root/api.py:69]: Fetching new weather data at 2026-08-06 04:14:33.903708
2026-08-06 04:24:33,630 [INFO] [MainThread] [root/api.py:69]: Fetching new weather data at 2026-08-06 04:24:33.630867
2026-08-06 04:30:02,484 [INFO] [MainThread] [root/controller.py:43]: Exiting Application...
2026-08-06 04:30:02,603 [INFO] [MainThread] [cli_server/cli_server.py:114]: Log pipe server stopped
2026-08-06 04:30:02,864 [INFO] [MainThread] [root/bar_manager.py:119]: Stopping SystemEventListener...
2026-08-06 04:31:39,764 [INFO] [MainThread] [root/log.py:104]: YASB v2.0.5
2026-08-06 04:31:39,766 [INFO] [CLIPipeServer] [cli_server/cli_server.py:216]: CLI server started v1.1.7
2026-08-06 04:31:39,766 [INFO] [MainThread] [cli_server/cli_server.py:106]: Log pipe server started
2026-08-06 04:31:40,361 [INFO] [MainThread] [root/service.py:52]: AudioOutputService starting...
2026-08-06 04:31:40,653 [INFO] [MainThread] [root/bar_manager.py:103]: Starting SystemEventListener...
2026-08-06 04:31:40,655 [INFO] [MainThread] [root/watcher.py:65]: Watching directory: c:\users\erick\.config\yasb
2026-08-06 04:31:40,656 [INFO] [MainThread] [root/watcher.py:104]: Created file watcher
2026-08-06 04:31:40,740 [INFO] [MainThread] [root/update_service.py:434]: Background update checker started
2026-08-06 04:31:41,153 [INFO] [MainThread] [root/api.py:69]: Fetching new weather data at 2026-08-06 04:31:41.153102
Windows fatal exception: code 0x8001010d

Thread 0x00001e30 [SystemEventListener] (most recent call first):
  File "D:\a\yasb\yasb\src\core\utils\win32\event_listener.py", line 69 in run

Thread 0x00001ba4 [Thread-5] (most recent call first):
  File "C:\hostedtoolcache\windows\Python\3.14.6\x64\Lib\threading.py", line 369 in wait
  File "C:\hostedtoolcache\windows\Python\3.14.6\x64\Lib\queue.py", line 199 in get
  File "D:\a\yasb\yasb\venv\Lib\site-packages\watchdog\observers\api.py", line 379 in dispatch_events
  File "D:\a\yasb\yasb\venv\Lib\site-packages\watchdog\observers\api.py", line 213 in run
  File "C:\hostedtoolcache\windows\Python\3.14.6\x64\Lib\threading.py", line 1082 in _bootstrap_inner
  File "C:\hostedtoolcache\windows\Python\3.14.6\x64\Lib\threading.py", line 1044 in _bootstrap

Thread 0x000002e4 [Thread-6] (most recent call first):
  File "D:\a\yasb\yasb\venv\Lib\site-packages\watchdog\observers\winapi.py", line 326 in read_directory_changes
  File "D:\a\yasb\yasb\venv\Lib\site-packages\watchdog\observers\winapi.py", line 380 in read_events
  File "D:\a\yasb\yasb\venv\Lib\site-packages\watchdog\observers\read_directory_changes.py", line 67 in _read_events
  File "D:\a\yasb\yasb\venv\Lib\site-packages\watchdog\observers\read_directory_changes.py", line 70 in queue_events
  File "D:\a\yasb\yasb\venv\Lib\site-packages\watchdog\observers\api.py", line 158 in run
  File "C:\hostedtoolcache\windows\Python\3.14.6\x64\Lib\threading.py", line 1082 in _bootstrap_inner
  File "C:\hostedtoolcache\windows\Python\3.14.6\x64\Lib\threading.py", line 1044 in _bootstrap

Thread 0x00000c1c [WiFiWorker] (most recent call first):
  File "D:\a\yasb\yasb\src\core\widgets\services\wifi\wifi_managers.py", line 151 in run

Thread 0x00001524 [MemoryWorker] (most recent call first):
  File "D:\a\yasb\yasb\src\core\widgets\services\memory\memory_api.py", line 244 in run

Thread 0x00005324 [_EventWorker] (most recent call first):
  File "D:\a\yasb\yasb\venv\Lib\site-packages\qasync\_windows.py", line 147 in _poll
  File "D:\a\yasb\yasb\venv\Lib\site-packages\qasync\_windows.py", line 72 in select
  File "D:\a\yasb\yasb\venv\Lib\site-packages\qasync\_windows.py", line 199 in run

Thread 0x00000f74 [LogPipeServer] (most recent call first):
  File "D:\a\yasb\yasb\src\core\utils\win32\bindings\kernel32.py", line 288 in ConnectNamedPipe
  File "D:\a\yasb\yasb\src\core\utils\cli_server.py", line 138 in _run_server
  File "C:\hostedtoolcache\windows\Python\3.14.6\x64\Lib\threading.py", line 1024 in run
  File "C:\hostedtoolcache\windows\Python\3.14.6\x64\Lib\threading.py", line 1082 in _bootstrap_inner
  File "C:\hostedtoolcache\windows\Python\3.14.6\x64\Lib\threading.py", line 1044 in _bootstrap

Thread 0x00000f70 [CLIPipeServer] (most recent call first):
  File "D:\a\yasb\yasb\src\core\utils\win32\bindings\kernel32.py", line 288 in ConnectNamedPipe
  File "D:\a\yasb\yasb\src\core\utils\cli_server.py", line 235 in _run_server
  File "C:\hostedtoolcache\windows\Python\3.14.6\x64\Lib\threading.py", line 1024 in run
  File "C:\hostedtoolcache\windows\Python\3.14.6\x64\Lib\threading.py", line 1082 in _bootstrap_inner
  File "C:\hostedtoolcache\windows\Python\3.14.6\x64\Lib\threading.py", line 1044 in _bootstrap

Current thread 0x00002208 (most recent call first):
  File "D:\a\yasb\yasb\venv\Lib\site-packages\qasync\__init__.py", line 404 in run_forever
  File "D:\a\yasb\yasb\venv\Lib\site-packages\qasync\__init__.py", line 428 in run_until_complete
  File "main.py", line 100 in main
  File "main.py", line 203 in <module>
  File "D:\a\yasb\yasb\venv\Lib\site-packages\freeze_core\initscripts\console.py", line 27 in run
  File "D:\a\yasb\yasb\venv\Lib\site-packages\freeze_core\initscripts\__startup__.py", line 137 in run

Current thread's C stack trace (most recent call first):
  <cannot get C stack on this system>
2026-08-06 04:41:40,526 [INFO] [MainThread] [root/api.py:69]: Fetching new weather data at 2026-08-06 04:41:40.526676
2026-08-06 04:51:40,563 [INFO] [MainThread] [root/api.py:69]: Fetching new weather data at 2026-08-06 04:51:40.563261
2026-08-06 04:54:43,480 [INFO] [MainThread] [root/bar_helper.py:594]: AppBarManager need to re-register 2 bars
2026-08-06 04:54:44,267 [INFO] [MainThread] [root/bar_helper.py:603]: Re-registered AppBar for primary-bar_24G50F_10c225d7 (space reservation + fullscreen)
2026-08-06 04:54:44,635 [INFO] [MainThread] [root/bar_helper.py:603]: Re-registered AppBar for primary-bar_BenQ RL2755_9e75d34f (space reservation + fullscreen)
2026-08-06 05:01:40,561 [INFO] [MainThread] [root/api.py:69]: Fetching new weather data at 2026-08-06 05:01:40.561381
2026-08-06 05:11:40,544 [INFO] [MainThread] [root/api.py:69]: Fetching new weather data at 2026-08-06 05:11:40.544295
2026-08-06 05:21:40,542 [INFO] [MainThread] [root/api.py:69]: Fetching new weather data at 2026-08-06 05:21:40.542744
2026-08-06 05:31:40,518 [INFO] [MainThread] [root/api.py:69]: Fetching new weather data at 2026-08-06 05:31:40.518015
2026-08-06 05:41:40,635 [INFO] [MainThread] [root/api.py:69]: Fetching new weather data at 2026-08-06 05:41:40.635320
2026-08-06 05:51:40,520 [INFO] [MainThread] [root/api.py:69]: Fetching new weather data at 2026-08-06 05:51:40.520518
2026-08-06 06:01:40,526 [INFO] [MainThread] [root/api.py:69]: Fetching new weather data at 2026-08-06 06:01:40.526356
2026-08-06 06:11:40,528 [INFO] [MainThread] [root/api.py:69]: Fetching new weather data at 2026-08-06 06:11:40.528415
2026-08-06 06:21:40,510 [INFO] [MainThread] [root/api.py:69]: Fetching new weather data at 2026-08-06 06:21:40.510714
2026-08-06 06:31:40,517 [INFO] [MainThread] [root/api.py:69]: Fetching new weather data at 2026-08-06 06:31:40.516963
2026-08-06 06:41:40,547 [INFO] [MainThread] [root/api.py:69]: Fetching new weather data at 2026-08-06 06:41:40.547637
2026-08-06 06:51:40,513 [INFO] [MainThread] [root/api.py:69]: Fetching new weather data at 2026-08-06 06:51:40.513931
2026-08-06 07:01:40,534 [INFO] [MainThread] [root/api.py:69]: Fetching new weather data at 2026-08-06 07:01:40.534603
2026-08-06 07:11:40,890 [INFO] [MainThread] [root/api.py:69]: Fetching new weather data at 2026-08-06 07:11:40.887328
2026-08-06 07:11:56,448 [INFO] [MainThread] [root/bar_manager.py:119]: Stopping SystemEventListener...
2026-08-06 12:29:42,608 [INFO] [MainThread] [root/log.py:104]: YASB v2.0.5
2026-08-06 12:29:42,610 [INFO] [CLIPipeServer] [cli_server/cli_server.py:216]: CLI server started v1.1.7
2026-08-06 12:29:42,610 [INFO] [MainThread] [cli_server/cli_server.py:106]: Log pipe server started
2026-08-06 12:29:43,235 [INFO] [MainThread] [root/service.py:52]: AudioOutputService starting...
2026-08-06 12:29:43,515 [INFO] [MainThread] [root/bar_manager.py:103]: Starting SystemEventListener...
2026-08-06 12:29:43,517 [INFO] [MainThread] [root/watcher.py:65]: Watching directory: c:\users\erick\.config\yasb
2026-08-06 12:29:43,517 [INFO] [MainThread] [root/watcher.py:104]: Created file watcher
2026-08-06 12:29:43,553 [INFO] [MainThread] [root/update_service.py:434]: Background update checker started
2026-08-06 12:29:44,123 [INFO] [MainThread] [root/api.py:69]: Fetching new weather data at 2026-08-06 12:29:44.123916
Windows fatal exception: code 0x8001010d

Thread 0x000003d4 [Thread-5] (most recent call first):
  File "C:\hostedtoolcache\windows\Python\3.14.6\x64\Lib\threading.py", line 369 in wait
  File "C:\hostedtoolcache\windows\Python\3.14.6\x64\Lib\queue.py", line 199 in get
  File "D:\a\yasb\yasb\venv\Lib\site-packages\watchdog\observers\api.py", line 379 in dispatch_events
  File "D:\a\yasb\yasb\venv\Lib\site-packages\watchdog\observers\api.py", line 213 in run
  File "C:\hostedtoolcache\windows\Python\3.14.6\x64\Lib\threading.py", line 1082 in _bootstrap_inner
  File "C:\hostedtoolcache\windows\Python\3.14.6\x64\Lib\threading.py", line 1044 in _bootstrap

Thread 0x0000087c [SystemEventListener] (most recent call first):
  File "D:\a\yasb\yasb\src\core\utils\win32\event_listener.py", line 69 in run

Thread 0x000008b0 [Thread-6] (most recent call first):
  File "D:\a\yasb\yasb\venv\Lib\site-packages\watchdog\observers\winapi.py", line 326 in read_directory_changes
  File "D:\a\yasb\yasb\venv\Lib\site-packages\watchdog\observers\winapi.py", line 380 in read_events
  File "D:\a\yasb\yasb\venv\Lib\site-packages\watchdog\observers\read_directory_changes.py", line 67 in _read_events
  File "D:\a\yasb\yasb\venv\Lib\site-packages\watchdog\observers\read_directory_changes.py", line 70 in queue_events
  File "D:\a\yasb\yasb\venv\Lib\site-packages\watchdog\observers\api.py", line 158 in run
  File "C:\hostedtoolcache\windows\Python\3.14.6\x64\Lib\threading.py", line 1082 in _bootstrap_inner
  File "C:\hostedtoolcache\windows\Python\3.14.6\x64\Lib\threading.py", line 1044 in _bootstrap

Thread 0x00004ef4 [WiFiWorker] (most recent call first):
  File "D:\a\yasb\yasb\src\core\widgets\services\wifi\wifi_managers.py", line 151 in run

Thread 0x00004808 [MemoryWorker] (most recent call first):
  File "D:\a\yasb\yasb\src\core\widgets\services\memory\memory_api.py", line 244 in run

Thread 0x00004fb0 [_EventWorker] (most recent call first):
  File "D:\a\yasb\yasb\venv\Lib\site-packages\qasync\_windows.py", line 147 in _poll
  File "D:\a\yasb\yasb\venv\Lib\site-packages\qasync\_windows.py", line 72 in select
  File "D:\a\yasb\yasb\venv\Lib\site-packages\qasync\_windows.py", line 199 in run

Thread 0x00004f50 [LogPipeServer] (most recent call first):
  File "D:\a\yasb\yasb\src\core\utils\win32\bindings\kernel32.py", line 288 in ConnectNamedPipe
  File "D:\a\yasb\yasb\src\core\utils\cli_server.py", line 138 in _run_server
  File "C:\hostedtoolcache\windows\Python\3.14.6\x64\Lib\threading.py", line 1024 in run
  File "C:\hostedtoolcache\windows\Python\3.14.6\x64\Lib\threading.py", line 1082 in _bootstrap_inner
  File "C:\hostedtoolcache\windows\Python\3.14.6\x64\Lib\threading.py", line 1044 in _bootstrap

Thread 0x00004f68 [CLIPipeServer] (most recent call first):
  File "D:\a\yasb\yasb\src\core\utils\win32\bindings\kernel32.py", line 288 in ConnectNamedPipe
  File "D:\a\yasb\yasb\src\core\utils\cli_server.py", line 235 in _run_server
  File "C:\hostedtoolcache\windows\Python\3.14.6\x64\Lib\threading.py", line 1024 in run
  File "C:\hostedtoolcache\windows\Python\3.14.6\x64\Lib\threading.py", line 1082 in _bootstrap_inner
  File "C:\hostedtoolcache\windows\Python\3.14.6\x64\Lib\threading.py", line 1044 in _bootstrap

Current thread 0x00000410 (most recent call first):
  File "D:\a\yasb\yasb\venv\Lib\site-packages\qasync\__init__.py", line 404 in run_forever
  File "D:\a\yasb\yasb\venv\Lib\site-packages\qasync\__init__.py", line 428 in run_until_complete
  File "main.py", line 100 in main
  File "main.py", line 203 in <module>
  File "D:\a\yasb\yasb\venv\Lib\site-packages\freeze_core\initscripts\console.py", line 27 in run
  File "D:\a\yasb\yasb\venv\Lib\site-packages\freeze_core\initscripts\__startup__.py", line 137 in run

Current thread's C stack trace (most recent call first):
  <cannot get C stack on this system>
2026-08-06 12:30:26,195 [WARNING] [MainThread] [root/api.py:137]: Failed to fetch icon http://cdn.weatherapi.com/weather/64x64/day/113.png: UnknownNetworkError 99
2026-08-06 12:30:26,196 [WARNING] [MainThread] [root/api.py:137]: Failed to fetch icon http://cdn.weatherapi.com/weather/64x64/night/386.png: UnknownNetworkError 99
2026-08-06 12:30:26,196 [WARNING] [MainThread] [root/api.py:137]: Failed to fetch icon http://cdn.weatherapi.com/weather/64x64/night/176.png: UnknownNetworkError 99
2026-08-06 12:30:26,196 [WARNING] [MainThread] [root/api.py:137]: Failed to fetch icon http://cdn.weatherapi.com/weather/64x64/day/176.png: UnknownNetworkError 99
2026-08-06 12:30:26,196 [WARNING] [MainThread] [root/api.py:137]: Failed to fetch icon http://cdn.weatherapi.com/weather/64x64/day/122.png: UnknownNetworkError 99
2026-08-06 12:30:26,196 [WARNING] [MainThread] [root/api.py:137]: Failed to fetch icon http://cdn.weatherapi.com/weather/64x64/night/116.png: UnknownNetworkError 99
2026-08-06 12:30:26,196 [WARNING] [MainThread] [root/api.py:137]: Failed to fetch icon http://cdn.weatherapi.com/weather/64x64/night/113.png: UnknownNetworkError 99
2026-08-06 12:30:26,196 [WARNING] [MainThread] [root/api.py:137]: Failed to fetch icon http://cdn.weatherapi.com/weather/64x64/day/116.png: UnknownNetworkError 99
2026-08-06 12:30:26,197 [WARNING] [MainThread] [root/api.py:137]: Failed to fetch icon http://cdn.weatherapi.com/weather/64x64/day/200.png: UnknownNetworkError 99
2026-08-06 12:39:43,595 [INFO] [MainThread] [root/api.py:69]: Fetching new weather data at 2026-08-06 12:39:43.595744
2026-08-06 12:49:43,371 [INFO] [MainThread] [root/api.py:69]: Fetching new weather data at 2026-08-06 12:49:43.371203
2026-08-06 12:59:43,377 [INFO] [MainThread] [root/api.py:69]: Fetching new weather data at 2026-08-06 12:59:43.377624
2026-08-06 13:09:43,375 [INFO] [MainThread] [root/api.py:69]: Fetching new weather data at 2026-08-06 13:09:43.375168
2026-08-06 13:19:43,541 [INFO] [MainThread] [root/api.py:69]: Fetching new weather data at 2026-08-06 13:19:43.541344
2026-08-06 13:29:43,356 [INFO] [MainThread] [root/api.py:69]: Fetching new weather data at 2026-08-06 13:29:43.356943
2026-08-06 13:39:43,360 [INFO] [MainThread] [root/api.py:69]: Fetching new weather data at 2026-08-06 13:39:43.360759
2026-08-06 13:49:43,356 [INFO] [MainThread] [root/api.py:69]: Fetching new weather data at 2026-08-06 13:49:43.356521
2026-08-06 13:59:43,349 [INFO] [MainThread] [root/api.py:69]: Fetching new weather data at 2026-08-06 13:59:43.349877
2026-08-06 14:09:43,358 [INFO] [MainThread] [root/api.py:69]: Fetching new weather data at 2026-08-06 14:09:43.358408
2026-08-06 14:19:43,355 [INFO] [MainThread] [root/api.py:69]: Fetching new weather data at 2026-08-06 14:19:43.355551
2026-08-06 14:29:43,357 [INFO] [MainThread] [root/api.py:69]: Fetching new weather data at 2026-08-06 14:29:43.357632
2026-08-06 14:39:43,457 [INFO] [MainThread] [root/api.py:69]: Fetching new weather data at 2026-08-06 14:39:43.457089
2026-08-06 14:49:43,357 [INFO] [MainThread] [root/api.py:69]: Fetching new weather data at 2026-08-06 14:49:43.357796
2026-08-06 14:59:43,360 [INFO] [MainThread] [root/api.py:69]: Fetching new weather data at 2026-08-06 14:59:43.360652
2026-08-06 15:09:43,355 [INFO] [MainThread] [root/api.py:69]: Fetching new weather data at 2026-08-06 15:09:43.355538
2026-08-06 15:19:43,364 [INFO] [MainThread] [root/api.py:69]: Fetching new weather data at 2026-08-06 15:19:43.364570
2026-08-06 15:29:43,363 [INFO] [MainThread] [root/api.py:69]: Fetching new weather data at 2026-08-06 15:29:43.363540
2026-08-06 15:39:43,408 [INFO] [MainThread] [root/api.py:69]: Fetching new weather data at 2026-08-06 15:39:43.408475
2026-08-06 15:49:43,371 [INFO] [MainThread] [root/api.py:69]: Fetching new weather data at 2026-08-06 15:49:43.370994
2026-08-06 15:59:43,368 [INFO] [MainThread] [root/api.py:69]: Fetching new weather data at 2026-08-06 15:59:43.368688
2026-08-06 16:09:43,361 [INFO] [MainThread] [root/api.py:69]: Fetching new weather data at 2026-08-06 16:09:43.361164
2026-08-06 16:19:43,367 [INFO] [MainThread] [root/api.py:69]: Fetching new weather data at 2026-08-06 16:19:43.367027
2026-08-06 16:29:43,448 [INFO] [MainThread] [root/api.py:69]: Fetching new weather data at 2026-08-06 16:29:43.448479
Windows fatal exception: code 0x800706f7

Thread 0x000003d4 [Thread-5] (most recent call first):
  File "C:\hostedtoolcache\windows\Python\3.14.6\x64\Lib\threading.py", line 369 in wait
  File "C:\hostedtoolcache\windows\Python\3.14.6\x64\Lib\queue.py", line 199 in get
  File "D:\a\yasb\yasb\venv\Lib\site-packages\watchdog\observers\api.py", line 379 in dispatch_events
  File "D:\a\yasb\yasb\venv\Lib\site-packages\watchdog\observers\api.py", line 213 in run
  File "C:\hostedtoolcache\windows\Python\3.14.6\x64\Lib\threading.py", line 1082 in _bootstrap_inner
  File "C:\hostedtoolcache\windows\Python\3.14.6\x64\Lib\threading.py", line 1044 in _bootstrap

Thread 0x0000087c [SystemEventListener] (most recent call first):
  File "D:\a\yasb\yasb\src\core\utils\win32\event_listener.py", line 69 in run

Thread 0x000008b0 [Thread-6] (most recent call first):
  File "D:\a\yasb\yasb\venv\Lib\site-packages\watchdog\observers\winapi.py", line 326 in read_directory_changes
  File "D:\a\yasb\yasb\venv\Lib\site-packages\watchdog\observers\winapi.py", line 380 in read_events
  File "D:\a\yasb\yasb\venv\Lib\site-packages\watchdog\observers\read_directory_changes.py", line 67 in _read_events
  File "D:\a\yasb\yasb\venv\Lib\site-packages\watchdog\observers\read_directory_changes.py", line 70 in queue_events
  File "D:\a\yasb\yasb\venv\Lib\site-packages\watchdog\observers\api.py", line 158 in run
  File "C:\hostedtoolcache\windows\Python\3.14.6\x64\Lib\threading.py", line 1082 in _bootstrap_inner
  File "C:\hostedtoolcache\windows\Python\3.14.6\x64\Lib\threading.py", line 1044 in _bootstrap

Thread 0x00004ef4 [WiFiWorker] (most recent call first):
  File "D:\a\yasb\yasb\src\core\widgets\services\wifi\wifi_managers.py", line 151 in run

Thread 0x00004808 [MemoryWorker] (most recent call first):
  File "D:\a\yasb\yasb\src\core\widgets\services\memory\memory_api.py", line 244 in run

Thread 0x00004fb0 [_EventWorker] (most recent call first):
  File "D:\a\yasb\yasb\venv\Lib\site-packages\qasync\_windows.py", line 147 in _poll
  File "D:\a\yasb\yasb\venv\Lib\site-packages\qasync\_windows.py", line 72 in select
  File "D:\a\yasb\yasb\venv\Lib\site-packages\qasync\_windows.py", line 199 in run

Thread 0x00004f50 [LogPipeServer] (most recent call first):
  File "D:\a\yasb\yasb\src\core\utils\win32\bindings\kernel32.py", line 288 in ConnectNamedPipe
  File "D:\a\yasb\yasb\src\core\utils\cli_server.py", line 138 in _run_server
  File "C:\hostedtoolcache\windows\Python\3.14.6\x64\Lib\threading.py", line 1024 in run
  File "C:\hostedtoolcache\windows\Python\3.14.6\x64\Lib\threading.py", line 1082 in _bootstrap_inner
  File "C:\hostedtoolcache\windows\Python\3.14.6\x64\Lib\threading.py", line 1044 in _bootstrap

Thread 0x00004f68 [CLIPipeServer] (most recent call first):
  File "D:\a\yasb\yasb\src\core\utils\win32\bindings\kernel32.py", line 288 in ConnectNamedPipe
  File "D:\a\yasb\yasb\src\core\utils\cli_server.py", line 235 in _run_server
  File "C:\hostedtoolcache\windows\Python\3.14.6\x64\Lib\threading.py", line 1024 in run
  File "C:\hostedtoolcache\windows\Python\3.14.6\x64\Lib\threading.py", line 1082 in _bootstrap_inner
  File "C:\hostedtoolcache\windows\Python\3.14.6\x64\Lib\threading.py", line 1044 in _bootstrap

Current thread 0x00000410 (most recent call first):
  File "D:\a\yasb\yasb\src\core\widgets\yasb\active_window.py", line 337 in _update_window_title
  File "D:\a\yasb\yasb\src\core\widgets\yasb\active_window.py", line 237 in _on_focus_change_event
  File "D:\a\yasb\yasb\venv\Lib\site-packages\qasync\__init__.py", line 404 in run_forever
  File "D:\a\yasb\yasb\venv\Lib\site-packages\qasync\__init__.py", line 428 in run_until_complete
  File "main.py", line 100 in main
  File "main.py", line 203 in <module>
  File "D:\a\yasb\yasb\venv\Lib\site-packages\freeze_core\initscripts\console.py", line 27 in run
  File "D:\a\yasb\yasb\venv\Lib\site-packages\freeze_core\initscripts\__startup__.py", line 137 in run

Current thread's C stack trace (most recent call first):
  <cannot get C stack on this system>
2026-08-06 16:38:43,249 [INFO] [MainThread] [root/bar_helper.py:594]: AppBarManager need to re-register 2 bars
2026-08-06 16:38:43,623 [INFO] [MainThread] [root/bar_helper.py:603]: Re-registered AppBar for primary-bar_24G50F_80278c1d (space reservation + fullscreen)
2026-08-06 16:38:43,773 [INFO] [MainThread] [root/bar_helper.py:603]: Re-registered AppBar for primary-bar_BenQ RL2755_5cae1130 (space reservation + fullscreen)
2026-08-06 16:39:43,376 [INFO] [MainThread] [root/api.py:69]: Fetching new weather data at 2026-08-06 16:39:43.376319
2026-08-06 16:49:43,379 [INFO] [MainThread] [root/api.py:69]: Fetching new weather data at 2026-08-06 16:49:43.379423
2026-08-06 16:59:43,392 [INFO] [MainThread] [root/api.py:69]: Fetching new weather data at 2026-08-06 16:59:43.392252
2026-08-06 17:09:43,379 [INFO] [MainThread] [root/api.py:69]: Fetching new weather data at 2026-08-06 17:09:43.379768
2026-08-06 17:19:43,370 [INFO] [MainThread] [root/api.py:69]: Fetching new weather data at 2026-08-06 17:19:43.370672
2026-08-06 17:29:43,493 [INFO] [MainThread] [root/api.py:69]: Fetching new weather data at 2026-08-06 17:29:43.493138
2026-08-06 17:39:43,402 [INFO] [MainThread] [root/api.py:69]: Fetching new weather data at 2026-08-06 17:39:43.401168
2026-08-06 17:49:43,389 [INFO] [MainThread] [root/api.py:69]: Fetching new weather data at 2026-08-06 17:49:43.389211
2026-08-06 17:59:43,390 [INFO] [MainThread] [root/api.py:69]: Fetching new weather data at 2026-08-06 17:59:43.390159
2026-08-06 18:09:43,427 [INFO] [MainThread] [root/api.py:69]: Fetching new weather data at 2026-08-06 18:09:43.427037
2026-08-06 18:19:43,392 [INFO] [MainThread] [root/api.py:69]: Fetching new weather data at 2026-08-06 18:19:43.387761
2026-08-06 18:29:43,410 [INFO] [MainThread] [root/api.py:69]: Fetching new weather data at 2026-08-06 18:29:43.410530
2026-08-06 18:39:43,749 [INFO] [MainThread] [root/api.py:69]: Fetching new weather data at 2026-08-06 18:39:43.749942
2026-08-06 18:49:43,367 [INFO] [MainThread] [root/api.py:69]: Fetching new weather data at 2026-08-06 18:49:43.367662
2026-08-06 18:59:43,419 [INFO] [MainThread] [root/api.py:69]: Fetching new weather data at 2026-08-06 18:59:43.419210
2026-08-06 19:09:43,371 [INFO] [MainThread] [root/api.py:69]: Fetching new weather data at 2026-08-06 19:09:43.371319
2026-08-06 19:19:43,375 [INFO] [MainThread] [root/api.py:69]: Fetching new weather data at 2026-08-06 19:19:43.375684
2026-08-06 19:29:43,470 [INFO] [MainThread] [root/api.py:69]: Fetching new weather data at 2026-08-06 19:29:43.470728
2026-08-06 19:39:43,377 [INFO] [MainThread] [root/api.py:69]: Fetching new weather data at 2026-08-06 19:39:43.377159
2026-08-06 19:49:43,385 [INFO] [MainThread] [root/api.py:69]: Fetching new weather data at 2026-08-06 19:49:43.385170
2026-08-06 19:59:43,371 [INFO] [MainThread] [root/api.py:69]: Fetching new weather data at 2026-08-06 19:59:43.371629
2026-08-06 20:09:43,389 [INFO] [MainThread] [root/api.py:69]: Fetching new weather data at 2026-08-06 20:09:43.389814
2026-08-06 20:19:43,368 [INFO] [MainThread] [root/api.py:69]: Fetching new weather data at 2026-08-06 20:19:43.368560
2026-08-06 20:29:43,384 [INFO] [MainThread] [root/api.py:69]: Fetching new weather data at 2026-08-06 20:29:43.384339
2026-08-06 20:39:43,389 [INFO] [MainThread] [root/api.py:69]: Fetching new weather data at 2026-08-06 20:39:43.389605
2026-08-06 20:49:43,378 [INFO] [MainThread] [root/api.py:69]: Fetching new weather data at 2026-08-06 20:49:43.378162
2026-08-06 20:59:43,390 [INFO] [MainThread] [root/api.py:69]: Fetching new weather data at 2026-08-06 20:59:43.390231
2026-08-06 21:09:43,380 [INFO] [MainThread] [root/api.py:69]: Fetching new weather data at 2026-08-06 21:09:43.380329
2026-08-06 21:19:43,374 [INFO] [MainThread] [root/api.py:69]: Fetching new weather data at 2026-08-06 21:19:43.374612
2026-08-06 21:29:43,404 [INFO] [MainThread] [root/api.py:69]: Fetching new weather data at 2026-08-06 21:29:43.404416
2026-08-06 21:39:43,374 [INFO] [MainThread] [root/api.py:69]: Fetching new weather data at 2026-08-06 21:39:43.374755
2026-08-06 21:49:43,379 [INFO] [MainThread] [root/api.py:69]: Fetching new weather data at 2026-08-06 21:49:43.379261
2026-08-06 21:59:43,377 [INFO] [MainThread] [root/api.py:69]: Fetching new weather data at 2026-08-06 21:59:43.377063
2026-08-06 22:09:43,386 [INFO] [MainThread] [root/api.py:69]: Fetching new weather data at 2026-08-06 22:09:43.386533
2026-08-06 22:19:43,391 [INFO] [MainThread] [root/api.py:69]: Fetching new weather data at 2026-08-06 22:19:43.391626
2026-08-06 22:29:43,678 [INFO] [MainThread] [root/api.py:69]: Fetching new weather data at 2026-08-06 22:29:43.678588
2026-08-06 22:39:43,418 [INFO] [MainThread] [root/api.py:69]: Fetching new weather data at 2026-08-06 22:39:43.418245
2026-08-06 22:49:43,375 [INFO] [MainThread] [root/api.py:69]: Fetching new weather data at 2026-08-06 22:49:43.375336
2026-08-06 22:59:43,504 [INFO] [MainThread] [root/api.py:69]: Fetching new weather data at 2026-08-06 22:59:43.504663
2026-08-06 23:09:43,383 [INFO] [MainThread] [root/api.py:69]: Fetching new weather data at 2026-08-06 23:09:43.383624
2026-08-06 23:19:43,372 [INFO] [MainThread] [root/api.py:69]: Fetching new weather data at 2026-08-06 23:19:43.372331
2026-08-06 23:29:43,375 [INFO] [MainThread] [root/api.py:69]: Fetching new weather data at 2026-08-06 23:29:43.375052
2026-08-06 23:39:43,388 [INFO] [MainThread] [root/api.py:69]: Fetching new weather data at 2026-08-06 23:39:43.387965
2026-08-06 23:49:43,363 [INFO] [MainThread] [root/api.py:69]: Fetching new weather data at 2026-08-06 23:49:43.363755
2026-08-06 23:55:05,881 [INFO] [MainThread] [root/bar_manager.py:119]: Stopping SystemEventListener...
2026-08-07 04:57:10,619 [INFO] [MainThread] [root/log.py:104]: YASB v2.0.5
2026-08-07 04:57:10,620 [INFO] [CLIPipeServer] [cli_server/cli_server.py:216]: CLI server started v1.1.7
2026-08-07 04:57:10,620 [INFO] [MainThread] [cli_server/cli_server.py:106]: Log pipe server started
2026-08-07 04:57:11,085 [INFO] [MainThread] [root/service.py:52]: AudioOutputService starting...
2026-08-07 04:57:11,346 [INFO] [MainThread] [root/bar_manager.py:103]: Starting SystemEventListener...
2026-08-07 04:57:11,348 [INFO] [MainThread] [root/watcher.py:65]: Watching directory: c:\users\erick\.config\yasb
2026-08-07 04:57:11,349 [INFO] [MainThread] [root/watcher.py:104]: Created file watcher
2026-08-07 04:57:11,450 [INFO] [MainThread] [root/update_service.py:434]: Background update checker started
2026-08-07 04:57:11,803 [INFO] [MainThread] [root/api.py:69]: Fetching new weather data at 2026-08-07 04:57:11.803606
Windows fatal exception: code 0x8001010d

Thread 0x00004ac4 [Thread-5] (most recent call first):
  File "C:\hostedtoolcache\windows\Python\3.14.6\x64\Lib\threading.py", line 369 in wait
  File "C:\hostedtoolcache\windows\Python\3.14.6\x64\Lib\queue.py", line 199 in get
  File "D:\a\yasb\yasb\venv\Lib\site-packages\watchdog\observers\api.py", line 379 in dispatch_events
  File "D:\a\yasb\yasb\venv\Lib\site-packages\watchdog\observers\api.py", line 213 in run
  File "C:\hostedtoolcache\windows\Python\3.14.6\x64\Lib\threading.py", line 1082 in _bootstrap_inner
  File "C:\hostedtoolcache\windows\Python\3.14.6\x64\Lib\threading.py", line 1044 in _bootstrap

Thread 0x00002fac [Thread-6] (most recent call first):
  File "D:\a\yasb\yasb\venv\Lib\site-packages\watchdog\observers\winapi.py", line 326 in read_directory_changes
  File "D:\a\yasb\yasb\venv\Lib\site-packages\watchdog\observers\winapi.py", line 380 in read_events
  File "D:\a\yasb\yasb\venv\Lib\site-packages\watchdog\observers\read_directory_changes.py", line 67 in _read_events
  File "D:\a\yasb\yasb\venv\Lib\site-packages\watchdog\observers\read_directory_changes.py", line 70 in queue_events
  File "D:\a\yasb\yasb\venv\Lib\site-packages\watchdog\observers\api.py", line 158 in run
  File "C:\hostedtoolcache\windows\Python\3.14.6\x64\Lib\threading.py", line 1082 in _bootstrap_inner
  File "C:\hostedtoolcache\windows\Python\3.14.6\x64\Lib\threading.py", line 1044 in _bootstrap

Thread 0x0000210c [SystemEventListener] (most recent call first):
  File "D:\a\yasb\yasb\src\core\utils\win32\event_listener.py", line 69 in run

Thread 0x000013f0 [WiFiWorker] (most recent call first):
  File "D:\a\yasb\yasb\src\core\widgets\services\wifi\wifi_managers.py", line 151 in run

Thread 0x00000440 [MemoryWorker] (most recent call first):
  File "D:\a\yasb\yasb\src\core\widgets\services\memory\memory_api.py", line 244 in run

Thread 0x00004628 [_EventWorker] (most recent call first):
  File "D:\a\yasb\yasb\venv\Lib\site-packages\qasync\_windows.py", line 147 in _poll
  File "D:\a\yasb\yasb\venv\Lib\site-packages\qasync\_windows.py", line 72 in select
  File "D:\a\yasb\yasb\venv\Lib\site-packages\qasync\_windows.py", line 199 in run

Thread 0x00000f58 [LogPipeServer] (most recent call first):
  File "D:\a\yasb\yasb\src\core\utils\win32\bindings\kernel32.py", line 288 in ConnectNamedPipe
  File "D:\a\yasb\yasb\src\core\utils\cli_server.py", line 138 in _run_server
  File "C:\hostedtoolcache\windows\Python\3.14.6\x64\Lib\threading.py", line 1024 in run
  File "C:\hostedtoolcache\windows\Python\3.14.6\x64\Lib\threading.py", line 1082 in _bootstrap_inner
  File "C:\hostedtoolcache\windows\Python\3.14.6\x64\Lib\threading.py", line 1044 in _bootstrap

Thread 0x00001090 [CLIPipeServer] (most recent call first):
  File "D:\a\yasb\yasb\src\core\utils\win32\bindings\kernel32.py", line 288 in ConnectNamedPipe
  File "D:\a\yasb\yasb\src\core\utils\cli_server.py", line 235 in _run_server
  File "C:\hostedtoolcache\windows\Python\3.14.6\x64\Lib\threading.py", line 1024 in run
  File "C:\hostedtoolcache\windows\Python\3.14.6\x64\Lib\threading.py", line 1082 in _bootstrap_inner
  File "C:\hostedtoolcache\windows\Python\3.14.6\x64\Lib\threading.py", line 1044 in _bootstrap

Current thread 0x000025b4 (most recent call first):
  File "D:\a\yasb\yasb\venv\Lib\site-packages\qasync\__init__.py", line 404 in run_forever
  File "D:\a\yasb\yasb\venv\Lib\site-packages\qasync\__init__.py", line 428 in run_until_complete
  File "main.py", line 100 in main
  File "main.py", line 203 in <module>
  File "D:\a\yasb\yasb\venv\Lib\site-packages\freeze_core\initscripts\console.py", line 27 in run
  File "D:\a\yasb\yasb\venv\Lib\site-packages\freeze_core\initscripts\__startup__.py", line 137 in run

Current thread's C stack trace (most recent call first):
  <cannot get C stack on this system>
2026-08-07 04:58:44,777 [INFO] [MainThread] [root/controller.py:43]: Exiting Application to start installer...
2026-08-07 04:58:44,878 [INFO] [MainThread] [cli_server/cli_server.py:114]: Log pipe server stopped
2026-08-07 04:59:13,780 [INFO] [MainThread] [root/log.py:104]: YASB v2.0.6
2026-08-07 04:59:13,786 [INFO] [CLIPipeServer] [cli_server/cli_server.py:216]: CLI server started v1.1.7
2026-08-07 04:59:13,787 [INFO] [MainThread] [cli_server/cli_server.py:106]: Log pipe server started
2026-08-07 04:59:14,452 [INFO] [MainThread] [root/service.py:52]: AudioOutputService starting...
Windows fatal exception: code 0x8001010d

Thread 0x00004d30 [Thread-4 (fetch)] (most recent call first):
  File "D:\a\yasb\yasb\venv\Lib\site-packages\pycaw\utils.py", line 253 in CreateDevice
  File "D:\a\yasb\yasb\venv\Lib\site-packages\pycaw\utils.py", line 288 in GetAllDevices
  File "D:\a\yasb\yasb\src\core\widgets\services\volume\service.py", line 77 in fetch
  File "C:\hostedtoolcache\windows\Python\3.14.6\x64\Lib\threading.py", line 1024 in run
  File "C:\hostedtoolcache\windows\Python\3.14.6\x64\Lib\threading.py", line 1082 in _bootstrap_inner
  File "C:\hostedtoolcache\windows\Python\3.14.6\x64\Lib\threading.py", line 1044 in _bootstrap

Thread 0x000065dc [WiFiWorker] (most recent call first):
  File "C:\hostedtoolcache\windows\Python\3.14.6\x64\Lib\threading.py", line 373 in wait
  File "C:\hostedtoolcache\windows\Python\3.14.6\x64\Lib\threading.py", line 670 in wait
  File "D:\a\yasb\yasb\src\core\widgets\services\wifi\wifi_managers.py", line 160 in run

Thread 0x00006718 [MemoryWorker] (most recent call first):
  File "C:\hostedtoolcache\windows\Python\3.14.6\x64\Lib\threading.py", line 373 in wait
  File "C:\hostedtoolcache\windows\Python\3.14.6\x64\Lib\threading.py", line 670 in wait
  File "D:\a\yasb\yasb\src\core\widgets\services\memory\memory_api.py", line 247 in run

Thread 0x00006608 [_EventWorker] (most recent call first):
  File "D:\a\yasb\yasb\venv\Lib\site-packages\qasync\_windows.py", line 147 in _poll
  File "D:\a\yasb\yasb\venv\Lib\site-packages\qasync\_windows.py", line 72 in select
  File "D:\a\yasb\yasb\venv\Lib\site-packages\qasync\_windows.py", line 199 in run

Thread 0x00006544 [LogPipeServer] (most recent call first):
  File "D:\a\yasb\yasb\src\core\utils\win32\bindings\kernel32.py", line 291 in ConnectNamedPipe
  File "D:\a\yasb\yasb\src\core\utils\cli_server.py", line 138 in _run_server
  File "C:\hostedtoolcache\windows\Python\3.14.6\x64\Lib\threading.py", line 1024 in run
  File "C:\hostedtoolcache\windows\Python\3.14.6\x64\Lib\threading.py", line 1082 in _bootstrap_inner
  File "C:\hostedtoolcache\windows\Python\3.14.6\x64\Lib\threading.py", line 1044 in _bootstrap

Thread 0x000064d8 [CLIPipeServer] (most recent call first):
  File "D:\a\yasb\yasb\src\core\utils\win32\bindings\kernel32.py", line 291 in ConnectNamedPipe
  File "D:\a\yasb\yasb\src\core\utils\cli_server.py", line 235 in _run_server
  File "C:\hostedtoolcache\windows\Python\3.14.6\x64\Lib\threading.py", line 1024 in run
  File "C:\hostedtoolcache\windows\Python\3.14.6\x64\Lib\threading.py", line 1082 in _bootstrap_inner
  File "C:\hostedtoolcache\windows\Python\3.14.6\x64\Lib\threading.py", line 1044 in _bootstrap

Current thread 0x00005f90 (most recent call first):
  File "D:\a\yasb\yasb\src\core\utils\win32\app_bar.py", line 147 in register_new
  File "D:\a\yasb\yasb\src\core\utils\win32\app_bar.py", line 107 in create_appbar
  File "D:\a\yasb\yasb\src\core\bar.py", line 173 in update_app_bar
  File "D:\a\yasb\yasb\src\core\bar.py", line 128 in __init__
  File "D:\a\yasb\yasb\src\core\bar_manager.py", line 266 in create_bar
  File "D:\a\yasb\yasb\src\core\bar_manager.py", line 162 in initialize_bars
  File "main.py", line 144 in main_async
  File "C:\hostedtoolcache\windows\Python\3.14.6\x64\Lib\asyncio\events.py", line 94 in _run
  File "D:\a\yasb\yasb\venv\Lib\site-packages\qasync\__init__.py", line 307 in timerEvent
  File "D:\a\yasb\yasb\venv\Lib\site-packages\qasync\__init__.py", line 404 in run_forever
  File "D:\a\yasb\yasb\venv\Lib\site-packages\qasync\__init__.py", line 428 in run_until_complete
  File "main.py", line 100 in main
  File "main.py", line 203 in <module>
  File "D:\a\yasb\yasb\venv\Lib\site-packages\freeze_core\initscripts\console.py", line 43 in run
  File "src/freeze_core/initscripts/__startup__.py", line 147 in run
2026-08-07 04:59:14,912 [INFO] [MainThread] [root/bar_manager.py:103]: Starting SystemEventListener...
2026-08-07 04:59:14,914 [INFO] [MainThread] [root/watcher.py:65]: Watching directory: c:\users\erick\.config\yasb
2026-08-07 04:59:14,915 [INFO] [MainThread] [root/watcher.py:104]: Created file watcher
2026-08-07 04:59:14,984 [INFO] [MainThread] [root/update_service.py:434]: Background update checker started
2026-08-07 04:59:15,643 [INFO] [MainThread] [root/api.py:69]: Fetching new weather data at 2026-08-07 04:59:15.643805
2026-08-07 05:09:14,490 [INFO] [MainThread] [root/api.py:69]: Fetching new weather data at 2026-08-07 05:09:14.490404
2026-08-07 05:19:14,481 [INFO] [MainThread] [root/api.py:69]: Fetching new weather data at 2026-08-07 05:19:14.481260
2026-08-07 05:29:14,484 [INFO] [MainThread] [root/api.py:69]: Fetching new weather data at 2026-08-07 05:29:14.484704
2026-08-07 05:39:14,484 [INFO] [MainThread] [root/api.py:69]: Fetching new weather data at 2026-08-07 05:39:14.484298
2026-08-07 05:49:14,509 [INFO] [MainThread] [root/api.py:69]: Fetching new weather data at 2026-08-07 05:49:14.509684
2026-08-07 05:59:14,491 [INFO] [MainThread] [root/api.py:69]: Fetching new weather data at 2026-08-07 05:59:14.491870
2026-08-07 06:09:14,476 [INFO] [MainThread] [root/api.py:69]: Fetching new weather data at 2026-08-07 06:09:14.476829
2026-08-07 06:19:14,813 [INFO] [MainThread] [root/api.py:69]: Fetching new weather data at 2026-08-07 06:19:14.813871
2026-08-07 06:29:14,475 [INFO] [MainThread] [root/api.py:69]: Fetching new weather data at 2026-08-07 06:29:14.475258
2026-08-07 06:39:14,515 [INFO] [MainThread] [root/api.py:69]: Fetching new weather data at 2026-08-07 06:39:14.515582
2026-08-07 06:49:14,485 [INFO] [MainThread] [root/api.py:69]: Fetching new weather data at 2026-08-07 06:49:14.485486
2026-08-07 06:59:14,512 [INFO] [MainThread] [root/api.py:69]: Fetching new weather data at 2026-08-07 06:59:14.512059
2026-08-07 07:09:14,482 [INFO] [MainThread] [root/api.py:69]: Fetching new weather data at 2026-08-07 07:09:14.482173
2026-08-07 07:19:14,483 [INFO] [MainThread] [root/api.py:69]: Fetching new weather data at 2026-08-07 07:19:14.483281
2026-08-07 07:29:14,479 [INFO] [MainThread] [root/api.py:69]: Fetching new weather data at 2026-08-07 07:29:14.479758
2026-08-07 07:39:14,498 [INFO] [MainThread] [root/api.py:69]: Fetching new weather data at 2026-08-07 07:39:14.498285
2026-08-07 07:49:14,662 [INFO] [MainThread] [root/api.py:69]: Fetching new weather data at 2026-08-07 07:49:14.662346
2026-08-07 07:52:22,768 [INFO] [MainThread] [root/bar_helper.py:594]: AppBarManager need to re-register 2 bars
2026-08-07 07:52:23,309 [INFO] [MainThread] [root/bar_helper.py:603]: Re-registered AppBar for primary-bar_24G50F_6129a257 (space reservation + fullscreen)
2026-08-07 07:52:23,489 [INFO] [MainThread] [root/bar_helper.py:603]: Re-registered AppBar for primary-bar_BenQ RL2755_e8fb43fa (space reservation + fullscreen)
2026-08-07 07:59:14,506 [INFO] [MainThread] [root/api.py:69]: Fetching new weather data at 2026-08-07 07:59:14.506117
2026-08-07 08:09:14,475 [INFO] [MainThread] [root/api.py:69]: Fetching new weather data at 2026-08-07 08:09:14.475384
2026-08-07 08:19:14,503 [INFO] [MainThread] [root/api.py:69]: Fetching new weather data at 2026-08-07 08:19:14.503353
2026-08-07 08:29:14,475 [INFO] [MainThread] [root/api.py:69]: Fetching new weather data at 2026-08-07 08:29:14.475738
2026-08-07 08:39:14,479 [INFO] [MainThread] [root/api.py:69]: Fetching new weather data at 2026-08-07 08:39:14.479420
2026-08-07 08:49:14,941 [INFO] [MainThread] [root/api.py:69]: Fetching new weather data at 2026-08-07 08:49:14.941277
2026-08-07 08:59:14,477 [INFO] [MainThread] [root/api.py:69]: Fetching new weather data at 2026-08-07 08:59:14.477466
2026-08-07 09:09:14,864 [INFO] [MainThread] [root/api.py:69]: Fetching new weather data at 2026-08-07 09:09:14.864706
2026-08-07 09:19:14,480 [INFO] [MainThread] [root/api.py:69]: Fetching new weather data at 2026-08-07 09:19:14.480442
2026-08-07 09:29:14,795 [INFO] [MainThread] [root/api.py:69]: Fetching new weather data at 2026-08-07 09:29:14.795133
2026-08-07 09:39:14,836 [INFO] [MainThread] [root/api.py:69]: Fetching new weather data at 2026-08-07 09:39:14.836423
2026-08-07 09:49:15,115 [INFO] [MainThread] [root/api.py:69]: Fetching new weather data at 2026-08-07 09:49:15.115237
2026-08-07 09:59:14,472 [INFO] [MainThread] [root/api.py:69]: Fetching new weather data at 2026-08-07 09:59:14.472585
2026-08-07 10:03:22,466 [INFO] [MainThread] [root/log.py:104]: YASB v2.0.6
2026-08-07 10:03:22,466 [INFO] [CLIPipeServer] [cli_server/cli_server.py:216]: CLI server started v1.1.7
2026-08-07 10:03:22,466 [INFO] [MainThread] [cli_server/cli_server.py:106]: Log pipe server started
2026-08-07 10:03:22,467 [ERROR] [MainThread] [root/main.py:77]: Another instance of the YASB is already running.
2026-08-07 10:09:14,477 [INFO] [MainThread] [root/api.py:69]: Fetching new weather data at 2026-08-07 10:09:14.477654
2026-08-07 10:19:14,477 [INFO] [MainThread] [root/api.py:69]: Fetching new weather data at 2026-08-07 10:19:14.477020
2026-08-07 10:29:14,486 [INFO] [MainThread] [root/api.py:69]: Fetching new weather data at 2026-08-07 10:29:14.486677
2026-08-07 10:39:14,537 [INFO] [MainThread] [root/api.py:69]: Fetching new weather data at 2026-08-07 10:39:14.537929
2026-08-07 10:49:14,493 [INFO] [MainThread] [root/api.py:69]: Fetching new weather data at 2026-08-07 10:49:14.492937
2026-08-07 10:59:14,566 [INFO] [MainThread] [root/api.py:69]: Fetching new weather data at 2026-08-07 10:59:14.565928
2026-08-07 11:09:14,539 [INFO] [MainThread] [root/api.py:69]: Fetching new weather data at 2026-08-07 11:09:14.539678
2026-08-07 11:14:45,096 [INFO] [MainThread] [root/bar_manager.py:119]: Stopping SystemEventListener...
2026-08-07 11:16:28,082 [INFO] [MainThread] [root/log.py:104]: YASB v2.0.6
2026-08-07 11:16:28,083 [INFO] [CLIPipeServer] [cli_server/cli_server.py:216]: CLI server started v1.1.7
2026-08-07 11:16:28,084 [INFO] [MainThread] [cli_server/cli_server.py:106]: Log pipe server started
2026-08-07 11:16:28,485 [INFO] [MainThread] [root/service.py:52]: AudioOutputService starting...
2026-08-07 11:16:28,704 [INFO] [MainThread] [root/bar_manager.py:103]: Starting SystemEventListener...
2026-08-07 11:16:28,705 [INFO] [MainThread] [root/watcher.py:65]: Watching directory: c:\users\erick\.config\yasb
2026-08-07 11:16:28,705 [INFO] [MainThread] [root/watcher.py:104]: Created file watcher
2026-08-07 11:16:28,737 [INFO] [MainThread] [root/update_service.py:434]: Background update checker started
2026-08-07 11:16:29,152 [INFO] [MainThread] [root/api.py:69]: Fetching new weather data at 2026-08-07 11:16:29.152775
Windows fatal exception: code 0x8001010d

Thread 0x000046f0 [Thread-5] (most recent call first):
  File "C:\hostedtoolcache\windows\Python\3.14.6\x64\Lib\threading.py", line 369 in wait
  File "C:\hostedtoolcache\windows\Python\3.14.6\x64\Lib\queue.py", line 199 in get
  File "D:\a\yasb\yasb\venv\Lib\site-packages\watchdog\observers\api.py", line 379 in dispatch_events
  File "D:\a\yasb\yasb\venv\Lib\site-packages\watchdog\observers\api.py", line 213 in run
  File "C:\hostedtoolcache\windows\Python\3.14.6\x64\Lib\threading.py", line 1082 in _bootstrap_inner
  File "C:\hostedtoolcache\windows\Python\3.14.6\x64\Lib\threading.py", line 1044 in _bootstrap

Thread 0x00004654 [Thread-6] (most recent call first):
  File "D:\a\yasb\yasb\venv\Lib\site-packages\watchdog\observers\winapi.py", line 326 in read_directory_changes
  File "D:\a\yasb\yasb\venv\Lib\site-packages\watchdog\observers\winapi.py", line 380 in read_events
  File "D:\a\yasb\yasb\venv\Lib\site-packages\watchdog\observers\read_directory_changes.py", line 67 in _read_events
  File "D:\a\yasb\yasb\venv\Lib\site-packages\watchdog\observers\read_directory_changes.py", line 70 in queue_events
  File "D:\a\yasb\yasb\venv\Lib\site-packages\watchdog\observers\api.py", line 158 in run
  File "C:\hostedtoolcache\windows\Python\3.14.6\x64\Lib\threading.py", line 1082 in _bootstrap_inner
  File "C:\hostedtoolcache\windows\Python\3.14.6\x64\Lib\threading.py", line 1044 in _bootstrap

Thread 0x000046b0 [SystemEventListener] (most recent call first):
  File "D:\a\yasb\yasb\src\core\utils\win32\event_listener.py", line 69 in run

Thread 0x00004514 [WiFiWorker] (most recent call first):
  File "C:\hostedtoolcache\windows\Python\3.14.6\x64\Lib\threading.py", line 373 in wait
  File "C:\hostedtoolcache\windows\Python\3.14.6\x64\Lib\threading.py", line 670 in wait
  File "D:\a\yasb\yasb\src\core\widgets\services\wifi\wifi_managers.py", line 160 in run

Thread 0x000048e4 [MemoryWorker] (most recent call first):
  File "C:\hostedtoolcache\windows\Python\3.14.6\x64\Lib\threading.py", line 373 in wait
  File "C:\hostedtoolcache\windows\Python\3.14.6\x64\Lib\threading.py", line 670 in wait
  File "D:\a\yasb\yasb\src\core\widgets\services\memory\memory_api.py", line 247 in run

Thread 0x00004694 [_EventWorker] (most recent call first):
  File "D:\a\yasb\yasb\venv\Lib\site-packages\qasync\_windows.py", line 147 in _poll
  File "D:\a\yasb\yasb\venv\Lib\site-packages\qasync\_windows.py", line 72 in select
  File "D:\a\yasb\yasb\venv\Lib\site-packages\qasync\_windows.py", line 199 in run

Thread 0x00004714 [LogPipeServer] (most recent call first):
  File "D:\a\yasb\yasb\src\core\utils\win32\bindings\kernel32.py", line 291 in ConnectNamedPipe
  File "D:\a\yasb\yasb\src\core\utils\cli_server.py", line 138 in _run_server
  File "C:\hostedtoolcache\windows\Python\3.14.6\x64\Lib\threading.py", line 1024 in run
  File "C:\hostedtoolcache\windows\Python\3.14.6\x64\Lib\threading.py", line 1082 in _bootstrap_inner
  File "C:\hostedtoolcache\windows\Python\3.14.6\x64\Lib\threading.py", line 1044 in _bootstrap

Thread 0x00004718 [CLIPipeServer] (most recent call first):
  File "D:\a\yasb\yasb\src\core\utils\win32\bindings\kernel32.py", line 291 in ConnectNamedPipe
  File "D:\a\yasb\yasb\src\core\utils\cli_server.py", line 235 in _run_server
  File "C:\hostedtoolcache\windows\Python\3.14.6\x64\Lib\threading.py", line 1024 in run
  File "C:\hostedtoolcache\windows\Python\3.14.6\x64\Lib\threading.py", line 1082 in _bootstrap_inner
  File "C:\hostedtoolcache\windows\Python\3.14.6\x64\Lib\threading.py", line 1044 in _bootstrap

Current thread 0x000053f8 (most recent call first):
  File "D:\a\yasb\yasb\venv\Lib\site-packages\qasync\__init__.py", line 404 in run_forever
  File "D:\a\yasb\yasb\venv\Lib\site-packages\qasync\__init__.py", line 428 in run_until_complete
  File "main.py", line 100 in main
  File "main.py", line 203 in <module>
  File "D:\a\yasb\yasb\venv\Lib\site-packages\freeze_core\initscripts\console.py", line 43 in run
  File "src/freeze_core/initscripts/__startup__.py", line 147 in run
2026-08-07 11:26:28,648 [INFO] [MainThread] [root/api.py:69]: Fetching new weather data at 2026-08-07 11:26:28.648397
2026-08-07 11:36:28,645 [INFO] [MainThread] [root/api.py:69]: Fetching new weather data at 2026-08-07 11:36:28.645761
2026-08-07 11:46:28,639 [INFO] [MainThread] [root/api.py:69]: Fetching new weather data at 2026-08-07 11:46:28.639011
2026-08-07 11:56:28,629 [INFO] [MainThread] [root/api.py:69]: Fetching new weather data at 2026-08-07 11:56:28.629884
2026-08-07 12:06:28,669 [INFO] [MainThread] [root/api.py:69]: Fetching new weather data at 2026-08-07 12:06:28.669599
2026-08-07 12:16:28,633 [INFO] [MainThread] [root/api.py:69]: Fetching new weather data at 2026-08-07 12:16:28.633712
2026-08-07 12:26:28,640 [INFO] [MainThread] [root/api.py:69]: Fetching new weather data at 2026-08-07 12:26:28.640867
2026-08-07 12:36:28,640 [INFO] [MainThread] [root/api.py:69]: Fetching new weather data at 2026-08-07 12:36:28.640361
2026-08-07 12:46:28,645 [INFO] [MainThread] [root/api.py:69]: Fetching new weather data at 2026-08-07 12:46:28.645305
2026-08-07 12:56:28,642 [INFO] [MainThread] [root/api.py:69]: Fetching new weather data at 2026-08-07 12:56:28.642838
2026-08-07 13:06:28,646 [INFO] [MainThread] [root/api.py:69]: Fetching new weather data at 2026-08-07 13:06:28.646370
2026-08-07 13:16:28,699 [INFO] [MainThread] [root/api.py:69]: Fetching new weather data at 2026-08-07 13:16:28.699312
2026-08-07 13:26:28,645 [INFO] [MainThread] [root/api.py:69]: Fetching new weather data at 2026-08-07 13:26:28.645100
2026-08-07 13:36:28,631 [INFO] [MainThread] [root/api.py:69]: Fetching new weather data at 2026-08-07 13:36:28.631738
2026-08-07 13:46:28,820 [INFO] [MainThread] [root/api.py:69]: Fetching new weather data at 2026-08-07 13:46:28.820711
2026-08-07 13:56:28,655 [INFO] [MainThread] [root/api.py:69]: Fetching new weather data at 2026-08-07 13:56:28.655598
2026-08-07 14:06:28,796 [INFO] [MainThread] [root/api.py:69]: Fetching new weather data at 2026-08-07 14:06:28.796575
2026-08-07 14:16:28,644 [INFO] [MainThread] [root/api.py:69]: Fetching new weather data at 2026-08-07 14:16:28.644103
2026-08-07 14:26:28,656 [INFO] [MainThread] [root/api.py:69]: Fetching new weather data at 2026-08-07 14:26:28.656464
2026-08-07 14:36:28,682 [INFO] [MainThread] [root/api.py:69]: Fetching new weather data at 2026-08-07 14:36:28.682759
2026-08-07 14:46:28,657 [INFO] [MainThread] [root/api.py:69]: Fetching new weather data at 2026-08-07 14:46:28.657840
2026-08-07 14:56:28,653 [INFO] [MainThread] [root/api.py:69]: Fetching new weather data at 2026-08-07 14:56:28.653747
2026-08-07 15:06:28,633 [INFO] [MainThread] [root/api.py:69]: Fetching new weather data at 2026-08-07 15:06:28.633894
2026-08-07 15:08:53,092 [INFO] [MainThread] [root/bar_manager.py:119]: Stopping SystemEventListener...
2026-08-07 15:10:06,312 [INFO] [MainThread] [root/log.py:104]: YASB v2.0.6
2026-08-07 15:10:06,312 [INFO] [CLIPipeServer] [cli_server/cli_server.py:216]: CLI server started v1.1.7
2026-08-07 15:10:06,313 [INFO] [MainThread] [cli_server/cli_server.py:106]: Log pipe server started
2026-08-07 15:10:06,698 [INFO] [MainThread] [root/service.py:52]: AudioOutputService starting...
2026-08-07 15:10:06,965 [INFO] [MainThread] [root/bar_manager.py:103]: Starting SystemEventListener...
2026-08-07 15:10:06,967 [INFO] [MainThread] [root/watcher.py:65]: Watching directory: c:\users\erick\.config\yasb
2026-08-07 15:10:06,967 [INFO] [MainThread] [root/watcher.py:104]: Created file watcher
2026-08-07 15:10:07,050 [INFO] [MainThread] [root/update_service.py:434]: Background update checker started
2026-08-07 15:10:07,389 [INFO] [MainThread] [root/api.py:69]: Fetching new weather data at 2026-08-07 15:10:07.389513
Windows fatal exception: code 0x8001010d

Thread 0x00005238 [SystemEventListener] (most recent call first):
  File "D:\a\yasb\yasb\src\core\utils\win32\event_listener.py", line 69 in run

Thread 0x00005240 [Thread-5] (most recent call first):
  File "C:\hostedtoolcache\windows\Python\3.14.6\x64\Lib\threading.py", line 369 in wait
  File "C:\hostedtoolcache\windows\Python\3.14.6\x64\Lib\queue.py", line 199 in get
  File "D:\a\yasb\yasb\venv\Lib\site-packages\watchdog\observers\api.py", line 379 in dispatch_events
  File "D:\a\yasb\yasb\venv\Lib\site-packages\watchdog\observers\api.py", line 213 in run
  File "C:\hostedtoolcache\windows\Python\3.14.6\x64\Lib\threading.py", line 1082 in _bootstrap_inner
  File "C:\hostedtoolcache\windows\Python\3.14.6\x64\Lib\threading.py", line 1044 in _bootstrap

Thread 0x0000523c [Thread-6] (most recent call first):
  File "D:\a\yasb\yasb\venv\Lib\site-packages\watchdog\observers\winapi.py", line 326 in read_directory_changes
  File "D:\a\yasb\yasb\venv\Lib\site-packages\watchdog\observers\winapi.py", line 380 in read_events
  File "D:\a\yasb\yasb\venv\Lib\site-packages\watchdog\observers\read_directory_changes.py", line 67 in _read_events
  File "D:\a\yasb\yasb\venv\Lib\site-packages\watchdog\observers\read_directory_changes.py", line 70 in queue_events
  File "D:\a\yasb\yasb\venv\Lib\site-packages\watchdog\observers\api.py", line 158 in run
  File "C:\hostedtoolcache\windows\Python\3.14.6\x64\Lib\threading.py", line 1082 in _bootstrap_inner
  File "C:\hostedtoolcache\windows\Python\3.14.6\x64\Lib\threading.py", line 1044 in _bootstrap

Thread 0x000053ec [WiFiWorker] (most recent call first):
  File "C:\hostedtoolcache\windows\Python\3.14.6\x64\Lib\threading.py", line 373 in wait
  File "C:\hostedtoolcache\windows\Python\3.14.6\x64\Lib\threading.py", line 670 in wait
  File "D:\a\yasb\yasb\src\core\widgets\services\wifi\wifi_managers.py", line 160 in run

Thread 0x000053d4 [MemoryWorker] (most recent call first):
  File "C:\hostedtoolcache\windows\Python\3.14.6\x64\Lib\threading.py", line 373 in wait
  File "C:\hostedtoolcache\windows\Python\3.14.6\x64\Lib\threading.py", line 670 in wait
  File "D:\a\yasb\yasb\src\core\widgets\services\memory\memory_api.py", line 247 in run

Thread 0x00005394 [_EventWorker] (most recent call first):
  File "D:\a\yasb\yasb\venv\Lib\site-packages\qasync\_windows.py", line 147 in _poll
  File "D:\a\yasb\yasb\venv\Lib\site-packages\qasync\_windows.py", line 72 in select
  File "D:\a\yasb\yasb\venv\Lib\site-packages\qasync\_windows.py", line 199 in run

Thread 0x00005384 [LogPipeServer] (most recent call first):
  File "D:\a\yasb\yasb\src\core\utils\win32\bindings\kernel32.py", line 291 in ConnectNamedPipe
  File "D:\a\yasb\yasb\src\core\utils\cli_server.py", line 138 in _run_server
  File "C:\hostedtoolcache\windows\Python\3.14.6\x64\Lib\threading.py", line 1024 in run
  File "C:\hostedtoolcache\windows\Python\3.14.6\x64\Lib\threading.py", line 1082 in _bootstrap_inner
  File "C:\hostedtoolcache\windows\Python\3.14.6\x64\Lib\threading.py", line 1044 in _bootstrap

Thread 0x00005380 [CLIPipeServer] (most recent call first):
  File "D:\a\yasb\yasb\src\core\utils\win32\bindings\kernel32.py", line 291 in ConnectNamedPipe
  File "D:\a\yasb\yasb\src\core\utils\cli_server.py", line 235 in _run_server
  File "C:\hostedtoolcache\windows\Python\3.14.6\x64\Lib\threading.py", line 1024 in run
  File "C:\hostedtoolcache\windows\Python\3.14.6\x64\Lib\threading.py", line 1082 in _bootstrap_inner
  File "C:\hostedtoolcache\windows\Python\3.14.6\x64\Lib\threading.py", line 1044 in _bootstrap

Current thread 0x00005350 (most recent call first):
  File "D:\a\yasb\yasb\venv\Lib\site-packages\qasync\__init__.py", line 404 in run_forever
  File "D:\a\yasb\yasb\venv\Lib\site-packages\qasync\__init__.py", line 428 in run_until_complete
  File "main.py", line 100 in main
  File "main.py", line 203 in <module>
  File "D:\a\yasb\yasb\venv\Lib\site-packages\freeze_core\initscripts\console.py", line 43 in run
  File "src/freeze_core/initscripts/__startup__.py", line 147 in run
2026-08-07 15:20:06,851 [INFO] [MainThread] [root/api.py:69]: Fetching new weather data at 2026-08-07 15:20:06.851598
2026-08-07 15:30:06,852 [INFO] [MainThread] [root/api.py:69]: Fetching new weather data at 2026-08-07 15:30:06.852180
2026-08-07 15:40:06,851 [INFO] [MainThread] [root/api.py:69]: Fetching new weather data at 2026-08-07 15:40:06.851708
2026-08-07 15:50:06,849 [INFO] [MainThread] [root/api.py:69]: Fetching new weather data at 2026-08-07 15:50:06.849006
2026-08-07 16:00:06,846 [INFO] [MainThread] [root/api.py:69]: Fetching new weather data at 2026-08-07 16:00:06.846596
2026-08-07 16:10:06,848 [INFO] [MainThread] [root/api.py:69]: Fetching new weather data at 2026-08-07 16:10:06.848597
2026-08-07 16:20:06,845 [INFO] [MainThread] [root/api.py:69]: Fetching new weather data at 2026-08-07 16:20:06.845800
2026-08-07 16:30:06,849 [INFO] [MainThread] [root/api.py:69]: Fetching new weather data at 2026-08-07 16:30:06.849533
2026-08-07 16:40:06,863 [INFO] [MainThread] [root/api.py:69]: Fetching new weather data at 2026-08-07 16:40:06.863151
2026-08-07 16:50:06,850 [INFO] [MainThread] [root/api.py:69]: Fetching new weather data at 2026-08-07 16:50:06.850474
2026-08-07 17:00:06,851 [INFO] [MainThread] [root/api.py:69]: Fetching new weather data at 2026-08-07 17:00:06.851415
2026-08-07 17:10:06,857 [INFO] [MainThread] [root/api.py:69]: Fetching new weather data at 2026-08-07 17:10:06.857164
2026-08-07 17:20:06,838 [INFO] [MainThread] [root/api.py:69]: Fetching new weather data at 2026-08-07 17:20:06.838136
2026-08-07 17:30:06,849 [INFO] [MainThread] [root/api.py:69]: Fetching new weather data at 2026-08-07 17:30:06.849824
Windows fatal exception: code 0x800706f7

Thread 0x00005238 [SystemEventListener] (most recent call first):
  File "D:\a\yasb\yasb\src\core\utils\win32\event_listener.py", line 69 in run

Thread 0x00005240 [Thread-5] (most recent call first):
  File "C:\hostedtoolcache\windows\Python\3.14.6\x64\Lib\threading.py", line 369 in wait
  File "C:\hostedtoolcache\windows\Python\3.14.6\x64\Lib\queue.py", line 199 in get
  File "D:\a\yasb\yasb\venv\Lib\site-packages\watchdog\observers\api.py", line 379 in dispatch_events
  File "D:\a\yasb\yasb\venv\Lib\site-packages\watchdog\observers\api.py", line 213 in run
  File "C:\hostedtoolcache\windows\Python\3.14.6\x64\Lib\threading.py", line 1082 in _bootstrap_inner
  File "C:\hostedtoolcache\windows\Python\3.14.6\x64\Lib\threading.py", line 1044 in _bootstrap

Thread 0x0000523c [Thread-6] (most recent call first):
  File "D:\a\yasb\yasb\venv\Lib\site-packages\watchdog\observers\winapi.py", line 326 in read_directory_changes
  File "D:\a\yasb\yasb\venv\Lib\site-packages\watchdog\observers\winapi.py", line 380 in read_events
  File "D:\a\yasb\yasb\venv\Lib\site-packages\watchdog\observers\read_directory_changes.py", line 67 in _read_events
  File "D:\a\yasb\yasb\venv\Lib\site-packages\watchdog\observers\read_directory_changes.py", line 70 in queue_events
  File "D:\a\yasb\yasb\venv\Lib\site-packages\watchdog\observers\api.py", line 158 in run
  File "C:\hostedtoolcache\windows\Python\3.14.6\x64\Lib\threading.py", line 1082 in _bootstrap_inner
  File "C:\hostedtoolcache\windows\Python\3.14.6\x64\Lib\threading.py", line 1044 in _bootstrap

Thread 0x000053ec [WiFiWorker] (most recent call first):
  File "C:\hostedtoolcache\windows\Python\3.14.6\x64\Lib\threading.py", line 373 in wait
  File "C:\hostedtoolcache\windows\Python\3.14.6\x64\Lib\threading.py", line 670 in wait
  File "D:\a\yasb\yasb\src\core\widgets\services\wifi\wifi_managers.py", line 160 in run

Thread 0x000053d4 [MemoryWorker] (most recent call first):
  File "C:\hostedtoolcache\windows\Python\3.14.6\x64\Lib\threading.py", line 373 in wait
  File "C:\hostedtoolcache\windows\Python\3.14.6\x64\Lib\threading.py", line 670 in wait
  File "D:\a\yasb\yasb\src\core\widgets\services\memory\memory_api.py", line 247 in run

Thread 0x00005394 [_EventWorker] (most recent call first):
  File "D:\a\yasb\yasb\venv\Lib\site-packages\qasync\_windows.py", line 147 in _poll
  File "D:\a\yasb\yasb\venv\Lib\site-packages\qasync\_windows.py", line 72 in select
  File "D:\a\yasb\yasb\venv\Lib\site-packages\qasync\_windows.py", line 199 in run

Thread 0x00005384 [LogPipeServer] (most recent call first):
  File "D:\a\yasb\yasb\src\core\utils\win32\bindings\kernel32.py", line 291 in ConnectNamedPipe
  File "D:\a\yasb\yasb\src\core\utils\cli_server.py", line 138 in _run_server
  File "C:\hostedtoolcache\windows\Python\3.14.6\x64\Lib\threading.py", line 1024 in run
  File "C:\hostedtoolcache\windows\Python\3.14.6\x64\Lib\threading.py", line 1082 in _bootstrap_inner
  File "C:\hostedtoolcache\windows\Python\3.14.6\x64\Lib\threading.py", line 1044 in _bootstrap

Thread 0x00005380 [CLIPipeServer] (most recent call first):
  File "D:\a\yasb\yasb\src\core\utils\win32\bindings\kernel32.py", line 291 in ConnectNamedPipe
  File "D:\a\yasb\yasb\src\core\utils\cli_server.py", line 235 in _run_server
  File "C:\hostedtoolcache\windows\Python\3.14.6\x64\Lib\threading.py", line 1024 in run
  File "C:\hostedtoolcache\windows\Python\3.14.6\x64\Lib\threading.py", line 1082 in _bootstrap_inner
  File "C:\hostedtoolcache\windows\Python\3.14.6\x64\Lib\threading.py", line 1044 in _bootstrap

Current thread 0x00005350 (most recent call first):
  File "D:\a\yasb\yasb\src\core\widgets\yasb\active_window.py", line 337 in _update_window_title
  File "D:\a\yasb\yasb\src\core\widgets\yasb\active_window.py", line 237 in _on_focus_change_event
  File "D:\a\yasb\yasb\venv\Lib\site-packages\qasync\__init__.py", line 404 in run_forever
  File "D:\a\yasb\yasb\venv\Lib\site-packages\qasync\__init__.py", line 428 in run_until_complete
  File "main.py", line 100 in main
  File "main.py", line 203 in <module>
  File "D:\a\yasb\yasb\venv\Lib\site-packages\freeze_core\initscripts\console.py", line 43 in run
  File "src/freeze_core/initscripts/__startup__.py", line 147 in run
2026-08-07 17:40:06,855 [INFO] [MainThread] [root/api.py:69]: Fetching new weather data at 2026-08-07 17:40:06.855121
2026-08-07 17:50:06,839 [INFO] [MainThread] [root/api.py:69]: Fetching new weather data at 2026-08-07 17:50:06.839933
2026-08-07 18:00:06,845 [INFO] [MainThread] [root/api.py:69]: Fetching new weather data at 2026-08-07 18:00:06.845557
2026-08-07 18:10:06,849 [INFO] [MainThread] [root/api.py:69]: Fetching new weather data at 2026-08-07 18:10:06.849523
2026-08-07 18:20:06,880 [INFO] [MainThread] [root/api.py:69]: Fetching new weather data at 2026-08-07 18:20:06.880437
2026-08-07 18:30:06,836 [INFO] [MainThread] [root/api.py:69]: Fetching new weather data at 2026-08-07 18:30:06.836953
2026-08-07 18:40:06,866 [INFO] [MainThread] [root/api.py:69]: Fetching new weather data at 2026-08-07 18:40:06.866255
2026-08-07 18:50:06,851 [INFO] [MainThread] [root/api.py:69]: Fetching new weather data at 2026-08-07 18:50:06.851581
2026-08-07 19:00:06,848 [INFO] [MainThread] [root/api.py:69]: Fetching new weather data at 2026-08-07 19:00:06.848854
2026-08-07 19:10:06,854 [INFO] [MainThread] [root/api.py:69]: Fetching new weather data at 2026-08-07 19:10:06.854953
2026-08-07 19:20:06,883 [INFO] [MainThread] [root/api.py:69]: Fetching new weather data at 2026-08-07 19:20:06.883193
2026-08-07 19:30:06,864 [INFO] [MainThread] [root/api.py:69]: Fetching new weather data at 2026-08-07 19:30:06.864933
2026-08-07 19:40:06,869 [INFO] [MainThread] [root/api.py:69]: Fetching new weather data at 2026-08-07 19:40:06.869604
2026-08-07 19:50:06,843 [INFO] [MainThread] [root/api.py:69]: Fetching new weather data at 2026-08-07 19:50:06.843710
2026-08-07 20:00:06,861 [INFO] [MainThread] [root/api.py:69]: Fetching new weather data at 2026-08-07 20:00:06.861030
2026-08-07 20:10:06,846 [INFO] [MainThread] [root/api.py:69]: Fetching new weather data at 2026-08-07 20:10:06.846303
2026-08-07 20:20:06,849 [INFO] [MainThread] [root/api.py:69]: Fetching new weather data at 2026-08-07 20:20:06.849074
2026-08-07 20:30:06,865 [INFO] [MainThread] [root/api.py:69]: Fetching new weather data at 2026-08-07 20:30:06.865383
2026-08-07 20:40:06,876 [INFO] [MainThread] [root/api.py:69]: Fetching new weather data at 2026-08-07 20:40:06.876260
2026-08-07 20:50:06,865 [INFO] [MainThread] [root/api.py:69]: Fetching new weather data at 2026-08-07 20:50:06.865237
2026-08-07 21:00:06,909 [INFO] [MainThread] [root/api.py:69]: Fetching new weather data at 2026-08-07 21:00:06.908949
2026-08-07 21:10:06,870 [INFO] [MainThread] [root/api.py:69]: Fetching new weather data at 2026-08-07 21:10:06.870237
2026-08-07 21:20:06,867 [INFO] [MainThread] [root/api.py:69]: Fetching new weather data at 2026-08-07 21:20:06.867272
2026-08-07 21:22:26,489 [INFO] [MainThread] [root/bar_helper.py:594]: AppBarManager need to re-register 2 bars
2026-08-07 21:22:27,329 [INFO] [MainThread] [root/bar_helper.py:603]: Re-registered AppBar for primary-bar_24G50F_4c69e8ae (space reservation + fullscreen)
2026-08-07 21:22:27,534 [INFO] [MainThread] [root/bar_helper.py:603]: Re-registered AppBar for primary-bar_BenQ RL2755_27616363 (space reservation + fullscreen)
2026-08-07 21:22:27,791 [INFO] [MainThread] [root/bar_helper.py:594]: AppBarManager need to re-register 2 bars
2026-08-07 21:22:27,860 [INFO] [MainThread] [root/bar_helper.py:603]: Re-registered AppBar for primary-bar_24G50F_4c69e8ae (space reservation + fullscreen)
2026-08-07 21:22:27,877 [INFO] [MainThread] [root/bar_helper.py:603]: Re-registered AppBar for primary-bar_BenQ RL2755_27616363 (space reservation + fullscreen)
2026-08-07 21:30:06,880 [INFO] [MainThread] [root/api.py:69]: Fetching new weather data at 2026-08-07 21:30:06.880647
2026-08-07 21:40:06,879 [INFO] [MainThread] [root/api.py:69]: Fetching new weather data at 2026-08-07 21:40:06.879036
2026-08-07 21:50:06,859 [INFO] [MainThread] [root/api.py:69]: Fetching new weather data at 2026-08-07 21:50:06.859839
2026-08-07 22:00:06,867 [INFO] [MainThread] [root/api.py:69]: Fetching new weather data at 2026-08-07 22:00:06.867023
2026-08-07 22:10:06,870 [INFO] [MainThread] [root/api.py:69]: Fetching new weather data at 2026-08-07 22:10:06.870286
2026-08-07 22:20:06,870 [INFO] [MainThread] [root/api.py:69]: Fetching new weather data at 2026-08-07 22:20:06.870395
2026-08-07 22:30:06,873 [INFO] [MainThread] [root/api.py:69]: Fetching new weather data at 2026-08-07 22:30:06.873786
2026-08-07 22:40:06,865 [INFO] [MainThread] [root/api.py:69]: Fetching new weather data at 2026-08-07 22:40:06.865362
2026-08-07 22:50:06,864 [INFO] [MainThread] [root/api.py:69]: Fetching new weather data at 2026-08-07 22:50:06.864711
2026-08-07 23:00:06,891 [INFO] [MainThread] [root/api.py:69]: Fetching new weather data at 2026-08-07 23:00:06.890969
2026-08-07 23:10:06,979 [INFO] [MainThread] [root/api.py:69]: Fetching new weather data at 2026-08-07 23:10:06.979349
2026-08-07 23:20:06,882 [INFO] [MainThread] [root/api.py:69]: Fetching new weather data at 2026-08-07 23:20:06.882697
2026-08-07 23:30:06,868 [INFO] [MainThread] [root/api.py:69]: Fetching new weather data at 2026-08-07 23:30:06.867963
2026-08-07 23:40:06,868 [INFO] [MainThread] [root/api.py:69]: Fetching new weather data at 2026-08-07 23:40:06.868181
Windows fatal exception: code 0x8007072c

Thread 0x00005238 [SystemEventListener] (most recent call first):
  File "D:\a\yasb\yasb\src\core\utils\win32\event_listener.py", line 69 in run

Thread 0x00005240 [Thread-5] (most recent call first):
  File "C:\hostedtoolcache\windows\Python\3.14.6\x64\Lib\threading.py", line 369 in wait
  File "C:\hostedtoolcache\windows\Python\3.14.6\x64\Lib\queue.py", line 199 in get
  File "D:\a\yasb\yasb\venv\Lib\site-packages\watchdog\observers\api.py", line 379 in dispatch_events
  File "D:\a\yasb\yasb\venv\Lib\site-packages\watchdog\observers\api.py", line 213 in run
  File "C:\hostedtoolcache\windows\Python\3.14.6\x64\Lib\threading.py", line 1082 in _bootstrap_inner
  File "C:\hostedtoolcache\windows\Python\3.14.6\x64\Lib\threading.py", line 1044 in _bootstrap

Thread 0x0000523c [Thread-6] (most recent call first):
  File "D:\a\yasb\yasb\venv\Lib\site-packages\watchdog\observers\winapi.py", line 326 in read_directory_changes
  File "D:\a\yasb\yasb\venv\Lib\site-packages\watchdog\observers\winapi.py", line 380 in read_events
  File "D:\a\yasb\yasb\venv\Lib\site-packages\watchdog\observers\read_directory_changes.py", line 67 in _read_events
  File "D:\a\yasb\yasb\venv\Lib\site-packages\watchdog\observers\read_directory_changes.py", line 70 in queue_events
  File "D:\a\yasb\yasb\venv\Lib\site-packages\watchdog\observers\api.py", line 158 in run
  File "C:\hostedtoolcache\windows\Python\3.14.6\x64\Lib\threading.py", line 1082 in _bootstrap_inner
  File "C:\hostedtoolcache\windows\Python\3.14.6\x64\Lib\threading.py", line 1044 in _bootstrap

Thread 0x000053ec [WiFiWorker] (most recent call first):
  File "C:\hostedtoolcache\windows\Python\3.14.6\x64\Lib\threading.py", line 373 in wait
  File "C:\hostedtoolcache\windows\Python\3.14.6\x64\Lib\threading.py", line 670 in wait
  File "D:\a\yasb\yasb\src\core\widgets\services\wifi\wifi_managers.py", line 160 in run

Thread 0x000053d4 [MemoryWorker] (most recent call first):
  File "C:\hostedtoolcache\windows\Python\3.14.6\x64\Lib\threading.py", line 373 in wait
  File "C:\hostedtoolcache\windows\Python\3.14.6\x64\Lib\threading.py", line 670 in wait
  File "D:\a\yasb\yasb\src\core\widgets\services\memory\memory_api.py", line 247 in run

Thread 0x00005394 [_EventWorker] (most recent call first):
  File "D:\a\yasb\yasb\venv\Lib\site-packages\qasync\_windows.py", line 147 in _poll
  File "D:\a\yasb\yasb\venv\Lib\site-packages\qasync\_windows.py", line 72 in select
  File "D:\a\yasb\yasb\venv\Lib\site-packages\qasync\_windows.py", line 199 in run

Thread 0x00005384 [LogPipeServer] (most recent call first):
  File "D:\a\yasb\yasb\src\core\utils\win32\bindings\kernel32.py", line 291 in ConnectNamedPipe
  File "D:\a\yasb\yasb\src\core\utils\cli_server.py", line 138 in _run_server
  File "C:\hostedtoolcache\windows\Python\3.14.6\x64\Lib\threading.py", line 1024 in run
  File "C:\hostedtoolcache\windows\Python\3.14.6\x64\Lib\threading.py", line 1082 in _bootstrap_inner
  File "C:\hostedtoolcache\windows\Python\3.14.6\x64\Lib\threading.py", line 1044 in _bootstrap

Thread 0x00005380 [CLIPipeServer] (most recent call first):
  File "D:\a\yasb\yasb\src\core\utils\win32\bindings\kernel32.py", line 291 in ConnectNamedPipe
  File "D:\a\yasb\yasb\src\core\utils\cli_server.py", line 235 in _run_server
  File "C:\hostedtoolcache\windows\Python\3.14.6\x64\Lib\threading.py", line 1024 in run
  File "C:\hostedtoolcache\windows\Python\3.14.6\x64\Lib\threading.py", line 1082 in _bootstrap_inner
  File "C:\hostedtoolcache\windows\Python\3.14.6\x64\Lib\threading.py", line 1044 in _bootstrap

Thread 0x00005350 (most recent call first):
  File "D:\a\yasb\yasb\src\core\utils\win32\aumid_icons.py", line 122 in get_icon_for_aumid
  File "D:\a\yasb\yasb\src\core\utils\win32\app_icons.py", line 134 in get_window_icon
  File "D:\a\yasb\yasb\src\core\widgets\yasb\active_window.py", line 348 in _update_window_title
  File "D:\a\yasb\yasb\src\core\widgets\yasb\active_window.py", line 237 in _on_focus_change_event
  File "D:\a\yasb\yasb\venv\Lib\site-packages\qasync\__init__.py", line 404 in run_forever
  File "D:\a\yasb\yasb\venv\Lib\site-packages\qasync\__init__.py", line 428 in run_until_complete
  File "main.py", line 100 in main
  File "main.py", line 203 in <module>
  File "D:\a\yasb\yasb\venv\Lib\site-packages\freeze_core\initscripts\console.py", line 43 in run
  File "src/freeze_core/initscripts/__startup__.py", line 147 in run
Windows fatal exception: code 0x8007072c

Thread 0x00005238 [SystemEventListener] (most recent call first):
  File "D:\a\yasb\yasb\src\core\utils\win32\event_listener.py", line 69 in run

Thread 0x00005240 [Thread-5] (most recent call first):
  File "C:\hostedtoolcache\windows\Python\3.14.6\x64\Lib\threading.py", line 369 in wait
  File "C:\hostedtoolcache\windows\Python\3.14.6\x64\Lib\queue.py", line 199 in get
  File "D:\a\yasb\yasb\venv\Lib\site-packages\watchdog\observers\api.py", line 379 in dispatch_events
  File "D:\a\yasb\yasb\venv\Lib\site-packages\watchdog\observers\api.py", line 213 in run
  File "C:\hostedtoolcache\windows\Python\3.14.6\x64\Lib\threading.py", line 1082 in _bootstrap_inner
  File "C:\hostedtoolcache\windows\Python\3.14.6\x64\Lib\threading.py", line 1044 in _bootstrap

Thread 0x0000523c [Thread-6] (most recent call first):
  File "D:\a\yasb\yasb\venv\Lib\site-packages\watchdog\observers\winapi.py", line 326 in read_directory_changes
  File "D:\a\yasb\yasb\venv\Lib\site-packages\watchdog\observers\winapi.py", line 380 in read_events
  File "D:\a\yasb\yasb\venv\Lib\site-packages\watchdog\observers\read_directory_changes.py", line 67 in _read_events
  File "D:\a\yasb\yasb\venv\Lib\site-packages\watchdog\observers\read_directory_changes.py", line 70 in queue_events
  File "D:\a\yasb\yasb\venv\Lib\site-packages\watchdog\observers\api.py", line 158 in run
  File "C:\hostedtoolcache\windows\Python\3.14.6\x64\Lib\threading.py", line 1082 in _bootstrap_inner
  File "C:\hostedtoolcache\windows\Python\3.14.6\x64\Lib\threading.py", line 1044 in _bootstrap

Thread 0x000053ec [WiFiWorker] (most recent call first):
  File "C:\hostedtoolcache\windows\Python\3.14.6\x64\Lib\threading.py", line 373 in wait
  File "C:\hostedtoolcache\windows\Python\3.14.6\x64\Lib\threading.py", line 670 in wait
  File "D:\a\yasb\yasb\src\core\widgets\services\wifi\wifi_managers.py", line 160 in run

Thread 0x000053d4 [MemoryWorker] (most recent call first):
  File "C:\hostedtoolcache\windows\Python\3.14.6\x64\Lib\threading.py", line 373 in wait
  File "C:\hostedtoolcache\windows\Python\3.14.6\x64\Lib\threading.py", line 670 in wait
  File "D:\a\yasb\yasb\src\core\widgets\services\memory\memory_api.py", line 247 in run

Thread 0x00005394 [_EventWorker] (most recent call first):
  File "D:\a\yasb\yasb\venv\Lib\site-packages\qasync\_windows.py", line 147 in _poll
  File "D:\a\yasb\yasb\venv\Lib\site-packages\qasync\_windows.py", line 72 in select
  File "D:\a\yasb\yasb\venv\Lib\site-packages\qasync\_windows.py", line 199 in run

Thread 0x00005384 [LogPipeServer] (most recent call first):
  File "D:\a\yasb\yasb\src\core\utils\win32\bindings\kernel32.py", line 291 in ConnectNamedPipe
  File "D:\a\yasb\yasb\src\core\utils\cli_server.py", line 138 in _run_server
  File "C:\hostedtoolcache\windows\Python\3.14.6\x64\Lib\threading.py", line 1024 in run
  File "C:\hostedtoolcache\windows\Python\3.14.6\x64\Lib\threading.py", line 1082 in _bootstrap_inner
  File "C:\hostedtoolcache\windows\Python\3.14.6\x64\Lib\threading.py", line 1044 in _bootstrap

Thread 0x00005380 [CLIPipeServer] (most recent call first):
  File "D:\a\yasb\yasb\src\core\utils\win32\bindings\kernel32.py", line 291 in ConnectNamedPipe
  File "D:\a\yasb\yasb\src\core\utils\cli_server.py", line 235 in _run_server
  File "C:\hostedtoolcache\windows\Python\3.14.6\x64\Lib\threading.py", line 1024 in run
  File "C:\hostedtoolcache\windows\Python\3.14.6\x64\Lib\threading.py", line 1082 in _bootstrap_inner
  File "C:\hostedtoolcache\windows\Python\3.14.6\x64\Lib\threading.py", line 1044 in _bootstrap

Thread 0x00005350 (most recent call first):
  File "D:\a\yasb\yasb\src\core\utils\win32\aumid_icons.py", line 122 in get_icon_for_aumid
  File "D:\a\yasb\yasb\src\core\utils\win32\app_icons.py", line 134 in get_window_icon
  File "D:\a\yasb\yasb\src\core\widgets\yasb\active_window.py", line 348 in _update_window_title
  File "D:\a\yasb\yasb\src\core\widgets\yasb\active_window.py", line 237 in _on_focus_change_event
  File "D:\a\yasb\yasb\venv\Lib\site-packages\qasync\__init__.py", line 404 in run_forever
  File "D:\a\yasb\yasb\venv\Lib\site-packages\qasync\__init__.py", line 428 in run_until_complete
  File "main.py", line 100 in main
  File "main.py", line 203 in <module>
  File "D:\a\yasb\yasb\venv\Lib\site-packages\freeze_core\initscripts\console.py", line 43 in run
  File "src/freeze_core/initscripts/__startup__.py", line 147 in run
2026-08-07 23:50:06,865 [INFO] [MainThread] [root/api.py:69]: Fetching new weather data at 2026-08-07 23:50:06.865710
2026-08-08 00:00:06,865 [INFO] [MainThread] [root/api.py:69]: Fetching new weather data at 2026-08-08 00:00:06.865407
2026-08-08 00:10:06,867 [INFO] [MainThread] [root/api.py:69]: Fetching new weather data at 2026-08-08 00:10:06.867021
2026-08-08 00:20:06,873 [INFO] [MainThread] [root/api.py:69]: Fetching new weather data at 2026-08-08 00:20:06.873389
2026-08-08 00:30:06,863 [INFO] [MainThread] [root/api.py:69]: Fetching new weather data at 2026-08-08 00:30:06.863695
2026-08-08 00:40:06,862 [INFO] [MainThread] [root/api.py:69]: Fetching new weather data at 2026-08-08 00:40:06.862596
2026-08-08 00:50:06,913 [INFO] [MainThread] [root/api.py:69]: Fetching new weather data at 2026-08-08 00:50:06.913379
2026-08-08 01:00:06,871 [INFO] [MainThread] [root/api.py:69]: Fetching new weather data at 2026-08-08 01:00:06.871083
2026-08-08 01:10:06,885 [INFO] [MainThread] [root/api.py:69]: Fetching new weather data at 2026-08-08 01:10:06.885491
2026-08-08 01:20:06,861 [INFO] [MainThread] [root/api.py:69]: Fetching new weather data at 2026-08-08 01:20:06.861295
2026-08-08 01:30:06,863 [INFO] [MainThread] [root/api.py:69]: Fetching new weather data at 2026-08-08 01:30:06.863400
2026-08-08 01:40:06,876 [INFO] [MainThread] [root/api.py:69]: Fetching new weather data at 2026-08-08 01:40:06.876803
2026-08-08 01:50:06,953 [INFO] [MainThread] [root/api.py:69]: Fetching new weather data at 2026-08-08 01:50:06.953858
2026-08-08 02:00:06,865 [INFO] [MainThread] [root/api.py:69]: Fetching new weather data at 2026-08-08 02:00:06.865442
2026-08-08 02:10:07,100 [INFO] [MainThread] [root/api.py:69]: Fetching new weather data at 2026-08-08 02:10:07.100615
2026-08-08 02:20:06,875 [INFO] [MainThread] [root/api.py:69]: Fetching new weather data at 2026-08-08 02:20:06.875504
2026-08-08 02:30:06,868 [INFO] [MainThread] [root/api.py:69]: Fetching new weather data at 2026-08-08 02:30:06.868937
2026-08-08 02:40:06,859 [INFO] [MainThread] [root/api.py:69]: Fetching new weather data at 2026-08-08 02:40:06.859846
2026-08-08 02:50:06,864 [INFO] [MainThread] [root/api.py:69]: Fetching new weather data at 2026-08-08 02:50:06.864924
2026-08-08 03:00:06,868 [INFO] [MainThread] [root/api.py:69]: Fetching new weather data at 2026-08-08 03:00:06.868813
2026-08-08 03:10:06,982 [INFO] [MainThread] [root/api.py:69]: Fetching new weather data at 2026-08-08 03:10:06.982439
2026-08-08 03:20:06,865 [INFO] [MainThread] [root/api.py:69]: Fetching new weather data at 2026-08-08 03:20:06.865469
2026-08-08 03:30:06,905 [INFO] [MainThread] [root/api.py:69]: Fetching new weather data at 2026-08-08 03:30:06.905330
2026-08-08 03:40:06,858 [INFO] [MainThread] [root/api.py:69]: Fetching new weather data at 2026-08-08 03:40:06.858250
2026-08-08 03:50:06,872 [INFO] [MainThread] [root/api.py:69]: Fetching new weather data at 2026-08-08 03:50:06.872217
2026-08-08 04:00:06,874 [INFO] [MainThread] [root/api.py:69]: Fetching new weather data at 2026-08-08 04:00:06.874674
2026-08-08 04:10:06,885 [INFO] [MainThread] [root/api.py:69]: Fetching new weather data at 2026-08-08 04:10:06.885687
2026-08-08 04:20:06,919 [INFO] [MainThread] [root/api.py:69]: Fetching new weather data at 2026-08-08 04:20:06.919112
2026-08-08 04:30:06,875 [INFO] [MainThread] [root/api.py:69]: Fetching new weather data at 2026-08-08 04:30:06.874978
2026-08-08 04:40:06,881 [INFO] [MainThread] [root/api.py:69]: Fetching new weather data at 2026-08-08 04:40:06.881125
2026-08-08 04:50:06,871 [INFO] [MainThread] [root/api.py:69]: Fetching new weather data at 2026-08-08 04:50:06.871756
2026-08-08 04:51:10,147 [INFO] [MainThread] [root/controller.py:43]: Exiting Application...
2026-08-08 04:51:10,265 [INFO] [MainThread] [cli_server/cli_server.py:114]: Log pipe server stopped
2026-08-08 04:51:10,476 [INFO] [MainThread] [root/bar_manager.py:119]: Stopping SystemEventListener...
2026-08-08 14:17:56,088 [INFO] [MainThread] [root/log.py:104]: YASB v2.0.6
2026-08-08 14:17:56,088 [INFO] [CLIPipeServer] [cli_server/cli_server.py:216]: CLI server started v1.1.7
2026-08-08 14:17:56,089 [INFO] [MainThread] [cli_server/cli_server.py:106]: Log pipe server started
2026-08-08 14:17:56,444 [INFO] [MainThread] [root/service.py:52]: AudioOutputService starting...
2026-08-08 14:17:56,603 [INFO] [MainThread] [root/bar_manager.py:103]: Starting SystemEventListener...
2026-08-08 14:17:56,604 [INFO] [MainThread] [root/watcher.py:65]: Watching directory: c:\users\erick\.config\yasb
2026-08-08 14:17:56,604 [INFO] [MainThread] [root/watcher.py:104]: Created file watcher
2026-08-08 14:17:56,628 [INFO] [MainThread] [root/update_service.py:434]: Background update checker started
2026-08-08 14:17:56,686 [WARNING] [UpdateChecker] [root/update_service.py:300]: Network error checking for updates: [Errno 11001] getaddrinfo failed
2026-08-08 14:17:56,686 [WARNING] [UpdateChecker] [root/update_service.py:430]: Background update check failed: <urlopen error [Errno 11001] getaddrinfo failed>
2026-08-08 14:17:56,749 [ERROR] [MainThread] [root/api.py:84]: No internet connection or host not found. Unable to fetch weather.
2026-08-08 14:17:56,749 [WARNING] [MainThread] [root/weather.py:565]: Error processing weather data: Weather data is empty.. Retrying fetch in 10 seconds.
2026-08-08 14:17:56,752 [WARNING] [MainThread] [root/weather.py:565]: Error processing weather data: Weather data is empty.. Retrying fetch in 10 seconds.
2026-08-08 14:18:06,751 [ERROR] [MainThread] [root/api.py:84]: No internet connection or host not found. Unable to fetch weather.
2026-08-08 14:18:06,752 [WARNING] [MainThread] [root/weather.py:565]: Error processing weather data: Weather data is empty.. Retrying fetch in 10 seconds.
2026-08-08 14:18:06,752 [WARNING] [MainThread] [root/weather.py:565]: Error processing weather data: Weather data is empty.. Retrying fetch in 10 seconds.
2026-08-08 14:18:06,753 [ERROR] [MainThread] [root/api.py:84]: No internet connection or host not found. Unable to fetch weather.
Windows fatal exception: code 0x8001010d

Thread 0x00003e90 [Thread-5] (most recent call first):
  File "C:\hostedtoolcache\windows\Python\3.14.6\x64\Lib\threading.py", line 369 in wait
  File "C:\hostedtoolcache\windows\Python\3.14.6\x64\Lib\queue.py", line 199 in get
  File "D:\a\yasb\yasb\venv\Lib\site-packages\watchdog\observers\api.py", line 379 in dispatch_events
  File "D:\a\yasb\yasb\venv\Lib\site-packages\watchdog\observers\api.py", line 213 in run
  File "C:\hostedtoolcache\windows\Python\3.14.6\x64\Lib\threading.py", line 1082 in _bootstrap_inner
  File "C:\hostedtoolcache\windows\Python\3.14.6\x64\Lib\threading.py", line 1044 in _bootstrap

Thread 0x00002e60 [Thread-6] (most recent call first):
  File "D:\a\yasb\yasb\venv\Lib\site-packages\watchdog\observers\winapi.py", line 326 in read_directory_changes
  File "D:\a\yasb\yasb\venv\Lib\site-packages\watchdog\observers\winapi.py", line 380 in read_events
  File "D:\a\yasb\yasb\venv\Lib\site-packages\watchdog\observers\read_directory_changes.py", line 67 in _read_events
  File "D:\a\yasb\yasb\venv\Lib\site-packages\watchdog\observers\read_directory_changes.py", line 70 in queue_events
  File "D:\a\yasb\yasb\venv\Lib\site-packages\watchdog\observers\api.py", line 158 in run
  File "C:\hostedtoolcache\windows\Python\3.14.6\x64\Lib\threading.py", line 1082 in _bootstrap_inner
  File "C:\hostedtoolcache\windows\Python\3.14.6\x64\Lib\threading.py", line 1044 in _bootstrap

Thread 0x00004588 [SystemEventListener] (most recent call first):
  File "D:\a\yasb\yasb\src\core\utils\win32\event_listener.py", line 69 in run

Thread 0x000039d8 [WiFiWorker] (most recent call first):
  File "C:\hostedtoolcache\windows\Python\3.14.6\x64\Lib\threading.py", line 373 in wait
  File "C:\hostedtoolcache\windows\Python\3.14.6\x64\Lib\threading.py", line 670 in wait
  File "D:\a\yasb\yasb\src\core\widgets\services\wifi\wifi_managers.py", line 160 in run

Thread 0x0000388c [MemoryWorker] (most recent call first):
  File "C:\hostedtoolcache\windows\Python\3.14.6\x64\Lib\threading.py", line 373 in wait
  File "C:\hostedtoolcache\windows\Python\3.14.6\x64\Lib\threading.py", line 670 in wait
  File "D:\a\yasb\yasb\src\core\widgets\services\memory\memory_api.py", line 247 in run

Thread 0x00003aa4 [_EventWorker] (most recent call first):
  File "D:\a\yasb\yasb\venv\Lib\site-packages\qasync\_windows.py", line 147 in _poll
  File "D:\a\yasb\yasb\venv\Lib\site-packages\qasync\_windows.py", line 72 in select
  File "D:\a\yasb\yasb\venv\Lib\site-packages\qasync\_windows.py", line 199 in run

Thread 0x00002c54 [LogPipeServer] (most recent call first):
  File "D:\a\yasb\yasb\src\core\utils\win32\bindings\kernel32.py", line 291 in ConnectNamedPipe
  File "D:\a\yasb\yasb\src\core\utils\cli_server.py", line 138 in _run_server
  File "C:\hostedtoolcache\windows\Python\3.14.6\x64\Lib\threading.py", line 1024 in run
  File "C:\hostedtoolcache\windows\Python\3.14.6\x64\Lib\threading.py", line 1082 in _bootstrap_inner
  File "C:\hostedtoolcache\windows\Python\3.14.6\x64\Lib\threading.py", line 1044 in _bootstrap

Thread 0x00003410 [CLIPipeServer] (most recent call first):
  File "D:\a\yasb\yasb\src\core\utils\win32\bindings\kernel32.py", line 291 in ConnectNamedPipe
  File "D:\a\yasb\yasb\src\core\utils\cli_server.py", line 235 in _run_server
  File "C:\hostedtoolcache\windows\Python\3.14.6\x64\Lib\threading.py", line 1024 in run
  File "C:\hostedtoolcache\windows\Python\3.14.6\x64\Lib\threading.py", line 1082 in _bootstrap_inner
  File "C:\hostedtoolcache\windows\Python\3.14.6\x64\Lib\threading.py", line 1044 in _bootstrap

Current thread 0x00001e6c (most recent call first):
  File "D:\a\yasb\yasb\venv\Lib\site-packages\qasync\__init__.py", line 404 in run_forever
  File "D:\a\yasb\yasb\venv\Lib\site-packages\qasync\__init__.py", line 428 in run_until_complete
  File "main.py", line 100 in main
  File "main.py", line 203 in <module>
  File "D:\a\yasb\yasb\venv\Lib\site-packages\freeze_core\initscripts\console.py", line 43 in run
  File "src/freeze_core/initscripts/__startup__.py", line 147 in run
2026-08-08 14:18:28,754 [ERROR] [MainThread] [root/api.py:84]: No internet connection or host not found. Unable to fetch weather.
2026-08-08 14:18:28,754 [WARNING] [MainThread] [root/weather.py:565]: Error processing weather data: Weather data is empty.. Retrying fetch in 10 seconds.
2026-08-08 14:18:28,755 [WARNING] [MainThread] [root/weather.py:565]: Error processing weather data: Weather data is empty.. Retrying fetch in 10 seconds.
2026-08-08 14:18:28,755 [ERROR] [MainThread] [root/api.py:84]: No internet connection or host not found. Unable to fetch weather.
2026-08-08 14:18:38,745 [ERROR] [MainThread] [root/api.py:84]: No internet connection or host not found. Unable to fetch weather.
2026-08-08 14:18:38,745 [WARNING] [MainThread] [root/weather.py:565]: Error processing weather data: Weather data is empty.. Retrying fetch in 10 seconds.
2026-08-08 14:18:38,745 [WARNING] [MainThread] [root/weather.py:565]: Error processing weather data: Weather data is empty.. Retrying fetch in 10 seconds.
2026-08-08 14:18:38,746 [ERROR] [MainThread] [root/api.py:84]: No internet connection or host not found. Unable to fetch weather.
2026-08-08 14:19:00,807 [ERROR] [MainThread] [root/api.py:84]: No internet connection or host not found. Unable to fetch weather.
2026-08-08 14:19:00,807 [WARNING] [MainThread] [root/weather.py:565]: Error processing weather data: Weather data is empty.. Retrying fetch in 10 seconds.
2026-08-08 14:19:00,808 [WARNING] [MainThread] [root/weather.py:565]: Error processing weather data: Weather data is empty.. Retrying fetch in 10 seconds.
2026-08-08 14:19:00,808 [ERROR] [MainThread] [root/api.py:84]: No internet connection or host not found. Unable to fetch weather.
2026-08-08 14:19:10,812 [ERROR] [MainThread] [root/api.py:84]: No internet connection or host not found. Unable to fetch weather.
2026-08-08 14:19:10,812 [WARNING] [MainThread] [root/weather.py:565]: Error processing weather data: Weather data is empty.. Retrying fetch in 10 seconds.
2026-08-08 14:19:10,813 [WARNING] [MainThread] [root/weather.py:565]: Error processing weather data: Weather data is empty.. Retrying fetch in 10 seconds.
2026-08-08 14:19:10,813 [ERROR] [MainThread] [root/api.py:84]: No internet connection or host not found. Unable to fetch weather.
2026-08-08 14:19:20,820 [ERROR] [MainThread] [root/api.py:84]: No internet connection or host not found. Unable to fetch weather.
2026-08-08 14:19:20,820 [WARNING] [MainThread] [root/weather.py:565]: Error processing weather data: Weather data is empty.. Retrying fetch in 10 seconds.
2026-08-08 14:19:20,821 [WARNING] [MainThread] [root/weather.py:565]: Error processing weather data: Weather data is empty.. Retrying fetch in 10 seconds.
2026-08-08 14:19:20,821 [ERROR] [MainThread] [root/api.py:84]: No internet connection or host not found. Unable to fetch weather.
2026-08-08 14:19:30,811 [ERROR] [MainThread] [root/api.py:84]: No internet connection or host not found. Unable to fetch weather.
2026-08-08 14:19:30,811 [WARNING] [MainThread] [root/weather.py:565]: Error processing weather data: Weather data is empty.. Retrying fetch in 10 seconds.
2026-08-08 14:19:30,812 [WARNING] [MainThread] [root/weather.py:565]: Error processing weather data: Weather data is empty.. Retrying fetch in 10 seconds.
2026-08-08 14:19:30,812 [ERROR] [MainThread] [root/api.py:84]: No internet connection or host not found. Unable to fetch weather.
2026-08-08 14:19:40,819 [ERROR] [MainThread] [root/api.py:84]: No internet connection or host not found. Unable to fetch weather.
2026-08-08 14:19:40,819 [WARNING] [MainThread] [root/weather.py:565]: Error processing weather data: Weather data is empty.. Retrying fetch in 10 seconds.
2026-08-08 14:19:40,820 [WARNING] [MainThread] [root/weather.py:565]: Error processing weather data: Weather data is empty.. Retrying fetch in 10 seconds.
2026-08-08 14:19:40,820 [ERROR] [MainThread] [root/api.py:84]: No internet connection or host not found. Unable to fetch weather.
2026-08-08 14:19:50,814 [ERROR] [MainThread] [root/api.py:84]: No internet connection or host not found. Unable to fetch weather.
2026-08-08 14:19:50,815 [WARNING] [MainThread] [root/weather.py:565]: Error processing weather data: Weather data is empty.. Retrying fetch in 10 seconds.
2026-08-08 14:19:50,815 [WARNING] [MainThread] [root/weather.py:565]: Error processing weather data: Weather data is empty.. Retrying fetch in 10 seconds.
2026-08-08 14:19:50,816 [ERROR] [MainThread] [root/api.py:84]: No internet connection or host not found. Unable to fetch weather.
2026-08-08 14:20:00,818 [ERROR] [MainThread] [root/api.py:84]: No internet connection or host not found. Unable to fetch weather.
2026-08-08 14:20:00,819 [WARNING] [MainThread] [root/weather.py:565]: Error processing weather data: Weather data is empty.. Retrying fetch in 10 seconds.
2026-08-08 14:20:00,819 [WARNING] [MainThread] [root/weather.py:565]: Error processing weather data: Weather data is empty.. Retrying fetch in 10 seconds.
2026-08-08 14:20:00,820 [ERROR] [MainThread] [root/api.py:84]: No internet connection or host not found. Unable to fetch weather.
2026-08-08 14:20:10,818 [ERROR] [MainThread] [root/api.py:84]: No internet connection or host not found. Unable to fetch weather.
2026-08-08 14:20:10,818 [WARNING] [MainThread] [root/weather.py:565]: Error processing weather data: Weather data is empty.. Retrying fetch in 10 seconds.
2026-08-08 14:20:10,819 [WARNING] [MainThread] [root/weather.py:565]: Error processing weather data: Weather data is empty.. Retrying fetch in 10 seconds.
2026-08-08 14:20:10,819 [ERROR] [MainThread] [root/api.py:84]: No internet connection or host not found. Unable to fetch weather.
2026-08-08 14:20:20,809 [ERROR] [MainThread] [root/api.py:84]: No internet connection or host not found. Unable to fetch weather.
2026-08-08 14:20:20,809 [WARNING] [MainThread] [root/weather.py:565]: Error processing weather data: Weather data is empty.. Retrying fetch in 10 seconds.
2026-08-08 14:20:20,810 [WARNING] [MainThread] [root/weather.py:565]: Error processing weather data: Weather data is empty.. Retrying fetch in 10 seconds.
2026-08-08 14:20:20,810 [ERROR] [MainThread] [root/api.py:84]: No internet connection or host not found. Unable to fetch weather.
2026-08-08 14:20:30,811 [ERROR] [MainThread] [root/api.py:84]: No internet connection or host not found. Unable to fetch weather.
2026-08-08 14:20:30,811 [WARNING] [MainThread] [root/weather.py:565]: Error processing weather data: Weather data is empty.. Retrying fetch in 10 seconds.
2026-08-08 14:20:30,812 [WARNING] [MainThread] [root/weather.py:565]: Error processing weather data: Weather data is empty.. Retrying fetch in 10 seconds.
2026-08-08 14:20:30,812 [ERROR] [MainThread] [root/api.py:84]: No internet connection or host not found. Unable to fetch weather.
2026-08-08 14:20:40,809 [ERROR] [MainThread] [root/api.py:84]: No internet connection or host not found. Unable to fetch weather.
2026-08-08 14:20:40,809 [WARNING] [MainThread] [root/weather.py:565]: Error processing weather data: Weather data is empty.. Retrying fetch in 10 seconds.
2026-08-08 14:20:40,809 [WARNING] [MainThread] [root/weather.py:565]: Error processing weather data: Weather data is empty.. Retrying fetch in 10 seconds.
2026-08-08 14:20:40,810 [ERROR] [MainThread] [root/api.py:84]: No internet connection or host not found. Unable to fetch weather.
2026-08-08 14:20:50,815 [ERROR] [MainThread] [root/api.py:84]: No internet connection or host not found. Unable to fetch weather.
2026-08-08 14:20:50,815 [WARNING] [MainThread] [root/weather.py:565]: Error processing weather data: Weather data is empty.. Retrying fetch in 10 seconds.
2026-08-08 14:20:50,816 [WARNING] [MainThread] [root/weather.py:565]: Error processing weather data: Weather data is empty.. Retrying fetch in 10 seconds.
2026-08-08 14:20:50,816 [ERROR] [MainThread] [root/api.py:84]: No internet connection or host not found. Unable to fetch weather.
2026-08-08 14:21:00,813 [ERROR] [MainThread] [root/api.py:84]: No internet connection or host not found. Unable to fetch weather.
2026-08-08 14:21:00,813 [WARNING] [MainThread] [root/weather.py:565]: Error processing weather data: Weather data is empty.. Retrying fetch in 10 seconds.
2026-08-08 14:21:00,814 [WARNING] [MainThread] [root/weather.py:565]: Error processing weather data: Weather data is empty.. Retrying fetch in 10 seconds.
2026-08-08 14:21:00,816 [ERROR] [MainThread] [root/api.py:84]: No internet connection or host not found. Unable to fetch weather.
2026-08-08 14:21:10,816 [ERROR] [MainThread] [root/api.py:84]: No internet connection or host not found. Unable to fetch weather.
2026-08-08 14:21:10,816 [WARNING] [MainThread] [root/weather.py:565]: Error processing weather data: Weather data is empty.. Retrying fetch in 10 seconds.
2026-08-08 14:21:10,816 [WARNING] [MainThread] [root/weather.py:565]: Error processing weather data: Weather data is empty.. Retrying fetch in 10 seconds.
2026-08-08 14:21:10,817 [ERROR] [MainThread] [root/api.py:84]: No internet connection or host not found. Unable to fetch weather.
2026-08-08 14:21:32,864 [ERROR] [MainThread] [root/api.py:84]: No internet connection or host not found. Unable to fetch weather.
2026-08-08 14:21:32,864 [WARNING] [MainThread] [root/weather.py:565]: Error processing weather data: Weather data is empty.. Retrying fetch in 10 seconds.
2026-08-08 14:21:32,865 [WARNING] [MainThread] [root/weather.py:565]: Error processing weather data: Weather data is empty.. Retrying fetch in 10 seconds.
2026-08-08 14:21:32,865 [ERROR] [MainThread] [root/api.py:84]: No internet connection or host not found. Unable to fetch weather.
2026-08-08 14:21:42,860 [ERROR] [MainThread] [root/api.py:84]: No internet connection or host not found. Unable to fetch weather.
2026-08-08 14:21:42,860 [WARNING] [MainThread] [root/weather.py:565]: Error processing weather data: Weather data is empty.. Retrying fetch in 10 seconds.
2026-08-08 14:21:42,861 [WARNING] [MainThread] [root/weather.py:565]: Error processing weather data: Weather data is empty.. Retrying fetch in 10 seconds.
2026-08-08 14:21:42,861 [ERROR] [MainThread] [root/api.py:84]: No internet connection or host not found. Unable to fetch weather.
2026-08-08 14:22:04,912 [ERROR] [MainThread] [root/api.py:84]: No internet connection or host not found. Unable to fetch weather.
2026-08-08 14:22:04,913 [WARNING] [MainThread] [root/weather.py:565]: Error processing weather data: Weather data is empty.. Retrying fetch in 10 seconds.
2026-08-08 14:22:04,913 [WARNING] [MainThread] [root/weather.py:565]: Error processing weather data: Weather data is empty.. Retrying fetch in 10 seconds.
2026-08-08 14:22:04,914 [ERROR] [MainThread] [root/api.py:84]: No internet connection or host not found. Unable to fetch weather.
2026-08-08 14:22:14,912 [ERROR] [MainThread] [root/api.py:84]: No internet connection or host not found. Unable to fetch weather.
2026-08-08 14:22:14,913 [WARNING] [MainThread] [root/weather.py:565]: Error processing weather data: Weather data is empty.. Retrying fetch in 10 seconds.
2026-08-08 14:22:14,913 [WARNING] [MainThread] [root/weather.py:565]: Error processing weather data: Weather data is empty.. Retrying fetch in 10 seconds.
2026-08-08 14:22:14,914 [ERROR] [MainThread] [root/api.py:84]: No internet connection or host not found. Unable to fetch weather.
2026-08-08 14:22:36,952 [ERROR] [MainThread] [root/api.py:84]: No internet connection or host not found. Unable to fetch weather.
2026-08-08 14:22:36,952 [WARNING] [MainThread] [root/weather.py:565]: Error processing weather data: Weather data is empty.. Retrying fetch in 10 seconds.
2026-08-08 14:22:36,953 [WARNING] [MainThread] [root/weather.py:565]: Error processing weather data: Weather data is empty.. Retrying fetch in 10 seconds.
2026-08-08 14:22:36,954 [ERROR] [MainThread] [root/api.py:84]: No internet connection or host not found. Unable to fetch weather.
2026-08-08 14:22:46,957 [ERROR] [MainThread] [root/api.py:84]: No internet connection or host not found. Unable to fetch weather.
2026-08-08 14:22:46,958 [WARNING] [MainThread] [root/weather.py:565]: Error processing weather data: Weather data is empty.. Retrying fetch in 10 seconds.
2026-08-08 14:22:46,959 [WARNING] [MainThread] [root/weather.py:565]: Error processing weather data: Weather data is empty.. Retrying fetch in 10 seconds.
2026-08-08 14:22:46,959 [ERROR] [MainThread] [root/api.py:84]: No internet connection or host not found. Unable to fetch weather.
2026-08-08 14:22:56,952 [ERROR] [MainThread] [root/api.py:84]: No internet connection or host not found. Unable to fetch weather.
2026-08-08 14:22:56,952 [WARNING] [MainThread] [root/weather.py:565]: Error processing weather data: Weather data is empty.. Retrying fetch in 10 seconds.
2026-08-08 14:22:56,953 [WARNING] [MainThread] [root/weather.py:565]: Error processing weather data: Weather data is empty.. Retrying fetch in 10 seconds.
2026-08-08 14:22:56,953 [ERROR] [MainThread] [root/api.py:84]: No internet connection or host not found. Unable to fetch weather.
2026-08-08 14:23:19,011 [ERROR] [MainThread] [root/api.py:84]: No internet connection or host not found. Unable to fetch weather.
2026-08-08 14:23:19,012 [WARNING] [MainThread] [root/weather.py:565]: Error processing weather data: Weather data is empty.. Retrying fetch in 10 seconds.
2026-08-08 14:23:19,012 [WARNING] [MainThread] [root/weather.py:565]: Error processing weather data: Weather data is empty.. Retrying fetch in 10 seconds.
2026-08-08 14:23:19,013 [ERROR] [MainThread] [root/api.py:84]: No internet connection or host not found. Unable to fetch weather.
2026-08-08 14:23:29,010 [ERROR] [MainThread] [root/api.py:84]: No internet connection or host not found. Unable to fetch weather.
2026-08-08 14:23:29,010 [WARNING] [MainThread] [root/weather.py:565]: Error processing weather data: Weather data is empty.. Retrying fetch in 10 seconds.
2026-08-08 14:23:29,011 [WARNING] [MainThread] [root/weather.py:565]: Error processing weather data: Weather data is empty.. Retrying fetch in 10 seconds.
2026-08-08 14:23:29,012 [ERROR] [MainThread] [root/api.py:84]: No internet connection or host not found. Unable to fetch weather.
2026-08-08 14:23:51,050 [ERROR] [MainThread] [root/api.py:84]: No internet connection or host not found. Unable to fetch weather.
2026-08-08 14:23:51,051 [WARNING] [MainThread] [root/weather.py:565]: Error processing weather data: Weather data is empty.. Retrying fetch in 10 seconds.
2026-08-08 14:23:51,051 [WARNING] [MainThread] [root/weather.py:565]: Error processing weather data: Weather data is empty.. Retrying fetch in 10 seconds.
2026-08-08 14:23:51,052 [ERROR] [MainThread] [root/api.py:84]: No internet connection or host not found. Unable to fetch weather.
2026-08-08 14:24:01,467 [INFO] [MainThread] [root/api.py:69]: Fetching new weather data at 2026-08-08 14:24:01.467525
2026-08-08 14:24:01,479 [INFO] [MainThread] [root/api.py:69]: Fetching new weather data at 2026-08-08 14:24:01.479499
2026-08-08 14:27:56,655 [INFO] [MainThread] [root/api.py:69]: Fetching new weather data at 2026-08-08 14:27:56.655694
2026-08-08 14:37:56,629 [INFO] [MainThread] [root/api.py:69]: Fetching new weather data at 2026-08-08 14:37:56.629646
2026-08-08 14:47:56,597 [INFO] [MainThread] [root/api.py:69]: Fetching new weather data at 2026-08-08 14:47:56.597625
2026-08-08 14:57:56,598 [INFO] [MainThread] [root/api.py:69]: Fetching new weather data at 2026-08-08 14:57:56.598620
2026-08-08 15:07:56,609 [INFO] [MainThread] [root/api.py:69]: Fetching new weather data at 2026-08-08 15:07:56.608988
2026-08-08 15:17:56,601 [INFO] [MainThread] [root/api.py:69]: Fetching new weather data at 2026-08-08 15:17:56.601233
2026-08-08 15:27:56,595 [INFO] [MainThread] [root/api.py:69]: Fetching new weather data at 2026-08-08 15:27:56.595385
2026-08-08 15:37:56,599 [INFO] [MainThread] [root/api.py:69]: Fetching new weather data at 2026-08-08 15:37:56.599674
2026-08-08 15:47:56,721 [INFO] [MainThread] [root/api.py:69]: Fetching new weather data at 2026-08-08 15:47:56.721104
2026-08-08 15:48:59,793 [INFO] [MainThread] [root/bar_helper.py:594]: AppBarManager need to re-register 2 bars
2026-08-08 15:49:00,295 [INFO] [MainThread] [root/bar_helper.py:603]: Re-registered AppBar for primary-bar_24G50F_4525e449 (space reservation + fullscreen)
2026-08-08 15:49:00,415 [INFO] [MainThread] [root/bar_helper.py:603]: Re-registered AppBar for primary-bar_BenQ RL2755_be531442 (space reservation + fullscreen)
2026-08-08 15:57:56,617 [INFO] [MainThread] [root/api.py:69]: Fetching new weather data at 2026-08-08 15:57:56.617046
2026-08-08 16:07:56,631 [INFO] [MainThread] [root/api.py:69]: Fetching new weather data at 2026-08-08 16:07:56.631852
2026-08-08 16:17:56,632 [INFO] [MainThread] [root/api.py:69]: Fetching new weather data at 2026-08-08 16:17:56.632279
2026-08-08 16:27:56,618 [INFO] [MainThread] [root/api.py:69]: Fetching new weather data at 2026-08-08 16:27:56.618603
2026-08-08 16:37:56,617 [INFO] [MainThread] [root/api.py:69]: Fetching new weather data at 2026-08-08 16:37:56.617782
2026-08-08 16:47:56,594 [INFO] [MainThread] [root/api.py:69]: Fetching new weather data at 2026-08-08 16:47:56.594292
2026-08-08 16:57:56,604 [INFO] [MainThread] [root/api.py:69]: Fetching new weather data at 2026-08-08 16:57:56.604716
2026-08-08 17:07:56,603 [INFO] [MainThread] [root/api.py:69]: Fetching new weather data at 2026-08-08 17:07:56.603550
2026-08-08 17:17:56,599 [INFO] [MainThread] [root/api.py:69]: Fetching new weather data at 2026-08-08 17:17:56.599883
2026-08-08 17:27:56,612 [INFO] [MainThread] [root/api.py:69]: Fetching new weather data at 2026-08-08 17:27:56.612852
2026-08-08 17:37:56,605 [INFO] [MainThread] [root/api.py:69]: Fetching new weather data at 2026-08-08 17:37:56.605430
2026-08-08 17:47:56,649 [INFO] [MainThread] [root/api.py:69]: Fetching new weather data at 2026-08-08 17:47:56.649134
2026-08-08 17:57:56,611 [INFO] [MainThread] [root/api.py:69]: Fetching new weather data at 2026-08-08 17:57:56.610998
2026-08-08 18:07:56,604 [INFO] [MainThread] [root/api.py:69]: Fetching new weather data at 2026-08-08 18:07:56.604869
2026-08-08 18:17:56,609 [INFO] [MainThread] [root/api.py:69]: Fetching new weather data at 2026-08-08 18:17:56.609588
2026-08-08 18:27:56,611 [INFO] [MainThread] [root/api.py:69]: Fetching new weather data at 2026-08-08 18:27:56.611511
2026-08-08 18:37:56,618 [INFO] [MainThread] [root/api.py:69]: Fetching new weather data at 2026-08-08 18:37:56.618058
2026-08-08 18:40:14,485 [INFO] [MainThread] [root/controller.py:43]: Exiting Application...
2026-08-08 18:40:14,600 [INFO] [MainThread] [cli_server/cli_server.py:114]: Log pipe server stopped
2026-08-08 18:40:14,957 [INFO] [MainThread] [root/bar_manager.py:119]: Stopping SystemEventListener...
2026-08-08 23:47:00,575 [INFO] [MainThread] [root/log.py:104]: YASB v2.0.6
2026-08-08 23:47:00,576 [INFO] [CLIPipeServer] [cli_server/cli_server.py:216]: CLI server started v1.1.7
2026-08-08 23:47:00,577 [INFO] [MainThread] [cli_server/cli_server.py:106]: Log pipe server started
2026-08-08 23:47:00,987 [INFO] [MainThread] [root/service.py:52]: AudioOutputService starting...
2026-08-08 23:47:01,204 [INFO] [MainThread] [root/bar_manager.py:103]: Starting SystemEventListener...
2026-08-08 23:47:01,206 [INFO] [MainThread] [root/watcher.py:65]: Watching directory: c:\users\erick\.config\yasb
2026-08-08 23:47:01,206 [INFO] [MainThread] [root/watcher.py:104]: Created file watcher
2026-08-08 23:47:01,275 [INFO] [MainThread] [root/update_service.py:434]: Background update checker started
2026-08-08 23:47:01,632 [INFO] [MainThread] [root/api.py:69]: Fetching new weather data at 2026-08-08 23:47:01.632823
Windows fatal exception: code 0x8001010d

Thread 0x00004a20 [Thread-5] (most recent call first):
  File "C:\hostedtoolcache\windows\Python\3.14.6\x64\Lib\threading.py", line 369 in wait
  File "C:\hostedtoolcache\windows\Python\3.14.6\x64\Lib\queue.py", line 199 in get
  File "D:\a\yasb\yasb\venv\Lib\site-packages\watchdog\observers\api.py", line 379 in dispatch_events
  File "D:\a\yasb\yasb\venv\Lib\site-packages\watchdog\observers\api.py", line 213 in run
  File "C:\hostedtoolcache\windows\Python\3.14.6\x64\Lib\threading.py", line 1082 in _bootstrap_inner
  File "C:\hostedtoolcache\windows\Python\3.14.6\x64\Lib\threading.py", line 1044 in _bootstrap

Thread 0x000048ec [Thread-6] (most recent call first):
  File "D:\a\yasb\yasb\venv\Lib\site-packages\watchdog\observers\winapi.py", line 326 in read_directory_changes
  File "D:\a\yasb\yasb\venv\Lib\site-packages\watchdog\observers\winapi.py", line 380 in read_events
  File "D:\a\yasb\yasb\venv\Lib\site-packages\watchdog\observers\read_directory_changes.py", line 67 in _read_events
  File "D:\a\yasb\yasb\venv\Lib\site-packages\watchdog\observers\read_directory_changes.py", line 70 in queue_events
  File "D:\a\yasb\yasb\venv\Lib\site-packages\watchdog\observers\api.py", line 158 in run
  File "C:\hostedtoolcache\windows\Python\3.14.6\x64\Lib\threading.py", line 1082 in _bootstrap_inner
  File "C:\hostedtoolcache\windows\Python\3.14.6\x64\Lib\threading.py", line 1044 in _bootstrap

Thread 0x00004ab4 [SystemEventListener] (most recent call first):
  File "D:\a\yasb\yasb\src\core\utils\win32\event_listener.py", line 69 in run

Thread 0x00004938 [WiFiWorker] (most recent call first):
  File "C:\hostedtoolcache\windows\Python\3.14.6\x64\Lib\threading.py", line 373 in wait
  File "C:\hostedtoolcache\windows\Python\3.14.6\x64\Lib\threading.py", line 670 in wait
  File "D:\a\yasb\yasb\src\core\widgets\services\wifi\wifi_managers.py", line 160 in run

Thread 0x00003da8 [MemoryWorker] (most recent call first):
  File "C:\hostedtoolcache\windows\Python\3.14.6\x64\Lib\threading.py", line 373 in wait
  File "C:\hostedtoolcache\windows\Python\3.14.6\x64\Lib\threading.py", line 670 in wait
  File "D:\a\yasb\yasb\src\core\widgets\services\memory\memory_api.py", line 247 in run

Thread 0x00004988 [_EventWorker] (most recent call first):
  File "D:\a\yasb\yasb\venv\Lib\site-packages\qasync\_windows.py", line 147 in _poll
  File "D:\a\yasb\yasb\venv\Lib\site-packages\qasync\_windows.py", line 72 in select
  File "D:\a\yasb\yasb\venv\Lib\site-packages\qasync\_windows.py", line 199 in run

Thread 0x00001ad4 [LogPipeServer] (most recent call first):
  File "D:\a\yasb\yasb\src\core\utils\win32\bindings\kernel32.py", line 291 in ConnectNamedPipe
  File "D:\a\yasb\yasb\src\core\utils\cli_server.py", line 138 in _run_server
  File "C:\hostedtoolcache\windows\Python\3.14.6\x64\Lib\threading.py", line 1024 in run
  File "C:\hostedtoolcache\windows\Python\3.14.6\x64\Lib\threading.py", line 1082 in _bootstrap_inner
  File "C:\hostedtoolcache\windows\Python\3.14.6\x64\Lib\threading.py", line 1044 in _bootstrap

Thread 0x00002c20 [CLIPipeServer] (most recent call first):
  File "D:\a\yasb\yasb\src\core\utils\win32\bindings\kernel32.py", line 291 in ConnectNamedPipe
  File "D:\a\yasb\yasb\src\core\utils\cli_server.py", line 235 in _run_server
  File "C:\hostedtoolcache\windows\Python\3.14.6\x64\Lib\threading.py", line 1024 in run
  File "C:\hostedtoolcache\windows\Python\3.14.6\x64\Lib\threading.py", line 1082 in _bootstrap_inner
  File "C:\hostedtoolcache\windows\Python\3.14.6\x64\Lib\threading.py", line 1044 in _bootstrap

Current thread 0x0000481c (most recent call first):
  File "D:\a\yasb\yasb\venv\Lib\site-packages\qasync\__init__.py", line 404 in run_forever
  File "D:\a\yasb\yasb\venv\Lib\site-packages\qasync\__init__.py", line 428 in run_until_complete
  File "main.py", line 100 in main
  File "main.py", line 203 in <module>
  File "D:\a\yasb\yasb\venv\Lib\site-packages\freeze_core\initscripts\console.py", line 43 in run
  File "src/freeze_core/initscripts/__startup__.py", line 147 in run
2026-08-08 23:57:01,138 [INFO] [MainThread] [root/api.py:69]: Fetching new weather data at 2026-08-08 23:57:01.138750
2026-08-09 00:07:01,182 [INFO] [MainThread] [root/api.py:69]: Fetching new weather data at 2026-08-09 00:07:01.182339
2026-08-09 00:17:01,140 [INFO] [MainThread] [root/api.py:69]: Fetching new weather data at 2026-08-09 00:17:01.140090
2026-08-09 00:27:01,309 [INFO] [MainThread] [root/api.py:69]: Fetching new weather data at 2026-08-09 00:27:01.309160
2026-08-09 00:37:01,138 [INFO] [MainThread] [root/api.py:69]: Fetching new weather data at 2026-08-09 00:37:01.138805
2026-08-09 00:47:01,132 [INFO] [MainThread] [root/api.py:69]: Fetching new weather data at 2026-08-09 00:47:01.132589
2026-08-09 00:57:01,148 [INFO] [MainThread] [root/api.py:69]: Fetching new weather data at 2026-08-09 00:57:01.148233
2026-08-09 04:42:46,191 [INFO] [MainThread] [root/log.py:104]: YASB v2.0.6
2026-08-09 04:42:46,192 [INFO] [CLIPipeServer] [cli_server/cli_server.py:216]: CLI server started v1.1.7
2026-08-09 04:42:46,192 [INFO] [MainThread] [cli_server/cli_server.py:106]: Log pipe server started
2026-08-09 04:42:46,603 [INFO] [MainThread] [root/service.py:52]: AudioOutputService starting...
2026-08-09 04:42:46,836 [INFO] [MainThread] [root/bar_manager.py:103]: Starting SystemEventListener...
2026-08-09 04:42:46,838 [INFO] [MainThread] [root/watcher.py:65]: Watching directory: c:\users\erick\.config\yasb
2026-08-09 04:42:46,838 [INFO] [MainThread] [root/watcher.py:104]: Created file watcher
2026-08-09 04:42:46,941 [INFO] [MainThread] [root/update_service.py:434]: Background update checker started
2026-08-09 04:42:47,300 [INFO] [MainThread] [root/api.py:69]: Fetching new weather data at 2026-08-09 04:42:47.300550
Windows fatal exception: code 0x8001010d

Thread 0x0000560c [Thread-5] (most recent call first):
  File "C:\hostedtoolcache\windows\Python\3.14.6\x64\Lib\threading.py", line 369 in wait
  File "C:\hostedtoolcache\windows\Python\3.14.6\x64\Lib\queue.py", line 199 in get
  File "D:\a\yasb\yasb\venv\Lib\site-packages\watchdog\observers\api.py", line 379 in dispatch_events
  File "D:\a\yasb\yasb\venv\Lib\site-packages\watchdog\observers\api.py", line 213 in run
  File "C:\hostedtoolcache\windows\Python\3.14.6\x64\Lib\threading.py", line 1082 in _bootstrap_inner
  File "C:\hostedtoolcache\windows\Python\3.14.6\x64\Lib\threading.py", line 1044 in _bootstrap

Thread 0x00005604 [SystemEventListener] (most recent call first):
  File "D:\a\yasb\yasb\src\core\utils\win32\event_listener.py", line 69 in run

Thread 0x00005608 [Thread-6] (most recent call first):
  File "D:\a\yasb\yasb\venv\Lib\site-packages\watchdog\observers\winapi.py", line 326 in read_directory_changes
  File "D:\a\yasb\yasb\venv\Lib\site-packages\watchdog\observers\winapi.py", line 380 in read_events
  File "D:\a\yasb\yasb\venv\Lib\site-packages\watchdog\observers\read_directory_changes.py", line 67 in _read_events
  File "D:\a\yasb\yasb\venv\Lib\site-packages\watchdog\observers\read_directory_changes.py", line 70 in queue_events
  File "D:\a\yasb\yasb\venv\Lib\site-packages\watchdog\observers\api.py", line 158 in run
  File "C:\hostedtoolcache\windows\Python\3.14.6\x64\Lib\threading.py", line 1082 in _bootstrap_inner
  File "C:\hostedtoolcache\windows\Python\3.14.6\x64\Lib\threading.py", line 1044 in _bootstrap

Thread 0x0000559c [WiFiWorker] (most recent call first):
  File "C:\hostedtoolcache\windows\Python\3.14.6\x64\Lib\threading.py", line 373 in wait
  File "C:\hostedtoolcache\windows\Python\3.14.6\x64\Lib\threading.py", line 670 in wait
  File "D:\a\yasb\yasb\src\core\widgets\services\wifi\wifi_managers.py", line 160 in run

Thread 0x00005598 [MemoryWorker] (most recent call first):
  File "C:\hostedtoolcache\windows\Python\3.14.6\x64\Lib\threading.py", line 373 in wait
  File "C:\hostedtoolcache\windows\Python\3.14.6\x64\Lib\threading.py", line 670 in wait
  File "D:\a\yasb\yasb\src\core\widgets\services\memory\memory_api.py", line 247 in run

Thread 0x00005590 [_EventWorker] (most recent call first):
  File "D:\a\yasb\yasb\venv\Lib\site-packages\qasync\_windows.py", line 147 in _poll
  File "D:\a\yasb\yasb\venv\Lib\site-packages\qasync\_windows.py", line 72 in select
  File "D:\a\yasb\yasb\venv\Lib\site-packages\qasync\_windows.py", line 199 in run

Thread 0x00005580 [LogPipeServer] (most recent call first):
  File "D:\a\yasb\yasb\src\core\utils\win32\bindings\kernel32.py", line 291 in ConnectNamedPipe
  File "D:\a\yasb\yasb\src\core\utils\cli_server.py", line 138 in _run_server
  File "C:\hostedtoolcache\windows\Python\3.14.6\x64\Lib\threading.py", line 1024 in run
  File "C:\hostedtoolcache\windows\Python\3.14.6\x64\Lib\threading.py", line 1082 in _bootstrap_inner
  File "C:\hostedtoolcache\windows\Python\3.14.6\x64\Lib\threading.py", line 1044 in _bootstrap

Thread 0x0000557c [CLIPipeServer] (most recent call first):
  File "D:\a\yasb\yasb\src\core\utils\win32\bindings\kernel32.py", line 291 in ConnectNamedPipe
  File "D:\a\yasb\yasb\src\core\utils\cli_server.py", line 235 in _run_server
  File "C:\hostedtoolcache\windows\Python\3.14.6\x64\Lib\threading.py", line 1024 in run
  File "C:\hostedtoolcache\windows\Python\3.14.6\x64\Lib\threading.py", line 1082 in _bootstrap_inner
  File "C:\hostedtoolcache\windows\Python\3.14.6\x64\Lib\threading.py", line 1044 in _bootstrap

Current thread 0x00005560 (most recent call first):
  File "D:\a\yasb\yasb\venv\Lib\site-packages\qasync\__init__.py", line 404 in run_forever
  File "D:\a\yasb\yasb\venv\Lib\site-packages\qasync\__init__.py", line 428 in run_until_complete
  File "main.py", line 100 in main
  File "main.py", line 203 in <module>
  File "D:\a\yasb\yasb\venv\Lib\site-packages\freeze_core\initscripts\console.py", line 43 in run
  File "src/freeze_core/initscripts/__startup__.py", line 147 in run
2026-08-09 04:52:46,749 [INFO] [MainThread] [root/api.py:69]: Fetching new weather data at 2026-08-09 04:52:46.749283
2026-08-09 05:02:46,752 [INFO] [MainThread] [root/api.py:69]: Fetching new weather data at 2026-08-09 05:02:46.752330
2026-08-09 05:12:46,939 [INFO] [MainThread] [root/api.py:69]: Fetching new weather data at 2026-08-09 05:12:46.939775
2026-08-09 05:22:46,761 [INFO] [MainThread] [root/api.py:69]: Fetching new weather data at 2026-08-09 05:22:46.761892
2026-08-09 05:32:46,762 [INFO] [MainThread] [root/api.py:69]: Fetching new weather data at 2026-08-09 05:32:46.762410
2026-08-09 05:42:46,743 [INFO] [MainThread] [root/api.py:69]: Fetching new weather data at 2026-08-09 05:42:46.743665
2026-08-09 05:52:46,870 [INFO] [MainThread] [root/api.py:69]: Fetching new weather data at 2026-08-09 05:52:46.870766
2026-08-09 06:02:46,742 [INFO] [MainThread] [root/api.py:69]: Fetching new weather data at 2026-08-09 06:02:46.742673
2026-08-09 06:12:46,747 [INFO] [MainThread] [root/api.py:69]: Fetching new weather data at 2026-08-09 06:12:46.747705
2026-08-09 06:22:46,815 [INFO] [MainThread] [root/api.py:69]: Fetching new weather data at 2026-08-09 06:22:46.815813
2026-08-09 06:32:46,747 [INFO] [MainThread] [root/api.py:69]: Fetching new weather data at 2026-08-09 06:32:46.747686
2026-08-09 06:42:46,755 [INFO] [MainThread] [root/api.py:69]: Fetching new weather data at 2026-08-09 06:42:46.755925
2026-08-09 06:52:46,742 [INFO] [MainThread] [root/api.py:69]: Fetching new weather data at 2026-08-09 06:52:46.742480
2026-08-09 07:02:46,754 [INFO] [MainThread] [root/api.py:69]: Fetching new weather data at 2026-08-09 07:02:46.754368
2026-08-09 07:12:46,745 [INFO] [MainThread] [root/api.py:69]: Fetching new weather data at 2026-08-09 07:12:46.745306
2026-08-09 07:22:46,752 [INFO] [MainThread] [root/api.py:69]: Fetching new weather data at 2026-08-09 07:22:46.752731
2026-08-09 07:32:46,745 [INFO] [MainThread] [root/api.py:69]: Fetching new weather data at 2026-08-09 07:32:46.745644
2026-08-09 07:42:46,744 [INFO] [MainThread] [root/api.py:69]: Fetching new weather data at 2026-08-09 07:42:46.744118
2026-08-09 07:52:46,736 [INFO] [MainThread] [root/api.py:69]: Fetching new weather data at 2026-08-09 07:52:46.736114
2026-08-09 08:02:46,750 [INFO] [MainThread] [root/api.py:69]: Fetching new weather data at 2026-08-09 08:02:46.750512
2026-08-09 08:12:46,779 [INFO] [MainThread] [root/api.py:69]: Fetching new weather data at 2026-08-09 08:12:46.779604
2026-08-09 08:22:46,739 [INFO] [MainThread] [root/api.py:69]: Fetching new weather data at 2026-08-09 08:22:46.739409
2026-08-09 08:32:46,752 [INFO] [MainThread] [root/api.py:69]: Fetching new weather data at 2026-08-09 08:32:46.751998
2026-08-09 08:42:46,743 [INFO] [MainThread] [root/api.py:69]: Fetching new weather data at 2026-08-09 08:42:46.742978
2026-08-09 08:52:46,746 [INFO] [MainThread] [root/api.py:69]: Fetching new weather data at 2026-08-09 08:52:46.746214
2026-08-09 09:02:46,743 [INFO] [MainThread] [root/api.py:69]: Fetching new weather data at 2026-08-09 09:02:46.743547
2026-08-09 09:12:46,781 [INFO] [MainThread] [root/api.py:69]: Fetching new weather data at 2026-08-09 09:12:46.781504
2026-08-09 09:22:46,880 [INFO] [MainThread] [root/api.py:69]: Fetching new weather data at 2026-08-09 09:22:46.880904
2026-08-09 09:32:46,992 [INFO] [MainThread] [root/api.py:69]: Fetching new weather data at 2026-08-09 09:32:46.992876
2026-08-09 09:42:46,776 [INFO] [MainThread] [root/api.py:69]: Fetching new weather data at 2026-08-09 09:42:46.776393
2026-08-09 09:52:46,736 [INFO] [MainThread] [root/api.py:69]: Fetching new weather data at 2026-08-09 09:52:46.736388
2026-08-09 10:02:46,755 [INFO] [MainThread] [root/api.py:69]: Fetching new weather data at 2026-08-09 10:02:46.755603
2026-08-09 10:12:46,752 [INFO] [MainThread] [root/api.py:69]: Fetching new weather data at 2026-08-09 10:12:46.752300
2026-08-09 10:22:46,751 [INFO] [MainThread] [root/api.py:69]: Fetching new weather data at 2026-08-09 10:22:46.751512
2026-08-09 10:32:47,116 [INFO] [MainThread] [root/api.py:69]: Fetching new weather data at 2026-08-09 10:32:47.116772
2026-08-09 10:42:46,748 [INFO] [MainThread] [root/api.py:69]: Fetching new weather data at 2026-08-09 10:42:46.748867
2026-08-09 10:52:46,739 [INFO] [MainThread] [root/api.py:69]: Fetching new weather data at 2026-08-09 10:52:46.739368
2026-08-09 11:02:46,735 [INFO] [MainThread] [root/api.py:69]: Fetching new weather data at 2026-08-09 11:02:46.735392
2026-08-09 11:12:46,747 [INFO] [MainThread] [root/api.py:69]: Fetching new weather data at 2026-08-09 11:12:46.747147
2026-08-09 11:22:46,736 [INFO] [MainThread] [root/api.py:69]: Fetching new weather data at 2026-08-09 11:22:46.736711
2026-08-09 11:32:46,747 [INFO] [MainThread] [root/api.py:69]: Fetching new weather data at 2026-08-09 11:32:46.747322
2026-08-09 11:42:46,748 [INFO] [MainThread] [root/api.py:69]: Fetching new weather data at 2026-08-09 11:42:46.748339
2026-08-09 11:52:46,753 [INFO] [MainThread] [root/api.py:69]: Fetching new weather data at 2026-08-09 11:52:46.753787
2026-08-09 12:02:46,742 [INFO] [MainThread] [root/api.py:69]: Fetching new weather data at 2026-08-09 12:02:46.742591
2026-08-09 12:12:46,741 [INFO] [MainThread] [root/api.py:69]: Fetching new weather data at 2026-08-09 12:12:46.741757
2026-08-09 12:22:46,735 [INFO] [MainThread] [root/api.py:69]: Fetching new weather data at 2026-08-09 12:22:46.735672
2026-08-09 12:32:46,743 [INFO] [MainThread] [root/api.py:69]: Fetching new weather data at 2026-08-09 12:32:46.743283
2026-08-09 12:42:46,741 [INFO] [MainThread] [root/api.py:69]: Fetching new weather data at 2026-08-09 12:42:46.741836
2026-08-09 12:52:46,748 [INFO] [MainThread] [root/api.py:69]: Fetching new weather data at 2026-08-09 12:52:46.748940
2026-08-09 13:02:46,754 [INFO] [MainThread] [root/api.py:69]: Fetching new weather data at 2026-08-09 13:02:46.754862
2026-08-09 13:12:46,735 [INFO] [MainThread] [root/api.py:69]: Fetching new weather data at 2026-08-09 13:12:46.735557
2026-08-09 13:22:46,749 [INFO] [MainThread] [root/api.py:69]: Fetching new weather data at 2026-08-09 13:22:46.749605
2026-08-09 13:32:46,779 [INFO] [MainThread] [root/api.py:69]: Fetching new weather data at 2026-08-09 13:32:46.779023
2026-08-09 13:42:46,741 [INFO] [MainThread] [root/api.py:69]: Fetching new weather data at 2026-08-09 13:42:46.741178
2026-08-09 13:52:46,750 [INFO] [MainThread] [root/api.py:69]: Fetching new weather data at 2026-08-09 13:52:46.750503
2026-08-09 14:02:46,746 [INFO] [MainThread] [root/api.py:69]: Fetching new weather data at 2026-08-09 14:02:46.746549
2026-08-09 14:12:47,189 [INFO] [MainThread] [root/api.py:69]: Fetching new weather data at 2026-08-09 14:12:47.189687
2026-08-09 14:22:46,733 [INFO] [MainThread] [root/api.py:69]: Fetching new weather data at 2026-08-09 14:22:46.733947
2026-08-09 14:32:46,745 [INFO] [MainThread] [root/api.py:69]: Fetching new weather data at 2026-08-09 14:32:46.745575
2026-08-09 14:42:46,748 [INFO] [MainThread] [root/api.py:69]: Fetching new weather data at 2026-08-09 14:42:46.748009
2026-08-09 14:52:46,765 [INFO] [MainThread] [root/api.py:69]: Fetching new weather data at 2026-08-09 14:52:46.765844
2026-08-09 15:02:46,764 [INFO] [MainThread] [root/api.py:69]: Fetching new weather data at 2026-08-09 15:02:46.764385
2026-08-09 15:12:46,759 [INFO] [MainThread] [root/api.py:69]: Fetching new weather data at 2026-08-09 15:12:46.759136
2026-08-09 15:22:46,756 [INFO] [MainThread] [root/api.py:69]: Fetching new weather data at 2026-08-09 15:22:46.756338
2026-08-09 15:32:46,729 [INFO] [MainThread] [root/api.py:69]: Fetching new weather data at 2026-08-09 15:32:46.729652
2026-08-09 15:42:46,747 [INFO] [MainThread] [root/api.py:69]: Fetching new weather data at 2026-08-09 15:42:46.747475
2026-08-09 15:52:46,739 [INFO] [MainThread] [root/api.py:69]: Fetching new weather data at 2026-08-09 15:52:46.739479
2026-08-09 16:02:46,759 [INFO] [MainThread] [root/api.py:69]: Fetching new weather data at 2026-08-09 16:02:46.759129
2026-08-09 16:12:46,772 [INFO] [MainThread] [root/api.py:69]: Fetching new weather data at 2026-08-09 16:12:46.772090
2026-08-09 16:22:46,756 [INFO] [MainThread] [root/api.py:69]: Fetching new weather data at 2026-08-09 16:22:46.756602
2026-08-09 16:32:46,826 [INFO] [MainThread] [root/api.py:69]: Fetching new weather data at 2026-08-09 16:32:46.825965
2026-08-09 16:42:46,751 [INFO] [MainThread] [root/api.py:69]: Fetching new weather data at 2026-08-09 16:42:46.751642
2026-08-09 16:52:46,978 [INFO] [MainThread] [root/api.py:69]: Fetching new weather data at 2026-08-09 16:52:46.978747
2026-08-09 17:02:46,751 [INFO] [MainThread] [root/api.py:69]: Fetching new weather data at 2026-08-09 17:02:46.751456
2026-08-09 17:12:46,794 [INFO] [MainThread] [root/api.py:69]: Fetching new weather data at 2026-08-09 17:12:46.794411
2026-08-09 17:22:46,748 [INFO] [MainThread] [root/api.py:69]: Fetching new weather data at 2026-08-09 17:22:46.748008
2026-08-09 17:32:46,742 [INFO] [MainThread] [root/api.py:69]: Fetching new weather data at 2026-08-09 17:32:46.742191
2026-08-09 17:42:46,753 [INFO] [MainThread] [root/api.py:69]: Fetching new weather data at 2026-08-09 17:42:46.753689
2026-08-09 17:52:46,751 [INFO] [MainThread] [root/api.py:69]: Fetching new weather data at 2026-08-09 17:52:46.751523
2026-08-09 18:02:46,763 [INFO] [MainThread] [root/api.py:69]: Fetching new weather data at 2026-08-09 18:02:46.763881
2026-08-09 18:12:46,750 [INFO] [MainThread] [root/api.py:69]: Fetching new weather data at 2026-08-09 18:12:46.750238
2026-08-09 18:22:46,749 [INFO] [MainThread] [root/api.py:69]: Fetching new weather data at 2026-08-09 18:22:46.749581
2026-08-09 18:32:46,863 [INFO] [MainThread] [root/api.py:69]: Fetching new weather data at 2026-08-09 18:32:46.863540
2026-08-09 18:42:46,766 [INFO] [MainThread] [root/api.py:69]: Fetching new weather data at 2026-08-09 18:42:46.766670
2026-08-09 18:52:46,753 [INFO] [MainThread] [root/api.py:69]: Fetching new weather data at 2026-08-09 18:52:46.753557
2026-08-09 19:02:46,763 [INFO] [MainThread] [root/api.py:69]: Fetching new weather data at 2026-08-09 19:02:46.763897
2026-08-09 19:12:46,749 [INFO] [MainThread] [root/api.py:69]: Fetching new weather data at 2026-08-09 19:12:46.749262
2026-08-09 19:22:46,799 [INFO] [MainThread] [root/api.py:69]: Fetching new weather data at 2026-08-09 19:22:46.799008
2026-08-09 19:32:46,756 [INFO] [MainThread] [root/api.py:69]: Fetching new weather data at 2026-08-09 19:32:46.756874
2026-08-09 23:33:04,910 [INFO] [MainThread] [root/log.py:104]: YASB v2.0.6
2026-08-09 23:33:04,911 [INFO] [CLIPipeServer] [cli_server/cli_server.py:216]: CLI server started v1.1.7
2026-08-09 23:33:04,912 [INFO] [MainThread] [cli_server/cli_server.py:106]: Log pipe server started
2026-08-09 23:33:05,310 [INFO] [MainThread] [root/service.py:52]: AudioOutputService starting...
2026-08-09 23:33:05,539 [INFO] [MainThread] [root/bar_manager.py:103]: Starting SystemEventListener...
2026-08-09 23:33:05,541 [INFO] [MainThread] [root/watcher.py:65]: Watching directory: c:\users\erick\.config\yasb
2026-08-09 23:33:05,542 [INFO] [MainThread] [root/watcher.py:104]: Created file watcher
2026-08-09 23:33:05,624 [INFO] [MainThread] [root/update_service.py:434]: Background update checker started
2026-08-09 23:33:06,068 [INFO] [MainThread] [root/api.py:69]: Fetching new weather data at 2026-08-09 23:33:06.068724
Windows fatal exception: code 0x8001010d

Thread 0x000036f8 [Thread-5] (most recent call first):
  File "C:\hostedtoolcache\windows\Python\3.14.6\x64\Lib\threading.py", line 369 in wait
  File "C:\hostedtoolcache\windows\Python\3.14.6\x64\Lib\queue.py", line 199 in get
  File "D:\a\yasb\yasb\venv\Lib\site-packages\watchdog\observers\api.py", line 379 in dispatch_events
  File "D:\a\yasb\yasb\venv\Lib\site-packages\watchdog\observers\api.py", line 213 in run
  File "C:\hostedtoolcache\windows\Python\3.14.6\x64\Lib\threading.py", line 1082 in _bootstrap_inner
  File "C:\hostedtoolcache\windows\Python\3.14.6\x64\Lib\threading.py", line 1044 in _bootstrap

Thread 0x00001a74 [Thread-6] (most recent call first):
  File "D:\a\yasb\yasb\venv\Lib\site-packages\watchdog\observers\winapi.py", line 326 in read_directory_changes
  File "D:\a\yasb\yasb\venv\Lib\site-packages\watchdog\observers\winapi.py", line 380 in read_events
  File "D:\a\yasb\yasb\venv\Lib\site-packages\watchdog\observers\read_directory_changes.py", line 67 in _read_events
  File "D:\a\yasb\yasb\venv\Lib\site-packages\watchdog\observers\read_directory_changes.py", line 70 in queue_events
  File "D:\a\yasb\yasb\venv\Lib\site-packages\watchdog\observers\api.py", line 158 in run
  File "C:\hostedtoolcache\windows\Python\3.14.6\x64\Lib\threading.py", line 1082 in _bootstrap_inner
  File "C:\hostedtoolcache\windows\Python\3.14.6\x64\Lib\threading.py", line 1044 in _bootstrap

Thread 0x00002e84 [SystemEventListener] (most recent call first):
  File "D:\a\yasb\yasb\src\core\utils\win32\event_listener.py", line 69 in run

Thread 0x00002128 [WiFiWorker] (most recent call first):
  File "C:\hostedtoolcache\windows\Python\3.14.6\x64\Lib\threading.py", line 373 in wait
  File "C:\hostedtoolcache\windows\Python\3.14.6\x64\Lib\threading.py", line 670 in wait
  File "D:\a\yasb\yasb\src\core\widgets\services\wifi\wifi_managers.py", line 160 in run

Thread 0x000046a8 [MemoryWorker] (most recent call first):
  File "C:\hostedtoolcache\windows\Python\3.14.6\x64\Lib\threading.py", line 373 in wait
  File "C:\hostedtoolcache\windows\Python\3.14.6\x64\Lib\threading.py", line 670 in wait
  File "D:\a\yasb\yasb\src\core\widgets\services\memory\memory_api.py", line 247 in run

Thread 0x00000ff4 [_EventWorker] (most recent call first):
  File "D:\a\yasb\yasb\venv\Lib\site-packages\qasync\_windows.py", line 147 in _poll
  File "D:\a\yasb\yasb\venv\Lib\site-packages\qasync\_windows.py", line 72 in select
  File "D:\a\yasb\yasb\venv\Lib\site-packages\qasync\_windows.py", line 199 in run

Thread 0x000005e8 [LogPipeServer] (most recent call first):
  File "D:\a\yasb\yasb\src\core\utils\win32\bindings\kernel32.py", line 291 in ConnectNamedPipe
  File "D:\a\yasb\yasb\src\core\utils\cli_server.py", line 138 in _run_server
  File "C:\hostedtoolcache\windows\Python\3.14.6\x64\Lib\threading.py", line 1024 in run
  File "C:\hostedtoolcache\windows\Python\3.14.6\x64\Lib\threading.py", line 1082 in _bootstrap_inner
  File "C:\hostedtoolcache\windows\Python\3.14.6\x64\Lib\threading.py", line 1044 in _bootstrap

Thread 0x000046f4 [CLIPipeServer] (most recent call first):
  File "D:\a\yasb\yasb\src\core\utils\win32\bindings\kernel32.py", line 291 in ConnectNamedPipe
  File "D:\a\yasb\yasb\src\core\utils\cli_server.py", line 235 in _run_server
  File "C:\hostedtoolcache\windows\Python\3.14.6\x64\Lib\threading.py", line 1024 in run
  File "C:\hostedtoolcache\windows\Python\3.14.6\x64\Lib\threading.py", line 1082 in _bootstrap_inner
  File "C:\hostedtoolcache\windows\Python\3.14.6\x64\Lib\threading.py", line 1044 in _bootstrap

Current thread 0x000025ec (most recent call first):
  File "D:\a\yasb\yasb\venv\Lib\site-packages\qasync\__init__.py", line 404 in run_forever
  File "D:\a\yasb\yasb\venv\Lib\site-packages\qasync\__init__.py", line 428 in run_until_complete
  File "main.py", line 100 in main
  File "main.py", line 203 in <module>
  File "D:\a\yasb\yasb\venv\Lib\site-packages\freeze_core\initscripts\console.py", line 43 in run
  File "src/freeze_core/initscripts/__startup__.py", line 147 in run
2026-08-09 23:43:05,507 [INFO] [MainThread] [root/api.py:69]: Fetching new weather data at 2026-08-09 23:43:05.507276
2026-08-09 23:53:05,461 [INFO] [MainThread] [root/api.py:69]: Fetching new weather data at 2026-08-09 23:53:05.461488
2026-08-10 00:03:05,492 [INFO] [MainThread] [root/api.py:69]: Fetching new weather data at 2026-08-10 00:03:05.492698
2026-08-10 00:13:05,468 [INFO] [MainThread] [root/api.py:69]: Fetching new weather data at 2026-08-10 00:13:05.468116
2026-08-10 00:23:05,505 [INFO] [MainThread] [root/api.py:69]: Fetching new weather data at 2026-08-10 00:23:05.505334
2026-08-10 00:33:05,468 [INFO] [MainThread] [root/api.py:69]: Fetching new weather data at 2026-08-10 00:33:05.468630
2026-08-10 00:43:05,458 [INFO] [MainThread] [root/api.py:69]: Fetching new weather data at 2026-08-10 00:43:05.458574
2026-08-10 00:53:05,636 [INFO] [MainThread] [root/api.py:69]: Fetching new weather data at 2026-08-10 00:53:05.636509
2026-08-10 01:03:05,473 [INFO] [MainThread] [root/api.py:69]: Fetching new weather data at 2026-08-10 01:03:05.473435
2026-08-10 01:13:05,819 [INFO] [MainThread] [root/api.py:69]: Fetching new weather data at 2026-08-10 01:13:05.819217
2026-08-10 01:23:05,594 [INFO] [MainThread] [root/api.py:69]: Fetching new weather data at 2026-08-10 01:23:05.594616
2026-08-10 01:33:05,458 [INFO] [MainThread] [root/api.py:69]: Fetching new weather data at 2026-08-10 01:33:05.458888
2026-08-10 01:43:05,467 [INFO] [MainThread] [root/api.py:69]: Fetching new weather data at 2026-08-10 01:43:05.467665
2026-08-10 01:53:05,522 [INFO] [MainThread] [root/api.py:69]: Fetching new weather data at 2026-08-10 01:53:05.522112
2026-08-10 02:03:05,543 [INFO] [MainThread] [root/api.py:69]: Fetching new weather data at 2026-08-10 02:03:05.543897
2026-08-10 02:13:05,467 [INFO] [MainThread] [root/api.py:69]: Fetching new weather data at 2026-08-10 02:13:05.467076
2026-08-10 02:23:05,477 [INFO] [MainThread] [root/api.py:69]: Fetching new weather data at 2026-08-10 02:23:05.477496
2026-08-10 02:33:05,456 [INFO] [MainThread] [root/api.py:69]: Fetching new weather data at 2026-08-10 02:33:05.456465
2026-08-10 02:43:05,458 [INFO] [MainThread] [root/api.py:69]: Fetching new weather data at 2026-08-10 02:43:05.458104
2026-08-10 02:53:05,470 [INFO] [MainThread] [root/api.py:69]: Fetching new weather data at 2026-08-10 02:53:05.470842
2026-08-10 03:03:05,495 [INFO] [MainThread] [root/api.py:69]: Fetching new weather data at 2026-08-10 03:03:05.495750
2026-08-10 03:13:05,462 [INFO] [MainThread] [root/api.py:69]: Fetching new weather data at 2026-08-10 03:13:05.462110
2026-08-10 03:23:05,490 [INFO] [MainThread] [root/api.py:69]: Fetching new weather data at 2026-08-10 03:23:05.489961
2026-08-10 03:33:05,459 [INFO] [MainThread] [root/api.py:69]: Fetching new weather data at 2026-08-10 03:33:05.459674
2026-08-10 03:43:05,468 [INFO] [MainThread] [root/api.py:69]: Fetching new weather data at 2026-08-10 03:43:05.468045
2026-08-10 03:53:05,457 [INFO] [MainThread] [root/api.py:69]: Fetching new weather data at 2026-08-10 03:53:05.456961
2026-08-10 04:03:05,475 [INFO] [MainThread] [root/api.py:69]: Fetching new weather data at 2026-08-10 04:03:05.475711
2026-08-10 04:13:05,469 [INFO] [MainThread] [root/api.py:69]: Fetching new weather data at 2026-08-10 04:13:05.469869
2026-08-10 04:23:06,124 [INFO] [MainThread] [root/api.py:69]: Fetching new weather data at 2026-08-10 04:23:06.124849
2026-08-10 04:33:05,466 [INFO] [MainThread] [root/api.py:69]: Fetching new weather data at 2026-08-10 04:33:05.466404
2026-08-10 04:43:05,497 [INFO] [MainThread] [root/api.py:69]: Fetching new weather data at 2026-08-10 04:43:05.496923
2026-08-10 04:53:05,470 [INFO] [MainThread] [root/api.py:69]: Fetching new weather data at 2026-08-10 04:53:05.470065
2026-08-10 05:03:05,469 [INFO] [MainThread] [root/api.py:69]: Fetching new weather data at 2026-08-10 05:03:05.469227
2026-08-10 05:13:05,467 [INFO] [MainThread] [root/api.py:69]: Fetching new weather data at 2026-08-10 05:13:05.467132
2026-08-10 05:23:05,459 [INFO] [MainThread] [root/api.py:69]: Fetching new weather data at 2026-08-10 05:23:05.459797
2026-08-10 05:33:05,643 [INFO] [MainThread] [root/api.py:69]: Fetching new weather data at 2026-08-10 05:33:05.642979
2026-08-10 05:43:05,472 [INFO] [MainThread] [root/api.py:69]: Fetching new weather data at 2026-08-10 05:43:05.472358
2026-08-10 05:53:05,456 [INFO] [MainThread] [root/api.py:69]: Fetching new weather data at 2026-08-10 05:53:05.455945
2026-08-10 06:03:05,471 [INFO] [MainThread] [root/api.py:69]: Fetching new weather data at 2026-08-10 06:03:05.471087
2026-08-10 06:13:05,591 [INFO] [MainThread] [root/api.py:69]: Fetching new weather data at 2026-08-10 06:13:05.591680
2026-08-10 06:23:05,590 [INFO] [MainThread] [root/api.py:69]: Fetching new weather data at 2026-08-10 06:23:05.590127
2026-08-10 06:33:05,465 [INFO] [MainThread] [root/api.py:69]: Fetching new weather data at 2026-08-10 06:33:05.465205
2026-08-10 06:43:05,469 [INFO] [MainThread] [root/api.py:69]: Fetching new weather data at 2026-08-10 06:43:05.468999
2026-08-10 06:53:05,460 [INFO] [MainThread] [root/api.py:69]: Fetching new weather data at 2026-08-10 06:53:05.460606
2026-08-10 07:03:05,464 [INFO] [MainThread] [root/api.py:69]: Fetching new weather data at 2026-08-10 07:03:05.464039
2026-08-10 07:13:05,461 [INFO] [MainThread] [root/api.py:69]: Fetching new weather data at 2026-08-10 07:13:05.461434
2026-08-10 07:23:05,650 [INFO] [MainThread] [root/api.py:69]: Fetching new weather data at 2026-08-10 07:23:05.649999
2026-08-10 07:33:05,469 [INFO] [MainThread] [root/api.py:69]: Fetching new weather data at 2026-08-10 07:33:05.469031
2026-08-10 07:39:25,491 [INFO] [MainThread] [root/bar_manager.py:119]: Stopping SystemEventListener...
2026-08-10 11:38:13,931 [INFO] [MainThread] [root/log.py:104]: YASB v2.0.6
2026-08-10 11:38:13,932 [INFO] [CLIPipeServer] [cli_server/cli_server.py:216]: CLI server started v1.1.7
2026-08-10 11:38:13,932 [INFO] [MainThread] [cli_server/cli_server.py:106]: Log pipe server started
2026-08-10 11:38:14,322 [INFO] [MainThread] [root/service.py:52]: AudioOutputService starting...
2026-08-10 11:38:14,542 [INFO] [MainThread] [root/bar_manager.py:103]: Starting SystemEventListener...
2026-08-10 11:38:14,543 [INFO] [MainThread] [root/watcher.py:65]: Watching directory: c:\users\erick\.config\yasb
2026-08-10 11:38:14,544 [INFO] [MainThread] [root/watcher.py:104]: Created file watcher
2026-08-10 11:38:14,570 [INFO] [MainThread] [root/update_service.py:434]: Background update checker started
2026-08-10 11:38:14,958 [INFO] [MainThread] [root/api.py:69]: Fetching new weather data at 2026-08-10 11:38:14.958470
Windows fatal exception: code 0x8001010d

Thread 0x00004d6c [Thread-5] (most recent call first):
  File "C:\hostedtoolcache\windows\Python\3.14.6\x64\Lib\threading.py", line 369 in wait
  File "C:\hostedtoolcache\windows\Python\3.14.6\x64\Lib\queue.py", line 199 in get
  File "D:\a\yasb\yasb\venv\Lib\site-packages\watchdog\observers\api.py", line 379 in dispatch_events
  File "D:\a\yasb\yasb\venv\Lib\site-packages\watchdog\observers\api.py", line 213 in run
  File "C:\hostedtoolcache\windows\Python\3.14.6\x64\Lib\threading.py", line 1082 in _bootstrap_inner
  File "C:\hostedtoolcache\windows\Python\3.14.6\x64\Lib\threading.py", line 1044 in _bootstrap

Thread 0x00004d68 [Thread-6] (most recent call first):
  File "D:\a\yasb\yasb\venv\Lib\site-packages\watchdog\observers\winapi.py", line 326 in read_directory_changes
  File "D:\a\yasb\yasb\venv\Lib\site-packages\watchdog\observers\winapi.py", line 380 in read_events
  File "D:\a\yasb\yasb\venv\Lib\site-packages\watchdog\observers\read_directory_changes.py", line 67 in _read_events
  File "D:\a\yasb\yasb\venv\Lib\site-packages\watchdog\observers\read_directory_changes.py", line 70 in queue_events
  File "D:\a\yasb\yasb\venv\Lib\site-packages\watchdog\observers\api.py", line 158 in run
  File "C:\hostedtoolcache\windows\Python\3.14.6\x64\Lib\threading.py", line 1082 in _bootstrap_inner
  File "C:\hostedtoolcache\windows\Python\3.14.6\x64\Lib\threading.py", line 1044 in _bootstrap

Thread 0x00004cb0 [SystemEventListener] (most recent call first):
  File "D:\a\yasb\yasb\src\core\utils\win32\event_listener.py", line 69 in run

Thread 0x00004f94 [WiFiWorker] (most recent call first):
  File "C:\hostedtoolcache\windows\Python\3.14.6\x64\Lib\threading.py", line 373 in wait
  File "C:\hostedtoolcache\windows\Python\3.14.6\x64\Lib\threading.py", line 670 in wait
  File "D:\a\yasb\yasb\src\core\widgets\services\wifi\wifi_managers.py", line 160 in run

Thread 0x00004f90 [MemoryWorker] (most recent call first):
  File "C:\hostedtoolcache\windows\Python\3.14.6\x64\Lib\threading.py", line 373 in wait
  File "C:\hostedtoolcache\windows\Python\3.14.6\x64\Lib\threading.py", line 670 in wait
  File "D:\a\yasb\yasb\src\core\widgets\services\memory\memory_api.py", line 247 in run

Thread 0x00004f80 [_EventWorker] (most recent call first):
  File "D:\a\yasb\yasb\venv\Lib\site-packages\qasync\_windows.py", line 147 in _poll
  File "D:\a\yasb\yasb\venv\Lib\site-packages\qasync\_windows.py", line 72 in select
  File "D:\a\yasb\yasb\venv\Lib\site-packages\qasync\_windows.py", line 199 in run

Thread 0x00004f70 [LogPipeServer] (most recent call first):
  File "D:\a\yasb\yasb\src\core\utils\win32\bindings\kernel32.py", line 291 in ConnectNamedPipe
  File "D:\a\yasb\yasb\src\core\utils\cli_server.py", line 138 in _run_server
  File "C:\hostedtoolcache\windows\Python\3.14.6\x64\Lib\threading.py", line 1024 in run
  File "C:\hostedtoolcache\windows\Python\3.14.6\x64\Lib\threading.py", line 1082 in _bootstrap_inner
  File "C:\hostedtoolcache\windows\Python\3.14.6\x64\Lib\threading.py", line 1044 in _bootstrap

Thread 0x00004f6c [CLIPipeServer] (most recent call first):
  File "D:\a\yasb\yasb\src\core\utils\win32\bindings\kernel32.py", line 291 in ConnectNamedPipe
  File "D:\a\yasb\yasb\src\core\utils\cli_server.py", line 235 in _run_server
  File "C:\hostedtoolcache\windows\Python\3.14.6\x64\Lib\threading.py", line 1024 in run
  File "C:\hostedtoolcache\windows\Python\3.14.6\x64\Lib\threading.py", line 1082 in _bootstrap_inner
  File "C:\hostedtoolcache\windows\Python\3.14.6\x64\Lib\threading.py", line 1044 in _bootstrap

Current thread 0x00004f4c (most recent call first):
  File "D:\a\yasb\yasb\venv\Lib\site-packages\qasync\__init__.py", line 404 in run_forever
  File "D:\a\yasb\yasb\venv\Lib\site-packages\qasync\__init__.py", line 428 in run_until_complete
  File "main.py", line 100 in main
  File "main.py", line 203 in <module>
  File "D:\a\yasb\yasb\venv\Lib\site-packages\freeze_core\initscripts\console.py", line 43 in run
  File "src/freeze_core/initscripts/__startup__.py", line 147 in run
2026-08-10 11:48:14,475 [INFO] [MainThread] [root/api.py:69]: Fetching new weather data at 2026-08-10 11:48:14.475156
2026-08-10 11:58:14,554 [INFO] [MainThread] [root/api.py:69]: Fetching new weather data at 2026-08-10 11:58:14.552222
2026-08-10 12:08:14,628 [INFO] [MainThread] [root/api.py:69]: Fetching new weather data at 2026-08-10 12:08:14.628135
2026-08-10 12:18:14,514 [INFO] [MainThread] [root/api.py:69]: Fetching new weather data at 2026-08-10 12:18:14.514897
2026-08-10 12:28:14,503 [INFO] [MainThread] [root/api.py:69]: Fetching new weather data at 2026-08-10 12:28:14.503216
2026-08-10 12:38:14,473 [INFO] [MainThread] [root/api.py:69]: Fetching new weather data at 2026-08-10 12:38:14.473287
2026-08-10 12:48:14,525 [INFO] [MainThread] [root/api.py:69]: Fetching new weather data at 2026-08-10 12:48:14.525824
2026-08-10 12:58:14,469 [INFO] [MainThread] [root/api.py:69]: Fetching new weather data at 2026-08-10 12:58:14.469640
2026-08-10 13:08:14,492 [INFO] [MainThread] [root/api.py:69]: Fetching new weather data at 2026-08-10 13:08:14.492854
2026-08-10 13:18:14,483 [INFO] [MainThread] [root/api.py:69]: Fetching new weather data at 2026-08-10 13:18:14.483131
2026-08-10 13:28:14,472 [INFO] [MainThread] [root/api.py:69]: Fetching new weather data at 2026-08-10 13:28:14.472005
2026-08-10 13:38:14,471 [INFO] [MainThread] [root/api.py:69]: Fetching new weather data at 2026-08-10 13:38:14.471008
2026-08-10 13:48:14,475 [INFO] [MainThread] [root/api.py:69]: Fetching new weather data at 2026-08-10 13:48:14.475116
2026-08-10 13:58:14,477 [INFO] [MainThread] [root/api.py:69]: Fetching new weather data at 2026-08-10 13:58:14.477781
2026-08-10 14:08:14,472 [INFO] [MainThread] [root/api.py:69]: Fetching new weather data at 2026-08-10 14:08:14.472046
2026-08-10 14:18:14,474 [INFO] [MainThread] [root/api.py:69]: Fetching new weather data at 2026-08-10 14:18:14.474157
2026-08-10 14:28:14,637 [INFO] [MainThread] [root/api.py:69]: Fetching new weather data at 2026-08-10 14:28:14.637072
2026-08-10 14:38:14,485 [INFO] [MainThread] [root/api.py:69]: Fetching new weather data at 2026-08-10 14:38:14.485251
2026-08-10 14:48:14,488 [INFO] [MainThread] [root/api.py:69]: Fetching new weather data at 2026-08-10 14:48:14.488167
2026-08-10 14:58:14,476 [INFO] [MainThread] [root/api.py:69]: Fetching new weather data at 2026-08-10 14:58:14.476673
2026-08-10 15:08:14,481 [INFO] [MainThread] [root/api.py:69]: Fetching new weather data at 2026-08-10 15:08:14.481718
2026-08-10 15:18:14,464 [INFO] [MainThread] [root/api.py:69]: Fetching new weather data at 2026-08-10 15:18:14.464837
2026-08-10 15:28:14,469 [INFO] [MainThread] [root/api.py:69]: Fetching new weather data at 2026-08-10 15:28:14.469808
2026-08-10 15:38:14,588 [INFO] [MainThread] [root/api.py:69]: Fetching new weather data at 2026-08-10 15:38:14.588239
2026-08-10 15:48:14,480 [INFO] [MainThread] [root/api.py:69]: Fetching new weather data at 2026-08-10 15:48:14.480788
2026-08-10 15:58:14,489 [INFO] [MainThread] [root/api.py:69]: Fetching new weather data at 2026-08-10 15:58:14.489092
2026-08-10 16:08:14,504 [INFO] [MainThread] [root/api.py:69]: Fetching new weather data at 2026-08-10 16:08:14.504631
2026-08-10 16:18:14,475 [INFO] [MainThread] [root/api.py:69]: Fetching new weather data at 2026-08-10 16:18:14.475517
2026-08-10 16:28:14,483 [INFO] [MainThread] [root/api.py:69]: Fetching new weather data at 2026-08-10 16:28:14.483424
2026-08-10 16:38:14,498 [INFO] [MainThread] [root/api.py:69]: Fetching new weather data at 2026-08-10 16:38:14.498622
2026-08-10 16:48:14,477 [INFO] [MainThread] [root/api.py:69]: Fetching new weather data at 2026-08-10 16:48:14.477235
2026-08-10 16:58:14,482 [INFO] [MainThread] [root/api.py:69]: Fetching new weather data at 2026-08-10 16:58:14.482213
2026-08-10 17:08:14,472 [INFO] [MainThread] [root/api.py:69]: Fetching new weather data at 2026-08-10 17:08:14.472706
2026-08-10 17:18:14,493 [INFO] [MainThread] [root/api.py:69]: Fetching new weather data at 2026-08-10 17:18:14.493763
2026-08-10 17:28:14,542 [INFO] [MainThread] [root/api.py:69]: Fetching new weather data at 2026-08-10 17:28:14.542636
2026-08-10 17:38:14,477 [INFO] [MainThread] [root/api.py:69]: Fetching new weather data at 2026-08-10 17:38:14.477358
2026-08-10 17:48:14,495 [INFO] [MainThread] [root/api.py:69]: Fetching new weather data at 2026-08-10 17:48:14.495444
2026-08-10 17:58:14,484 [INFO] [MainThread] [root/api.py:69]: Fetching new weather data at 2026-08-10 17:58:14.484788
2026-08-10 18:08:14,480 [INFO] [MainThread] [root/api.py:69]: Fetching new weather data at 2026-08-10 18:08:14.479955
2026-08-10 18:18:14,473 [INFO] [MainThread] [root/api.py:69]: Fetching new weather data at 2026-08-10 18:18:14.473783
2026-08-10 18:28:14,486 [INFO] [MainThread] [root/api.py:69]: Fetching new weather data at 2026-08-10 18:28:14.486215
2026-08-10 18:38:14,482 [INFO] [MainThread] [root/api.py:69]: Fetching new weather data at 2026-08-10 18:38:14.482666
2026-08-10 18:48:14,479 [INFO] [MainThread] [root/api.py:69]: Fetching new weather data at 2026-08-10 18:48:14.479817
2026-08-10 18:58:14,484 [INFO] [MainThread] [root/api.py:69]: Fetching new weather data at 2026-08-10 18:58:14.484506
2026-08-10 19:08:14,474 [INFO] [MainThread] [root/api.py:69]: Fetching new weather data at 2026-08-10 19:08:14.474897
2026-08-10 19:18:14,476 [INFO] [MainThread] [root/api.py:69]: Fetching new weather data at 2026-08-10 19:18:14.476077
2026-08-10 19:28:14,488 [INFO] [MainThread] [root/api.py:69]: Fetching new weather data at 2026-08-10 19:28:14.488806
2026-08-10 19:38:14,480 [INFO] [MainThread] [root/api.py:69]: Fetching new weather data at 2026-08-10 19:38:14.480220
2026-08-10 19:48:14,477 [INFO] [MainThread] [root/api.py:69]: Fetching new weather data at 2026-08-10 19:48:14.477544
2026-08-10 19:58:14,492 [INFO] [MainThread] [root/api.py:69]: Fetching new weather data at 2026-08-10 19:58:14.492110
2026-08-10 20:08:14,494 [INFO] [MainThread] [root/api.py:69]: Fetching new weather data at 2026-08-10 20:08:14.494904
2026-08-10 20:18:14,492 [INFO] [MainThread] [root/api.py:69]: Fetching new weather data at 2026-08-10 20:18:14.492914
2026-08-10 20:28:14,474 [INFO] [MainThread] [root/api.py:69]: Fetching new weather data at 2026-08-10 20:28:14.474416
2026-08-10 20:38:14,670 [INFO] [MainThread] [root/api.py:69]: Fetching new weather data at 2026-08-10 20:38:14.670227
2026-08-10 20:48:14,482 [INFO] [MainThread] [root/api.py:69]: Fetching new weather data at 2026-08-10 20:48:14.482239
2026-08-10 20:58:14,484 [INFO] [MainThread] [root/api.py:69]: Fetching new weather data at 2026-08-10 20:58:14.484789
2026-08-10 21:08:14,486 [INFO] [MainThread] [root/api.py:69]: Fetching new weather data at 2026-08-10 21:08:14.486243
2026-08-10 21:18:14,484 [INFO] [MainThread] [root/api.py:69]: Fetching new weather data at 2026-08-10 21:18:14.484171
2026-08-10 21:28:14,480 [INFO] [MainThread] [root/api.py:69]: Fetching new weather data at 2026-08-10 21:28:14.480175
2026-08-10 21:38:14,639 [INFO] [MainThread] [root/api.py:69]: Fetching new weather data at 2026-08-10 21:38:14.639877
2026-08-10 21:48:14,491 [INFO] [MainThread] [root/api.py:69]: Fetching new weather data at 2026-08-10 21:48:14.491388
2026-08-10 21:58:14,524 [INFO] [MainThread] [root/api.py:69]: Fetching new weather data at 2026-08-10 21:58:14.524080
2026-08-10 22:08:14,530 [INFO] [MainThread] [root/api.py:69]: Fetching new weather data at 2026-08-10 22:08:14.530232
2026-08-10 22:18:14,486 [INFO] [MainThread] [root/api.py:69]: Fetching new weather data at 2026-08-10 22:18:14.486741
2026-08-10 22:28:14,475 [INFO] [MainThread] [root/api.py:69]: Fetching new weather data at 2026-08-10 22:28:14.475515
2026-08-10 22:38:14,513 [INFO] [MainThread] [root/api.py:69]: Fetching new weather data at 2026-08-10 22:38:14.513892
2026-08-10 22:48:14,486 [INFO] [MainThread] [root/api.py:69]: Fetching new weather data at 2026-08-10 22:48:14.486905
2026-08-10 22:58:14,481 [INFO] [MainThread] [root/api.py:69]: Fetching new weather data at 2026-08-10 22:58:14.481178
2026-08-10 23:08:14,489 [INFO] [MainThread] [root/api.py:69]: Fetching new weather data at 2026-08-10 23:08:14.489606
2026-08-10 23:18:14,856 [INFO] [MainThread] [root/api.py:69]: Fetching new weather data at 2026-08-10 23:18:14.856432
2026-08-10 23:28:14,521 [INFO] [MainThread] [root/api.py:69]: Fetching new weather data at 2026-08-10 23:28:14.521099
2026-08-10 23:38:14,481 [INFO] [MainThread] [root/api.py:69]: Fetching new weather data at 2026-08-10 23:38:14.481513
2026-08-10 23:48:14,491 [INFO] [MainThread] [root/api.py:69]: Fetching new weather data at 2026-08-10 23:48:14.491122
2026-08-10 23:58:14,492 [INFO] [MainThread] [root/api.py:69]: Fetching new weather data at 2026-08-10 23:58:14.492073
2026-08-11 00:08:14,485 [INFO] [MainThread] [root/api.py:69]: Fetching new weather data at 2026-08-11 00:08:14.485805
2026-08-11 00:18:14,504 [INFO] [MainThread] [root/api.py:69]: Fetching new weather data at 2026-08-11 00:18:14.504470
2026-08-11 00:28:14,610 [INFO] [MainThread] [root/api.py:69]: Fetching new weather data at 2026-08-11 00:28:14.610506
2026-08-11 00:38:14,528 [INFO] [MainThread] [root/api.py:69]: Fetching new weather data at 2026-08-11 00:38:14.528252
2026-08-11 00:48:14,489 [INFO] [MainThread] [root/api.py:69]: Fetching new weather data at 2026-08-11 00:48:14.489560
2026-08-11 00:58:14,665 [INFO] [MainThread] [root/api.py:69]: Fetching new weather data at 2026-08-11 00:58:14.664964
2026-08-11 01:08:14,482 [INFO] [MainThread] [root/api.py:69]: Fetching new weather data at 2026-08-11 01:08:14.482579
2026-08-11 01:18:14,496 [INFO] [MainThread] [root/api.py:69]: Fetching new weather data at 2026-08-11 01:18:14.496002
2026-08-11 01:28:14,913 [INFO] [MainThread] [root/api.py:69]: Fetching new weather data at 2026-08-11 01:28:14.913288
2026-08-11 01:38:14,474 [INFO] [MainThread] [root/api.py:69]: Fetching new weather data at 2026-08-11 01:38:14.474343
2026-08-11 01:48:14,487 [INFO] [MainThread] [root/api.py:69]: Fetching new weather data at 2026-08-11 01:48:14.487111
2026-08-11 01:58:14,474 [INFO] [MainThread] [root/api.py:69]: Fetching new weather data at 2026-08-11 01:58:14.474932
2026-08-11 02:08:14,776 [INFO] [MainThread] [root/api.py:69]: Fetching new weather data at 2026-08-11 02:08:14.776638
2026-08-11 02:18:14,497 [INFO] [MainThread] [root/api.py:69]: Fetching new weather data at 2026-08-11 02:18:14.497422
2026-08-11 02:28:14,497 [INFO] [MainThread] [root/api.py:69]: Fetching new weather data at 2026-08-11 02:28:14.497730
2026-08-11 02:38:14,480 [INFO] [MainThread] [root/api.py:69]: Fetching new weather data at 2026-08-11 02:38:14.480384
2026-08-11 02:48:14,483 [INFO] [MainThread] [root/api.py:69]: Fetching new weather data at 2026-08-11 02:48:14.483218
2026-08-11 02:58:14,482 [INFO] [MainThread] [root/api.py:69]: Fetching new weather data at 2026-08-11 02:58:14.482900
2026-08-11 03:08:14,491 [INFO] [MainThread] [root/api.py:69]: Fetching new weather data at 2026-08-11 03:08:14.491894
2026-08-11 03:18:14,583 [INFO] [MainThread] [root/api.py:69]: Fetching new weather data at 2026-08-11 03:18:14.583807
2026-08-11 03:28:14,492 [INFO] [MainThread] [root/api.py:69]: Fetching new weather data at 2026-08-11 03:28:14.491991
2026-08-11 03:38:14,485 [INFO] [MainThread] [root/api.py:69]: Fetching new weather data at 2026-08-11 03:38:14.485650
2026-08-11 03:48:14,481 [INFO] [MainThread] [root/api.py:69]: Fetching new weather data at 2026-08-11 03:48:14.481804
2026-08-11 03:58:14,574 [INFO] [MainThread] [root/api.py:69]: Fetching new weather data at 2026-08-11 03:58:14.574923
2026-08-11 04:08:14,490 [INFO] [MainThread] [root/api.py:69]: Fetching new weather data at 2026-08-11 04:08:14.489957
2026-08-11 04:18:14,494 [INFO] [MainThread] [root/api.py:69]: Fetching new weather data at 2026-08-11 04:18:14.494336
2026-08-11 04:28:14,643 [INFO] [MainThread] [root/api.py:69]: Fetching new weather data at 2026-08-11 04:28:14.643431
2026-08-11 04:38:14,483 [INFO] [MainThread] [root/api.py:69]: Fetching new weather data at 2026-08-11 04:38:14.483542
2026-08-11 04:48:14,477 [INFO] [MainThread] [root/api.py:69]: Fetching new weather data at 2026-08-11 04:48:14.477127
2026-08-11 04:58:14,476 [INFO] [MainThread] [root/api.py:69]: Fetching new weather data at 2026-08-11 04:58:14.476553
2026-08-11 05:08:14,471 [INFO] [MainThread] [root/api.py:69]: Fetching new weather data at 2026-08-11 05:08:14.471626
2026-08-11 05:18:14,822 [INFO] [MainThread] [root/api.py:69]: Fetching new weather data at 2026-08-11 05:18:14.822943
2026-08-11 05:28:14,488 [INFO] [MainThread] [root/api.py:69]: Fetching new weather data at 2026-08-11 05:28:14.488003
2026-08-11 05:38:14,477 [INFO] [MainThread] [root/api.py:69]: Fetching new weather data at 2026-08-11 05:38:14.477681
2026-08-11 05:48:14,482 [INFO] [MainThread] [root/api.py:69]: Fetching new weather data at 2026-08-11 05:48:14.482570
2026-08-11 05:58:14,473 [INFO] [MainThread] [root/api.py:69]: Fetching new weather data at 2026-08-11 05:58:14.473235
2026-08-11 06:08:14,592 [INFO] [MainThread] [root/api.py:69]: Fetching new weather data at 2026-08-11 06:08:14.592638
2026-08-11 06:18:14,472 [INFO] [MainThread] [root/api.py:69]: Fetching new weather data at 2026-08-11 06:18:14.472314
2026-08-11 06:28:14,484 [INFO] [MainThread] [root/api.py:69]: Fetching new weather data at 2026-08-11 06:28:14.484110
2026-08-11 06:38:14,475 [INFO] [MainThread] [root/api.py:69]: Fetching new weather data at 2026-08-11 06:38:14.475184
2026-08-11 06:48:14,483 [INFO] [MainThread] [root/api.py:69]: Fetching new weather data at 2026-08-11 06:48:14.483035
2026-08-11 06:58:14,477 [INFO] [MainThread] [root/api.py:69]: Fetching new weather data at 2026-08-11 06:58:14.477433
2026-08-11 07:08:14,648 [INFO] [MainThread] [root/api.py:69]: Fetching new weather data at 2026-08-11 07:08:14.648932
2026-08-11 07:18:14,477 [INFO] [MainThread] [root/api.py:69]: Fetching new weather data at 2026-08-11 07:18:14.477024
2026-08-11 07:28:14,469 [INFO] [MainThread] [root/api.py:69]: Fetching new weather data at 2026-08-11 07:28:14.469067
2026-08-11 07:38:14,479 [INFO] [MainThread] [root/api.py:69]: Fetching new weather data at 2026-08-11 07:38:14.478981
2026-08-11 07:48:14,475 [INFO] [MainThread] [root/api.py:69]: Fetching new weather data at 2026-08-11 07:48:14.475119
2026-08-11 07:58:14,467 [INFO] [MainThread] [root/api.py:69]: Fetching new weather data at 2026-08-11 07:58:14.466969
2026-08-11 08:08:14,469 [INFO] [MainThread] [root/api.py:69]: Fetching new weather data at 2026-08-11 08:08:14.469192
2026-08-11 08:18:14,530 [INFO] [MainThread] [root/api.py:69]: Fetching new weather data at 2026-08-11 08:18:14.530115
2026-08-11 08:28:14,467 [INFO] [MainThread] [root/api.py:69]: Fetching new weather data at 2026-08-11 08:28:14.467404
2026-08-11 08:38:14,476 [INFO] [MainThread] [root/api.py:69]: Fetching new weather data at 2026-08-11 08:38:14.476866
2026-08-11 08:48:14,475 [INFO] [MainThread] [root/api.py:69]: Fetching new weather data at 2026-08-11 08:48:14.475159
2026-08-11 08:58:14,475 [INFO] [MainThread] [root/api.py:69]: Fetching new weather data at 2026-08-11 08:58:14.475751
2026-08-11 09:08:14,473 [INFO] [MainThread] [root/api.py:69]: Fetching new weather data at 2026-08-11 09:08:14.473757
2026-08-11 09:18:14,639 [INFO] [MainThread] [root/api.py:69]: Fetching new weather data at 2026-08-11 09:18:14.639574
2026-08-11 09:28:14,495 [INFO] [MainThread] [root/api.py:69]: Fetching new weather data at 2026-08-11 09:28:14.495460
2026-08-11 09:38:14,479 [INFO] [MainThread] [root/api.py:69]: Fetching new weather data at 2026-08-11 09:38:14.479483
2026-08-11 09:48:14,480 [INFO] [MainThread] [root/api.py:69]: Fetching new weather data at 2026-08-11 09:48:14.480300
2026-08-11 09:58:14,475 [INFO] [MainThread] [root/api.py:69]: Fetching new weather data at 2026-08-11 09:58:14.475011
2026-08-11 10:08:14,482 [INFO] [MainThread] [root/api.py:69]: Fetching new weather data at 2026-08-11 10:08:14.482223
2026-08-11 10:18:14,464 [INFO] [MainThread] [root/api.py:69]: Fetching new weather data at 2026-08-11 10:18:14.464476
2026-08-11 10:28:14,470 [INFO] [MainThread] [root/api.py:69]: Fetching new weather data at 2026-08-11 10:28:14.470891
2026-08-11 10:38:14,637 [INFO] [MainThread] [root/api.py:69]: Fetching new weather data at 2026-08-11 10:38:14.637824
2026-08-11 10:48:14,471 [INFO] [MainThread] [root/api.py:69]: Fetching new weather data at 2026-08-11 10:48:14.471514
2026-08-11 10:58:14,517 [INFO] [MainThread] [root/api.py:69]: Fetching new weather data at 2026-08-11 10:58:14.517191
2026-08-11 11:08:14,557 [INFO] [MainThread] [root/api.py:69]: Fetching new weather data at 2026-08-11 11:08:14.557935
2026-08-11 11:18:14,654 [INFO] [MainThread] [root/api.py:69]: Fetching new weather data at 2026-08-11 11:18:14.654476
2026-08-11 11:28:14,486 [INFO] [MainThread] [root/api.py:69]: Fetching new weather data at 2026-08-11 11:28:14.486489
2026-08-11 11:38:14,475 [INFO] [MainThread] [root/api.py:69]: Fetching new weather data at 2026-08-11 11:38:14.475217
2026-08-11 11:48:14,471 [INFO] [MainThread] [root/api.py:69]: Fetching new weather data at 2026-08-11 11:48:14.471067
2026-08-11 11:58:14,479 [INFO] [MainThread] [root/api.py:69]: Fetching new weather data at 2026-08-11 11:58:14.479815
2026-08-11 12:08:14,467 [INFO] [MainThread] [root/api.py:69]: Fetching new weather data at 2026-08-11 12:08:14.467244
2026-08-11 12:18:14,472 [INFO] [MainThread] [root/api.py:69]: Fetching new weather data at 2026-08-11 12:18:14.472536
2026-08-11 12:28:14,463 [INFO] [MainThread] [root/api.py:69]: Fetching new weather data at 2026-08-11 12:28:14.463629
2026-08-11 12:38:14,463 [INFO] [MainThread] [root/api.py:69]: Fetching new weather data at 2026-08-11 12:38:14.463528
2026-08-11 12:48:14,472 [INFO] [MainThread] [root/api.py:69]: Fetching new weather data at 2026-08-11 12:48:14.472392
2026-08-11 12:58:14,472 [INFO] [MainThread] [root/api.py:69]: Fetching new weather data at 2026-08-11 12:58:14.472201
2026-08-11 13:08:14,657 [INFO] [MainThread] [root/api.py:69]: Fetching new weather data at 2026-08-11 13:08:14.657388
2026-08-11 13:18:14,478 [INFO] [MainThread] [root/api.py:69]: Fetching new weather data at 2026-08-11 13:18:14.478678
2026-08-11 13:28:14,466 [INFO] [MainThread] [root/api.py:69]: Fetching new weather data at 2026-08-11 13:28:14.466651
2026-08-11 13:38:14,469 [INFO] [MainThread] [root/api.py:69]: Fetching new weather data at 2026-08-11 13:38:14.469699
2026-08-11 13:48:14,482 [INFO] [MainThread] [root/api.py:69]: Fetching new weather data at 2026-08-11 13:48:14.482146
2026-08-11 13:58:14,507 [INFO] [MainThread] [root/api.py:69]: Fetching new weather data at 2026-08-11 13:58:14.507466
2026-08-11 14:08:14,483 [INFO] [MainThread] [root/api.py:69]: Fetching new weather data at 2026-08-11 14:08:14.483249
2026-08-11 14:18:17,477 [INFO] [MainThread] [root/api.py:69]: Fetching new weather data at 2026-08-11 14:18:17.477334
2026-08-11 14:28:17,577 [INFO] [MainThread] [root/api.py:69]: Fetching new weather data at 2026-08-11 14:28:17.577613
2026-08-11 14:38:17,581 [INFO] [MainThread] [root/api.py:69]: Fetching new weather data at 2026-08-11 14:38:17.573337
2026-08-11 14:48:17,523 [INFO] [MainThread] [root/api.py:69]: Fetching new weather data at 2026-08-11 14:48:17.516556
2026-08-11 14:58:17,516 [INFO] [MainThread] [root/api.py:69]: Fetching new weather data at 2026-08-11 14:58:17.514475
2026-08-11 15:08:17,845 [INFO] [MainThread] [root/api.py:69]: Fetching new weather data at 2026-08-11 15:08:17.838463
2026-08-11 15:18:17,484 [INFO] [MainThread] [root/api.py:69]: Fetching new weather data at 2026-08-11 15:18:17.484869
2026-08-11 15:28:17,500 [INFO] [MainThread] [root/api.py:69]: Fetching new weather data at 2026-08-11 15:28:17.500421
2026-08-11 15:38:17,508 [INFO] [MainThread] [root/api.py:69]: Fetching new weather data at 2026-08-11 15:38:17.504831
2026-08-11 15:48:17,655 [INFO] [MainThread] [root/api.py:69]: Fetching new weather data at 2026-08-11 15:48:17.655958
2026-08-11 15:58:17,542 [INFO] [MainThread] [root/api.py:69]: Fetching new weather data at 2026-08-11 15:58:17.542661
2026-08-11 16:08:17,530 [INFO] [MainThread] [root/api.py:69]: Fetching new weather data at 2026-08-11 16:08:17.530167
2026-08-11 16:18:17,523 [INFO] [MainThread] [root/api.py:69]: Fetching new weather data at 2026-08-11 16:18:17.523223
2026-08-11 16:28:17,488 [INFO] [MainThread] [root/api.py:69]: Fetching new weather data at 2026-08-11 16:28:17.488701
2026-08-11 16:38:17,484 [INFO] [MainThread] [root/api.py:69]: Fetching new weather data at 2026-08-11 16:38:17.484826
2026-08-11 16:48:17,488 [INFO] [MainThread] [root/api.py:69]: Fetching new weather data at 2026-08-11 16:48:17.488433
2026-08-11 16:58:17,471 [INFO] [MainThread] [root/api.py:69]: Fetching new weather data at 2026-08-11 16:58:17.471400
2026-08-11 17:08:17,506 [INFO] [MainThread] [root/api.py:69]: Fetching new weather data at 2026-08-11 17:08:17.503451
2026-08-11 17:18:17,482 [INFO] [MainThread] [root/api.py:69]: Fetching new weather data at 2026-08-11 17:18:17.482402
2026-08-11 17:28:17,490 [INFO] [MainThread] [root/api.py:69]: Fetching new weather data at 2026-08-11 17:28:17.489982
2026-08-11 17:38:17,489 [INFO] [MainThread] [root/api.py:69]: Fetching new weather data at 2026-08-11 17:38:17.488970
2026-08-11 17:48:17,500 [INFO] [MainThread] [root/api.py:69]: Fetching new weather data at 2026-08-11 17:48:17.500463
2026-08-11 17:58:17,514 [INFO] [MainThread] [root/api.py:69]: Fetching new weather data at 2026-08-11 17:58:17.514128
2026-08-11 18:08:17,482 [INFO] [MainThread] [root/api.py:69]: Fetching new weather data at 2026-08-11 18:08:17.482889
2026-08-11 18:18:17,483 [INFO] [MainThread] [root/api.py:69]: Fetching new weather data at 2026-08-11 18:18:17.483443
2026-08-11 18:28:17,492 [INFO] [MainThread] [root/api.py:69]: Fetching new weather data at 2026-08-11 18:28:17.492713
2026-08-11 18:38:17,486 [INFO] [MainThread] [root/api.py:69]: Fetching new weather data at 2026-08-11 18:38:17.486873
2026-08-11 18:48:17,479 [INFO] [MainThread] [root/api.py:69]: Fetching new weather data at 2026-08-11 18:48:17.479390
2026-08-11 18:58:17,487 [INFO] [MainThread] [root/api.py:69]: Fetching new weather data at 2026-08-11 18:58:17.487770
2026-08-11 19:08:17,497 [INFO] [MainThread] [root/api.py:69]: Fetching new weather data at 2026-08-11 19:08:17.497899
2026-08-11 19:18:17,482 [INFO] [MainThread] [root/api.py:69]: Fetching new weather data at 2026-08-11 19:18:17.481979
2026-08-11 19:28:17,478 [INFO] [MainThread] [root/api.py:69]: Fetching new weather data at 2026-08-11 19:28:17.478733
2026-08-11 19:38:17,649 [INFO] [MainThread] [root/api.py:69]: Fetching new weather data at 2026-08-11 19:38:17.649845
2026-08-11 19:48:17,485 [INFO] [MainThread] [root/api.py:69]: Fetching new weather data at 2026-08-11 19:48:17.485689
2026-08-11 19:58:17,577 [INFO] [MainThread] [root/api.py:69]: Fetching new weather data at 2026-08-11 19:58:17.577063
2026-08-11 20:08:17,553 [INFO] [MainThread] [root/api.py:69]: Fetching new weather data at 2026-08-11 20:08:17.553447
2026-08-11 20:18:17,646 [INFO] [MainThread] [root/api.py:69]: Fetching new weather data at 2026-08-11 20:18:17.646823
2026-08-11 20:28:17,485 [INFO] [MainThread] [root/api.py:69]: Fetching new weather data at 2026-08-11 20:28:17.485017
2026-08-11 20:38:17,547 [INFO] [MainThread] [root/api.py:69]: Fetching new weather data at 2026-08-11 20:38:17.547330
2026-08-11 20:48:17,525 [INFO] [MainThread] [root/api.py:69]: Fetching new weather data at 2026-08-11 20:48:17.525076
2026-08-11 20:58:17,511 [INFO] [MainThread] [root/api.py:69]: Fetching new weather data at 2026-08-11 20:58:17.511937
2026-08-11 21:08:17,610 [INFO] [MainThread] [root/api.py:69]: Fetching new weather data at 2026-08-11 21:08:17.610819
2026-08-11 21:18:17,476 [INFO] [MainThread] [root/api.py:69]: Fetching new weather data at 2026-08-11 21:18:17.476079
2026-08-11 21:28:17,487 [INFO] [MainThread] [root/api.py:69]: Fetching new weather data at 2026-08-11 21:28:17.487279
2026-08-11 21:38:17,498 [INFO] [MainThread] [root/api.py:69]: Fetching new weather data at 2026-08-11 21:38:17.498468
2026-08-11 21:48:17,504 [INFO] [MainThread] [root/api.py:69]: Fetching new weather data at 2026-08-11 21:48:17.504525
2026-08-11 21:58:17,496 [INFO] [MainThread] [root/api.py:69]: Fetching new weather data at 2026-08-11 21:58:17.496296
2026-08-11 22:08:17,487 [INFO] [MainThread] [root/api.py:69]: Fetching new weather data at 2026-08-11 22:08:17.487834
2026-08-11 22:18:17,483 [INFO] [MainThread] [root/api.py:69]: Fetching new weather data at 2026-08-11 22:18:17.483213
2026-08-11 22:28:17,496 [INFO] [MainThread] [root/api.py:69]: Fetching new weather data at 2026-08-11 22:28:17.496188
2026-08-11 22:38:17,491 [INFO] [MainThread] [root/api.py:69]: Fetching new weather data at 2026-08-11 22:38:17.491214
2026-08-11 22:48:17,474 [INFO] [MainThread] [root/api.py:69]: Fetching new weather data at 2026-08-11 22:48:17.474034
2026-08-11 22:58:17,499 [INFO] [MainThread] [root/api.py:69]: Fetching new weather data at 2026-08-11 22:58:17.499900
2026-08-11 23:08:17,491 [INFO] [MainThread] [root/api.py:69]: Fetching new weather data at 2026-08-11 23:08:17.491716
2026-08-11 23:18:17,473 [INFO] [MainThread] [root/api.py:69]: Fetching new weather data at 2026-08-11 23:18:17.473396
2026-08-11 23:28:17,682 [INFO] [MainThread] [root/api.py:69]: Fetching new weather data at 2026-08-11 23:28:17.681979
2026-08-11 23:38:17,500 [INFO] [MainThread] [root/api.py:69]: Fetching new weather data at 2026-08-11 23:38:17.499963
2026-08-11 23:48:17,538 [INFO] [MainThread] [root/api.py:69]: Fetching new weather data at 2026-08-11 23:48:17.538476
2026-08-11 23:58:17,484 [INFO] [MainThread] [root/api.py:69]: Fetching new weather data at 2026-08-11 23:58:17.484840
2026-08-12 00:08:17,489 [INFO] [MainThread] [root/api.py:69]: Fetching new weather data at 2026-08-12 00:08:17.489701
2026-08-12 00:18:17,497 [INFO] [MainThread] [root/api.py:69]: Fetching new weather data at 2026-08-12 00:18:17.497271
2026-08-12 00:23:56,836 [INFO] [MainThread] [root/controller.py:43]: Exiting Application...
2026-08-12 00:23:56,951 [INFO] [MainThread] [cli_server/cli_server.py:114]: Log pipe server stopped
2026-08-12 00:23:57,184 [INFO] [MainThread] [root/bar_manager.py:119]: Stopping SystemEventListener...
2026-08-12 05:51:33,838 [INFO] [MainThread] [root/log.py:104]: YASB v2.0.6
2026-08-12 05:51:33,839 [INFO] [CLIPipeServer] [cli_server/cli_server.py:216]: CLI server started v1.1.7
2026-08-12 05:51:33,840 [INFO] [MainThread] [cli_server/cli_server.py:106]: Log pipe server started
2026-08-12 05:51:34,401 [INFO] [MainThread] [root/service.py:52]: AudioOutputService starting...
2026-08-12 05:51:34,723 [INFO] [MainThread] [root/bar_manager.py:103]: Starting SystemEventListener...
2026-08-12 05:51:34,727 [INFO] [MainThread] [root/watcher.py:65]: Watching directory: c:\users\erick\.config\yasb
2026-08-12 05:51:34,727 [INFO] [MainThread] [root/watcher.py:104]: Created file watcher
2026-08-12 05:51:34,786 [INFO] [MainThread] [root/update_service.py:434]: Background update checker started
2026-08-12 05:51:35,350 [INFO] [MainThread] [root/api.py:69]: Fetching new weather data at 2026-08-12 05:51:35.350466
Windows fatal exception: code 0x8001010d

Thread 0x0000549c [Thread-5] (most recent call first):
  File "C:\hostedtoolcache\windows\Python\3.14.6\x64\Lib\threading.py", line 369 in wait
  File "C:\hostedtoolcache\windows\Python\3.14.6\x64\Lib\queue.py", line 199 in get
  File "D:\a\yasb\yasb\venv\Lib\site-packages\watchdog\observers\api.py", line 379 in dispatch_events
  File "D:\a\yasb\yasb\venv\Lib\site-packages\watchdog\observers\api.py", line 213 in run
  File "C:\hostedtoolcache\windows\Python\3.14.6\x64\Lib\threading.py", line 1082 in _bootstrap_inner
  File "C:\hostedtoolcache\windows\Python\3.14.6\x64\Lib\threading.py", line 1044 in _bootstrap

Thread 0x00005490 [Thread-6] (most recent call first):
  File "D:\a\yasb\yasb\venv\Lib\site-packages\watchdog\observers\winapi.py", line 326 in read_directory_changes
  File "D:\a\yasb\yasb\venv\Lib\site-packages\watchdog\observers\winapi.py", line 380 in read_events
  File "D:\a\yasb\yasb\venv\Lib\site-packages\watchdog\observers\read_directory_changes.py", line 67 in _read_events
  File "D:\a\yasb\yasb\venv\Lib\site-packages\watchdog\observers\read_directory_changes.py", line 70 in queue_events
  File "D:\a\yasb\yasb\venv\Lib\site-packages\watchdog\observers\api.py", line 158 in run
  File "C:\hostedtoolcache\windows\Python\3.14.6\x64\Lib\threading.py", line 1082 in _bootstrap_inner
  File "C:\hostedtoolcache\windows\Python\3.14.6\x64\Lib\threading.py", line 1044 in _bootstrap

Thread 0x00004208 [SystemEventListener] (most recent call first):
  File "D:\a\yasb\yasb\src\core\utils\win32\event_listener.py", line 69 in run

Thread 0x000039c8 [WiFiWorker] (most recent call first):
  File "C:\hostedtoolcache\windows\Python\3.14.6\x64\Lib\threading.py", line 373 in wait
  File "C:\hostedtoolcache\windows\Python\3.14.6\x64\Lib\threading.py", line 670 in wait
  File "D:\a\yasb\yasb\src\core\widgets\services\wifi\wifi_managers.py", line 160 in run

Thread 0x00004ac0 [MemoryWorker] (most recent call first):
  File "C:\hostedtoolcache\windows\Python\3.14.6\x64\Lib\threading.py", line 373 in wait
  File "C:\hostedtoolcache\windows\Python\3.14.6\x64\Lib\threading.py", line 670 in wait
  File "D:\a\yasb\yasb\src\core\widgets\services\memory\memory_api.py", line 247 in run

Thread 0x00004a38 [_EventWorker] (most recent call first):
  File "D:\a\yasb\yasb\venv\Lib\site-packages\qasync\_windows.py", line 147 in _poll
  File "D:\a\yasb\yasb\venv\Lib\site-packages\qasync\_windows.py", line 72 in select
  File "D:\a\yasb\yasb\venv\Lib\site-packages\qasync\_windows.py", line 199 in run

Thread 0x00001194 [LogPipeServer] (most recent call first):
  File "D:\a\yasb\yasb\src\core\utils\win32\bindings\kernel32.py", line 291 in ConnectNamedPipe
  File "D:\a\yasb\yasb\src\core\utils\cli_server.py", line 138 in _run_server
  File "C:\hostedtoolcache\windows\Python\3.14.6\x64\Lib\threading.py", line 1024 in run
  File "C:\hostedtoolcache\windows\Python\3.14.6\x64\Lib\threading.py", line 1082 in _bootstrap_inner
  File "C:\hostedtoolcache\windows\Python\3.14.6\x64\Lib\threading.py", line 1044 in _bootstrap

Thread 0x000030a8 [CLIPipeServer] (most recent call first):
  File "D:\a\yasb\yasb\src\core\utils\win32\bindings\kernel32.py", line 291 in ConnectNamedPipe
  File "D:\a\yasb\yasb\src\core\utils\cli_server.py", line 235 in _run_server
  File "C:\hostedtoolcache\windows\Python\3.14.6\x64\Lib\threading.py", line 1024 in run
  File "C:\hostedtoolcache\windows\Python\3.14.6\x64\Lib\threading.py", line 1082 in _bootstrap_inner
  File "C:\hostedtoolcache\windows\Python\3.14.6\x64\Lib\threading.py", line 1044 in _bootstrap

Current thread 0x00005794 (most recent call first):
  File "D:\a\yasb\yasb\venv\Lib\site-packages\qasync\__init__.py", line 404 in run_forever
  File "D:\a\yasb\yasb\venv\Lib\site-packages\qasync\__init__.py", line 428 in run_until_complete
  File "main.py", line 100 in main
  File "main.py", line 203 in <module>
  File "D:\a\yasb\yasb\venv\Lib\site-packages\freeze_core\initscripts\console.py", line 43 in run
  File "src/freeze_core/initscripts/__startup__.py", line 147 in run
2026-08-12 06:01:34,602 [INFO] [MainThread] [root/api.py:69]: Fetching new weather data at 2026-08-12 06:01:34.602366
2026-08-12 06:11:34,521 [INFO] [MainThread] [root/api.py:69]: Fetching new weather data at 2026-08-12 06:11:34.521893
2026-08-12 06:21:34,536 [INFO] [MainThread] [root/api.py:69]: Fetching new weather data at 2026-08-12 06:21:34.536253
2026-08-12 06:31:34,526 [INFO] [MainThread] [root/api.py:69]: Fetching new weather data at 2026-08-12 06:31:34.526493
2026-08-12 06:41:34,528 [INFO] [MainThread] [root/api.py:69]: Fetching new weather data at 2026-08-12 06:41:34.528265
2026-08-12 06:51:34,530 [INFO] [MainThread] [root/api.py:69]: Fetching new weather data at 2026-08-12 06:51:34.530734
2026-08-12 07:01:34,568 [INFO] [MainThread] [root/api.py:69]: Fetching new weather data at 2026-08-12 07:01:34.568762
2026-08-12 07:11:34,539 [INFO] [MainThread] [root/api.py:69]: Fetching new weather data at 2026-08-12 07:11:34.539830
2026-08-12 07:21:34,525 [INFO] [MainThread] [root/api.py:69]: Fetching new weather data at 2026-08-12 07:21:34.525425
2026-08-12 07:31:34,531 [INFO] [MainThread] [root/api.py:69]: Fetching new weather data at 2026-08-12 07:31:34.531488
2026-08-12 07:41:34,540 [INFO] [MainThread] [root/api.py:69]: Fetching new weather data at 2026-08-12 07:41:34.540306
2026-08-12 07:51:34,530 [INFO] [MainThread] [root/api.py:69]: Fetching new weather data at 2026-08-12 07:51:34.530872
2026-08-12 08:01:34,674 [INFO] [MainThread] [root/api.py:69]: Fetching new weather data at 2026-08-12 08:01:34.674631
2026-08-12 08:11:34,532 [INFO] [MainThread] [root/api.py:69]: Fetching new weather data at 2026-08-12 08:11:34.532605
2026-08-12 08:21:34,702 [INFO] [MainThread] [root/api.py:69]: Fetching new weather data at 2026-08-12 08:21:34.702764
2026-08-12 08:31:34,530 [INFO] [MainThread] [root/api.py:69]: Fetching new weather data at 2026-08-12 08:31:34.530882
2026-08-12 08:41:34,702 [INFO] [MainThread] [root/api.py:69]: Fetching new weather data at 2026-08-12 08:41:34.702298
2026-08-12 08:51:34,538 [INFO] [MainThread] [root/api.py:69]: Fetching new weather data at 2026-08-12 08:51:34.538892
2026-08-12 09:01:34,518 [INFO] [MainThread] [root/api.py:69]: Fetching new weather data at 2026-08-12 09:01:34.518578
2026-08-12 09:11:34,512 [INFO] [MainThread] [root/api.py:69]: Fetching new weather data at 2026-08-12 09:11:34.512263
2026-08-12 09:21:34,519 [INFO] [MainThread] [root/api.py:69]: Fetching new weather data at 2026-08-12 09:21:34.519665
2026-08-12 09:31:34,530 [INFO] [MainThread] [root/api.py:69]: Fetching new weather data at 2026-08-12 09:31:34.530290
2026-08-12 09:41:34,563 [INFO] [MainThread] [root/api.py:69]: Fetching new weather data at 2026-08-12 09:41:34.563534
2026-08-12 09:51:34,815 [INFO] [MainThread] [root/api.py:69]: Fetching new weather data at 2026-08-12 09:51:34.811428
2026-08-12 10:01:34,528 [INFO] [MainThread] [root/api.py:69]: Fetching new weather data at 2026-08-12 10:01:34.528436
2026-08-12 10:11:34,552 [INFO] [MainThread] [root/api.py:69]: Fetching new weather data at 2026-08-12 10:11:34.547446
2026-08-12 10:21:34,532 [INFO] [MainThread] [root/api.py:69]: Fetching new weather data at 2026-08-12 10:21:34.531983
2026-08-12 10:31:34,704 [INFO] [MainThread] [root/api.py:69]: Fetching new weather data at 2026-08-12 10:31:34.704520
2026-08-12 10:41:34,532 [INFO] [MainThread] [root/api.py:69]: Fetching new weather data at 2026-08-12 10:41:34.532335
2026-08-12 10:51:34,522 [INFO] [MainThread] [root/api.py:69]: Fetching new weather data at 2026-08-12 10:51:34.522339
2026-08-12 11:01:34,524 [INFO] [MainThread] [root/api.py:69]: Fetching new weather data at 2026-08-12 11:01:34.524798
2026-08-12 11:11:34,568 [INFO] [MainThread] [root/api.py:69]: Fetching new weather data at 2026-08-12 11:11:34.568264
2026-08-12 11:21:34,510 [INFO] [MainThread] [root/api.py:69]: Fetching new weather data at 2026-08-12 11:21:34.510782
2026-08-12 11:31:34,527 [INFO] [MainThread] [root/api.py:69]: Fetching new weather data at 2026-08-12 11:31:34.527133
2026-08-12 11:50:57,259 [INFO] [MainThread] [root/log.py:104]: YASB v2.0.6
2026-08-12 11:50:57,260 [INFO] [CLIPipeServer] [cli_server/cli_server.py:216]: CLI server started v1.1.7
2026-08-12 11:50:57,261 [INFO] [MainThread] [cli_server/cli_server.py:106]: Log pipe server started
2026-08-12 11:50:57,736 [INFO] [MainThread] [root/service.py:52]: AudioOutputService starting...
2026-08-12 11:50:58,028 [INFO] [MainThread] [root/bar_manager.py:103]: Starting SystemEventListener...
2026-08-12 11:50:58,029 [INFO] [MainThread] [root/watcher.py:65]: Watching directory: c:\users\erick\.config\yasb
2026-08-12 11:50:58,030 [INFO] [MainThread] [root/watcher.py:104]: Created file watcher
2026-08-12 11:50:58,151 [INFO] [MainThread] [root/update_service.py:434]: Background update checker started
2026-08-12 11:50:58,657 [INFO] [MainThread] [root/api.py:69]: Fetching new weather data at 2026-08-12 11:50:58.657677
Windows fatal exception: code 0x8001010d

Thread 0x000057c0 [Thread-5] (most recent call first):
  File "C:\hostedtoolcache\windows\Python\3.14.6\x64\Lib\threading.py", line 369 in wait
  File "C:\hostedtoolcache\windows\Python\3.14.6\x64\Lib\queue.py", line 199 in get
  File "D:\a\yasb\yasb\venv\Lib\site-packages\watchdog\observers\api.py", line 379 in dispatch_events
  File "D:\a\yasb\yasb\venv\Lib\site-packages\watchdog\observers\api.py", line 213 in run
  File "C:\hostedtoolcache\windows\Python\3.14.6\x64\Lib\threading.py", line 1082 in _bootstrap_inner
  File "C:\hostedtoolcache\windows\Python\3.14.6\x64\Lib\threading.py", line 1044 in _bootstrap

Thread 0x00005798 [Thread-6] (most recent call first):
  File "D:\a\yasb\yasb\venv\Lib\site-packages\watchdog\observers\winapi.py", line 326 in read_directory_changes
  File "D:\a\yasb\yasb\venv\Lib\site-packages\watchdog\observers\winapi.py", line 380 in read_events
  File "D:\a\yasb\yasb\venv\Lib\site-packages\watchdog\observers\read_directory_changes.py", line 67 in _read_events
  File "D:\a\yasb\yasb\venv\Lib\site-packages\watchdog\observers\read_directory_changes.py", line 70 in queue_events
  File "D:\a\yasb\yasb\venv\Lib\site-packages\watchdog\observers\api.py", line 158 in run
  File "C:\hostedtoolcache\windows\Python\3.14.6\x64\Lib\threading.py", line 1082 in _bootstrap_inner
  File "C:\hostedtoolcache\windows\Python\3.14.6\x64\Lib\threading.py", line 1044 in _bootstrap

Thread 0x0000579c [SystemEventListener] (most recent call first):
  File "D:\a\yasb\yasb\src\core\utils\win32\event_listener.py", line 69 in run

Thread 0x00003f00 [WiFiWorker] (most recent call first):
  File "C:\hostedtoolcache\windows\Python\3.14.6\x64\Lib\threading.py", line 373 in wait
  File "C:\hostedtoolcache\windows\Python\3.14.6\x64\Lib\threading.py", line 670 in wait
  File "D:\a\yasb\yasb\src\core\widgets\services\wifi\wifi_managers.py", line 160 in run

Thread 0x000032ec [MemoryWorker] (most recent call first):
  File "C:\hostedtoolcache\windows\Python\3.14.6\x64\Lib\threading.py", line 373 in wait
  File "C:\hostedtoolcache\windows\Python\3.14.6\x64\Lib\threading.py", line 670 in wait
  File "D:\a\yasb\yasb\src\core\widgets\services\memory\memory_api.py", line 247 in run

Thread 0x0000356c [_EventWorker] (most recent call first):
  File "D:\a\yasb\yasb\venv\Lib\site-packages\qasync\_windows.py", line 147 in _poll
  File "D:\a\yasb\yasb\venv\Lib\site-packages\qasync\_windows.py", line 72 in select
  File "D:\a\yasb\yasb\venv\Lib\site-packages\qasync\_windows.py", line 199 in run

Thread 0x00000ca0 [LogPipeServer] (most recent call first):
  File "D:\a\yasb\yasb\src\core\utils\win32\bindings\kernel32.py", line 291 in ConnectNamedPipe
  File "D:\a\yasb\yasb\src\core\utils\cli_server.py", line 138 in _run_server
  File "C:\hostedtoolcache\windows\Python\3.14.6\x64\Lib\threading.py", line 1024 in run
  File "C:\hostedtoolcache\windows\Python\3.14.6\x64\Lib\threading.py", line 1082 in _bootstrap_inner
  File "C:\hostedtoolcache\windows\Python\3.14.6\x64\Lib\threading.py", line 1044 in _bootstrap

Thread 0x00003a98 [CLIPipeServer] (most recent call first):
  File "D:\a\yasb\yasb\src\core\utils\win32\bindings\kernel32.py", line 291 in ConnectNamedPipe
  File "D:\a\yasb\yasb\src\core\utils\cli_server.py", line 235 in _run_server
  File "C:\hostedtoolcache\windows\Python\3.14.6\x64\Lib\threading.py", line 1024 in run
  File "C:\hostedtoolcache\windows\Python\3.14.6\x64\Lib\threading.py", line 1082 in _bootstrap_inner
  File "C:\hostedtoolcache\windows\Python\3.14.6\x64\Lib\threading.py", line 1044 in _bootstrap

Current thread 0x00003280 (most recent call first):
  File "D:\a\yasb\yasb\venv\Lib\site-packages\qasync\__init__.py", line 404 in run_forever
  File "D:\a\yasb\yasb\venv\Lib\site-packages\qasync\__init__.py", line 428 in run_until_complete
  File "main.py", line 100 in main
  File "main.py", line 203 in <module>
  File "D:\a\yasb\yasb\venv\Lib\site-packages\freeze_core\initscripts\console.py", line 43 in run
  File "src/freeze_core/initscripts/__startup__.py", line 147 in run
2026-08-12 12:00:57,928 [INFO] [MainThread] [root/api.py:69]: Fetching new weather data at 2026-08-12 12:00:57.922228
2026-08-12 12:10:57,934 [INFO] [MainThread] [root/api.py:69]: Fetching new weather data at 2026-08-12 12:10:57.933312
2026-08-12 12:20:57,961 [INFO] [MainThread] [root/api.py:69]: Fetching new weather data at 2026-08-12 12:20:57.956979
2026-08-12 12:30:57,883 [INFO] [MainThread] [root/api.py:69]: Fetching new weather data at 2026-08-12 12:30:57.883792
2026-08-12 12:38:51,886 [INFO] [MainThread] [root/bar_helper.py:594]: AppBarManager need to re-register 2 bars
2026-08-12 12:38:52,161 [INFO] [MainThread] [root/bar_helper.py:603]: Re-registered AppBar for primary-bar_24G50F_2dd4e3fb (space reservation + fullscreen)
2026-08-12 12:38:52,346 [INFO] [MainThread] [root/bar_helper.py:603]: Re-registered AppBar for primary-bar_BenQ RL2755_88c502df (space reservation + fullscreen)
2026-08-12 12:40:57,962 [INFO] [MainThread] [root/api.py:69]: Fetching new weather data at 2026-08-12 12:40:57.962677
2026-08-12 12:50:57,887 [INFO] [MainThread] [root/api.py:69]: Fetching new weather data at 2026-08-12 12:50:57.887794
2026-08-12 13:00:57,870 [INFO] [MainThread] [root/api.py:69]: Fetching new weather data at 2026-08-12 13:00:57.870007
2026-08-12 13:10:57,885 [INFO] [MainThread] [root/api.py:69]: Fetching new weather data at 2026-08-12 13:10:57.885549
2026-08-12 13:20:57,893 [INFO] [MainThread] [root/api.py:69]: Fetching new weather data at 2026-08-12 13:20:57.893144
2026-08-12 13:30:57,921 [INFO] [MainThread] [root/api.py:69]: Fetching new weather data at 2026-08-12 13:30:57.921225
2026-08-12 13:40:57,881 [INFO] [MainThread] [root/api.py:69]: Fetching new weather data at 2026-08-12 13:40:57.881636
2026-08-12 13:50:57,880 [INFO] [MainThread] [root/api.py:69]: Fetching new weather data at 2026-08-12 13:50:57.880248
2026-08-12 14:00:57,877 [INFO] [MainThread] [root/api.py:69]: Fetching new weather data at 2026-08-12 14:00:57.877636
2026-08-12 14:10:57,873 [INFO] [MainThread] [root/api.py:69]: Fetching new weather data at 2026-08-12 14:10:57.873429
2026-08-12 14:20:58,080 [INFO] [MainThread] [root/api.py:69]: Fetching new weather data at 2026-08-12 14:20:58.080245
2026-08-12 14:30:57,884 [INFO] [MainThread] [root/api.py:69]: Fetching new weather data at 2026-08-12 14:30:57.884355
2026-08-12 14:40:57,884 [INFO] [MainThread] [root/api.py:69]: Fetching new weather data at 2026-08-12 14:40:57.883896
2026-08-12 14:50:57,875 [INFO] [MainThread] [root/api.py:69]: Fetching new weather data at 2026-08-12 14:50:57.875041
2026-08-12 15:00:57,899 [INFO] [MainThread] [root/api.py:69]: Fetching new weather data at 2026-08-12 15:00:57.899534
2026-08-12 15:10:57,894 [INFO] [MainThread] [root/api.py:69]: Fetching new weather data at 2026-08-12 15:10:57.894013
2026-08-12 15:20:57,877 [INFO] [MainThread] [root/api.py:69]: Fetching new weather data at 2026-08-12 15:20:57.877092
2026-08-12 15:30:57,885 [INFO] [MainThread] [root/api.py:69]: Fetching new weather data at 2026-08-12 15:30:57.885686
2026-08-12 15:40:57,870 [INFO] [MainThread] [root/api.py:69]: Fetching new weather data at 2026-08-12 15:40:57.870812
2026-08-12 15:50:57,871 [INFO] [MainThread] [root/api.py:69]: Fetching new weather data at 2026-08-12 15:50:57.871808
2026-08-12 16:00:57,876 [INFO] [MainThread] [root/api.py:69]: Fetching new weather data at 2026-08-12 16:00:57.876503
2026-08-12 16:10:57,884 [INFO] [MainThread] [root/api.py:69]: Fetching new weather data at 2026-08-12 16:10:57.884173
2026-08-12 16:20:57,872 [INFO] [MainThread] [root/api.py:69]: Fetching new weather data at 2026-08-12 16:20:57.872474
2026-08-12 16:30:57,897 [INFO] [MainThread] [root/api.py:69]: Fetching new weather data at 2026-08-12 16:30:57.897592
2026-08-12 16:40:57,873 [INFO] [MainThread] [root/api.py:69]: Fetching new weather data at 2026-08-12 16:40:57.873373
2026-08-12 16:50:57,868 [INFO] [MainThread] [root/api.py:69]: Fetching new weather data at 2026-08-12 16:50:57.868208
2026-08-12 17:00:57,871 [INFO] [MainThread] [root/api.py:69]: Fetching new weather data at 2026-08-12 17:00:57.871828
2026-08-12 17:10:57,881 [INFO] [MainThread] [root/api.py:69]: Fetching new weather data at 2026-08-12 17:10:57.881798
2026-08-12 17:20:57,881 [INFO] [MainThread] [root/api.py:69]: Fetching new weather data at 2026-08-12 17:20:57.881899
2026-08-12 17:30:57,930 [INFO] [MainThread] [root/api.py:69]: Fetching new weather data at 2026-08-12 17:30:57.930245
2026-08-12 17:40:57,892 [INFO] [MainThread] [root/api.py:69]: Fetching new weather data at 2026-08-12 17:40:57.892315
2026-08-12 17:50:57,872 [INFO] [MainThread] [root/api.py:69]: Fetching new weather data at 2026-08-12 17:50:57.872368
2026-08-12 18:00:57,880 [INFO] [MainThread] [root/api.py:69]: Fetching new weather data at 2026-08-12 18:00:57.880453
2026-08-12 18:10:57,881 [INFO] [MainThread] [root/api.py:69]: Fetching new weather data at 2026-08-12 18:10:57.881644
2026-08-12 18:20:57,879 [INFO] [MainThread] [root/api.py:69]: Fetching new weather data at 2026-08-12 18:20:57.879442
2026-08-12 18:30:57,880 [INFO] [MainThread] [root/api.py:69]: Fetching new weather data at 2026-08-12 18:30:57.880179
2026-08-12 18:40:57,891 [INFO] [MainThread] [root/api.py:69]: Fetching new weather data at 2026-08-12 18:40:57.891128
2026-08-12 18:50:57,886 [INFO] [MainThread] [root/api.py:69]: Fetching new weather data at 2026-08-12 18:50:57.886520
2026-08-12 19:00:57,874 [INFO] [MainThread] [root/api.py:69]: Fetching new weather data at 2026-08-12 19:00:57.874056
2026-08-12 19:10:57,878 [INFO] [MainThread] [root/api.py:69]: Fetching new weather data at 2026-08-12 19:10:57.878900
2026-08-12 19:20:57,881 [INFO] [MainThread] [root/api.py:69]: Fetching new weather data at 2026-08-12 19:20:57.881407
2026-08-12 19:30:57,879 [INFO] [MainThread] [root/api.py:69]: Fetching new weather data at 2026-08-12 19:30:57.879612
2026-08-12 19:40:57,922 [INFO] [MainThread] [root/api.py:69]: Fetching new weather data at 2026-08-12 19:40:57.922885
2026-08-12 19:50:57,883 [INFO] [MainThread] [root/api.py:69]: Fetching new weather data at 2026-08-12 19:50:57.883719
2026-08-12 20:00:57,893 [INFO] [MainThread] [root/api.py:69]: Fetching new weather data at 2026-08-12 20:00:57.893755
2026-08-12 20:10:57,907 [INFO] [MainThread] [root/api.py:69]: Fetching new weather data at 2026-08-12 20:10:57.907525
2026-08-12 20:20:57,898 [INFO] [MainThread] [root/api.py:69]: Fetching new weather data at 2026-08-12 20:20:57.898207
2026-08-12 20:28:22,792 [INFO] [MainThread] [root/log.py:104]: YASB v2.0.6
2026-08-12 20:28:22,793 [INFO] [CLIPipeServer] [cli_server/cli_server.py:216]: CLI server started v1.1.7
2026-08-12 20:28:22,793 [INFO] [MainThread] [cli_server/cli_server.py:106]: Log pipe server started
2026-08-12 20:28:23,188 [INFO] [MainThread] [root/service.py:52]: AudioOutputService starting...
2026-08-12 20:28:23,381 [INFO] [MainThread] [root/bar_manager.py:103]: Starting SystemEventListener...
2026-08-12 20:28:23,383 [INFO] [MainThread] [root/watcher.py:65]: Watching directory: c:\users\erick\.config\yasb
2026-08-12 20:28:23,383 [INFO] [MainThread] [root/watcher.py:104]: Created file watcher
2026-08-12 20:28:23,415 [INFO] [MainThread] [root/update_service.py:434]: Background update checker started
2026-08-12 20:28:23,490 [WARNING] [UpdateChecker] [root/update_service.py:300]: Network error checking for updates: [Errno 11001] getaddrinfo failed
2026-08-12 20:28:23,490 [WARNING] [UpdateChecker] [root/update_service.py:430]: Background update check failed: <urlopen error [Errno 11001] getaddrinfo failed>
2026-08-12 20:28:23,594 [ERROR] [MainThread] [root/api.py:84]: No internet connection or host not found. Unable to fetch weather.
2026-08-12 20:28:23,594 [WARNING] [MainThread] [root/weather.py:565]: Error processing weather data: Weather data is empty.. Retrying fetch in 10 seconds.
2026-08-12 20:28:23,597 [WARNING] [MainThread] [root/weather.py:565]: Error processing weather data: Weather data is empty.. Retrying fetch in 10 seconds.
2026-08-12 20:28:33,599 [ERROR] [MainThread] [root/api.py:84]: No internet connection or host not found. Unable to fetch weather.
2026-08-12 20:28:33,600 [WARNING] [MainThread] [root/weather.py:565]: Error processing weather data: Weather data is empty.. Retrying fetch in 10 seconds.
2026-08-12 20:28:33,600 [WARNING] [MainThread] [root/weather.py:565]: Error processing weather data: Weather data is empty.. Retrying fetch in 10 seconds.
2026-08-12 20:28:33,601 [ERROR] [MainThread] [root/api.py:84]: No internet connection or host not found. Unable to fetch weather.
Windows fatal exception: code 0x8001010d

Thread 0x00000b78 [Thread-5] (most recent call first):
  File "C:\hostedtoolcache\windows\Python\3.14.6\x64\Lib\threading.py", line 369 in wait
  File "C:\hostedtoolcache\windows\Python\3.14.6\x64\Lib\queue.py", line 199 in get
  File "D:\a\yasb\yasb\venv\Lib\site-packages\watchdog\observers\api.py", line 379 in dispatch_events
  File "D:\a\yasb\yasb\venv\Lib\site-packages\watchdog\observers\api.py", line 213 in run
  File "C:\hostedtoolcache\windows\Python\3.14.6\x64\Lib\threading.py", line 1082 in _bootstrap_inner
  File "C:\hostedtoolcache\windows\Python\3.14.6\x64\Lib\threading.py", line 1044 in _bootstrap

Thread 0x00000b7c [Thread-6] (most recent call first):
  File "D:\a\yasb\yasb\venv\Lib\site-packages\watchdog\observers\winapi.py", line 326 in read_directory_changes
  File "D:\a\yasb\yasb\venv\Lib\site-packages\watchdog\observers\winapi.py", line 380 in read_events
  File "D:\a\yasb\yasb\venv\Lib\site-packages\watchdog\observers\read_directory_changes.py", line 67 in _read_events
  File "D:\a\yasb\yasb\venv\Lib\site-packages\watchdog\observers\read_directory_changes.py", line 70 in queue_events
  File "D:\a\yasb\yasb\venv\Lib\site-packages\watchdog\observers\api.py", line 158 in run
  File "C:\hostedtoolcache\windows\Python\3.14.6\x64\Lib\threading.py", line 1082 in _bootstrap_inner
  File "C:\hostedtoolcache\windows\Python\3.14.6\x64\Lib\threading.py", line 1044 in _bootstrap

Thread 0x0000381c [SystemEventListener] (most recent call first):
  File "D:\a\yasb\yasb\src\core\utils\win32\event_listener.py", line 69 in run

Thread 0x00000858 [WiFiWorker] (most recent call first):
  File "C:\hostedtoolcache\windows\Python\3.14.6\x64\Lib\threading.py", line 373 in wait
  File "C:\hostedtoolcache\windows\Python\3.14.6\x64\Lib\threading.py", line 670 in wait
  File "D:\a\yasb\yasb\src\core\widgets\services\wifi\wifi_managers.py", line 160 in run

Thread 0x00000824 [MemoryWorker] (most recent call first):
  File "C:\hostedtoolcache\windows\Python\3.14.6\x64\Lib\threading.py", line 373 in wait
  File "C:\hostedtoolcache\windows\Python\3.14.6\x64\Lib\threading.py", line 670 in wait
  File "D:\a\yasb\yasb\src\core\widgets\services\memory\memory_api.py", line 247 in run

Thread 0x000006fc [_EventWorker] (most recent call first):
  File "D:\a\yasb\yasb\venv\Lib\site-packages\qasync\_windows.py", line 147 in _poll
  File "D:\a\yasb\yasb\venv\Lib\site-packages\qasync\_windows.py", line 72 in select
  File "D:\a\yasb\yasb\venv\Lib\site-packages\qasync\_windows.py", line 199 in run

Thread 0x000006a8 [LogPipeServer] (most recent call first):
  File "D:\a\yasb\yasb\src\core\utils\win32\bindings\kernel32.py", line 291 in ConnectNamedPipe
  File "D:\a\yasb\yasb\src\core\utils\cli_server.py", line 138 in _run_server
  File "C:\hostedtoolcache\windows\Python\3.14.6\x64\Lib\threading.py", line 1024 in run
  File "C:\hostedtoolcache\windows\Python\3.14.6\x64\Lib\threading.py", line 1082 in _bootstrap_inner
  File "C:\hostedtoolcache\windows\Python\3.14.6\x64\Lib\threading.py", line 1044 in _bootstrap

Thread 0x00000674 [CLIPipeServer] (most recent call first):
  File "D:\a\yasb\yasb\src\core\utils\win32\bindings\kernel32.py", line 291 in ConnectNamedPipe
  File "D:\a\yasb\yasb\src\core\utils\cli_server.py", line 235 in _run_server
  File "C:\hostedtoolcache\windows\Python\3.14.6\x64\Lib\threading.py", line 1024 in run
  File "C:\hostedtoolcache\windows\Python\3.14.6\x64\Lib\threading.py", line 1082 in _bootstrap_inner
  File "C:\hostedtoolcache\windows\Python\3.14.6\x64\Lib\threading.py", line 1044 in _bootstrap

Current thread 0x00004550 (most recent call first):
  File "D:\a\yasb\yasb\venv\Lib\site-packages\qasync\__init__.py", line 404 in run_forever
  File "D:\a\yasb\yasb\venv\Lib\site-packages\qasync\__init__.py", line 428 in run_until_complete
  File "main.py", line 100 in main
  File "main.py", line 203 in <module>
  File "D:\a\yasb\yasb\venv\Lib\site-packages\freeze_core\initscripts\console.py", line 43 in run
  File "src/freeze_core/initscripts/__startup__.py", line 147 in run
2026-08-12 20:28:43,594 [ERROR] [MainThread] [root/api.py:84]: No internet connection or host not found. Unable to fetch weather.
2026-08-12 20:28:43,595 [WARNING] [MainThread] [root/weather.py:565]: Error processing weather data: Weather data is empty.. Retrying fetch in 10 seconds.
2026-08-12 20:28:43,595 [WARNING] [MainThread] [root/weather.py:565]: Error processing weather data: Weather data is empty.. Retrying fetch in 10 seconds.
2026-08-12 20:28:43,596 [ERROR] [MainThread] [root/api.py:84]: No internet connection or host not found. Unable to fetch weather.
Windows fatal exception: code 0x800706f7

Thread 0x00000b78 [Thread-5] (most recent call first):
  File "C:\hostedtoolcache\windows\Python\3.14.6\x64\Lib\threading.py", line 369 in wait
  File "C:\hostedtoolcache\windows\Python\3.14.6\x64\Lib\queue.py", line 199 in get
  File "D:\a\yasb\yasb\venv\Lib\site-packages\watchdog\observers\api.py", line 379 in dispatch_events
  File "D:\a\yasb\yasb\venv\Lib\site-packages\watchdog\observers\api.py", line 213 in run
  File "C:\hostedtoolcache\windows\Python\3.14.6\x64\Lib\threading.py", line 1082 in _bootstrap_inner
  File "C:\hostedtoolcache\windows\Python\3.14.6\x64\Lib\threading.py", line 1044 in _bootstrap

Thread 0x00000b7c [Thread-6] (most recent call first):
  File "D:\a\yasb\yasb\venv\Lib\site-packages\watchdog\observers\winapi.py", line 326 in read_directory_changes
  File "D:\a\yasb\yasb\venv\Lib\site-packages\watchdog\observers\winapi.py", line 380 in read_events
  File "D:\a\yasb\yasb\venv\Lib\site-packages\watchdog\observers\read_directory_changes.py", line 67 in _read_events
  File "D:\a\yasb\yasb\venv\Lib\site-packages\watchdog\observers\read_directory_changes.py", line 70 in queue_events
  File "D:\a\yasb\yasb\venv\Lib\site-packages\watchdog\observers\api.py", line 158 in run
  File "C:\hostedtoolcache\windows\Python\3.14.6\x64\Lib\threading.py", line 1082 in _bootstrap_inner
  File "C:\hostedtoolcache\windows\Python\3.14.6\x64\Lib\threading.py", line 1044 in _bootstrap

Thread 0x0000381c [SystemEventListener] (most recent call first):
  File "D:\a\yasb\yasb\src\core\utils\win32\event_listener.py", line 69 in run

Thread 0x00000858 [WiFiWorker] (most recent call first):
  File "C:\hostedtoolcache\windows\Python\3.14.6\x64\Lib\threading.py", line 373 in wait
  File "C:\hostedtoolcache\windows\Python\3.14.6\x64\Lib\threading.py", line 670 in wait
  File "D:\a\yasb\yasb\src\core\widgets\services\wifi\wifi_managers.py", line 160 in run

Thread 0x00000824 [MemoryWorker] (most recent call first):
  File "C:\hostedtoolcache\windows\Python\3.14.6\x64\Lib\threading.py", line 373 in wait
  File "C:\hostedtoolcache\windows\Python\3.14.6\x64\Lib\threading.py", line 670 in wait
  File "D:\a\yasb\yasb\src\core\widgets\services\memory\memory_api.py", line 247 in run

Thread 0x000006fc [_EventWorker] (most recent call first):
  File "D:\a\yasb\yasb\venv\Lib\site-packages\qasync\_windows.py", line 147 in _poll
  File "D:\a\yasb\yasb\venv\Lib\site-packages\qasync\_windows.py", line 72 in select
  File "D:\a\yasb\yasb\venv\Lib\site-packages\qasync\_windows.py", line 199 in run

Thread 0x000006a8 [LogPipeServer] (most recent call first):
  File "D:\a\yasb\yasb\src\core\utils\win32\bindings\kernel32.py", line 291 in ConnectNamedPipe
  File "D:\a\yasb\yasb\src\core\utils\cli_server.py", line 138 in _run_server
  File "C:\hostedtoolcache\windows\Python\3.14.6\x64\Lib\threading.py", line 1024 in run
  File "C:\hostedtoolcache\windows\Python\3.14.6\x64\Lib\threading.py", line 1082 in _bootstrap_inner
  File "C:\hostedtoolcache\windows\Python\3.14.6\x64\Lib\threading.py", line 1044 in _bootstrap

Thread 0x00000674 [CLIPipeServer] (most recent call first):
  File "D:\a\yasb\yasb\src\core\utils\win32\bindings\kernel32.py", line 291 in ConnectNamedPipe
  File "D:\a\yasb\yasb\src\core\utils\cli_server.py", line 235 in _run_server
  File "C:\hostedtoolcache\windows\Python\3.14.6\x64\Lib\threading.py", line 1024 in run
  File "C:\hostedtoolcache\windows\Python\3.14.6\x64\Lib\threading.py", line 1082 in _bootstrap_inner
  File "C:\hostedtoolcache\windows\Python\3.14.6\x64\Lib\threading.py", line 1044 in _bootstrap

Current thread 0x00004550 (most recent call first):
  File "D:\a\yasb\yasb\src\core\widgets\yasb\active_window.py", line 337 in _update_window_title
  File "D:\a\yasb\yasb\src\core\widgets\yasb\active_window.py", line 237 in _on_focus_change_event
  File "D:\a\yasb\yasb\venv\Lib\site-packages\qasync\__init__.py", line 404 in run_forever
  File "D:\a\yasb\yasb\venv\Lib\site-packages\qasync\__init__.py", line 428 in run_until_complete
  File "main.py", line 100 in main
  File "main.py", line 203 in <module>
  File "D:\a\yasb\yasb\venv\Lib\site-packages\freeze_core\initscripts\console.py", line 43 in run
  File "src/freeze_core/initscripts/__startup__.py", line 147 in run
2026-08-12 20:28:53,595 [ERROR] [MainThread] [root/api.py:84]: No internet connection or host not found. Unable to fetch weather.
2026-08-12 20:28:53,595 [WARNING] [MainThread] [root/weather.py:565]: Error processing weather data: Weather data is empty.. Retrying fetch in 10 seconds.
2026-08-12 20:28:53,596 [WARNING] [MainThread] [root/weather.py:565]: Error processing weather data: Weather data is empty.. Retrying fetch in 10 seconds.
2026-08-12 20:28:53,596 [ERROR] [MainThread] [root/api.py:84]: No internet connection or host not found. Unable to fetch weather.
2026-08-12 20:29:03,594 [ERROR] [MainThread] [root/api.py:84]: No internet connection or host not found. Unable to fetch weather.
2026-08-12 20:29:03,594 [WARNING] [MainThread] [root/weather.py:565]: Error processing weather data: Weather data is empty.. Retrying fetch in 10 seconds.
2026-08-12 20:29:03,595 [WARNING] [MainThread] [root/weather.py:565]: Error processing weather data: Weather data is empty.. Retrying fetch in 10 seconds.
2026-08-12 20:29:03,595 [ERROR] [MainThread] [root/api.py:84]: No internet connection or host not found. Unable to fetch weather.
2026-08-12 20:29:13,593 [ERROR] [MainThread] [root/api.py:84]: No internet connection or host not found. Unable to fetch weather.
2026-08-12 20:29:13,593 [WARNING] [MainThread] [root/weather.py:565]: Error processing weather data: Weather data is empty.. Retrying fetch in 10 seconds.
2026-08-12 20:29:13,594 [WARNING] [MainThread] [root/weather.py:565]: Error processing weather data: Weather data is empty.. Retrying fetch in 10 seconds.
2026-08-12 20:29:13,594 [ERROR] [MainThread] [root/api.py:84]: No internet connection or host not found. Unable to fetch weather.
2026-08-12 20:29:29,470 [INFO] [MainThread] [root/api.py:69]: Fetching new weather data at 2026-08-12 20:29:29.470439
2026-08-12 20:29:29,486 [INFO] [MainThread] [root/api.py:69]: Fetching new weather data at 2026-08-12 20:29:29.486050
2026-08-12 20:38:23,373 [INFO] [MainThread] [root/api.py:69]: Fetching new weather data at 2026-08-12 20:38:23.373019
2026-08-12 20:48:23,385 [INFO] [MainThread] [root/api.py:69]: Fetching new weather data at 2026-08-12 20:48:23.385494
2026-08-12 20:58:23,370 [INFO] [MainThread] [root/api.py:69]: Fetching new weather data at 2026-08-12 20:58:23.370880
2026-08-12 21:08:23,388 [INFO] [MainThread] [root/api.py:69]: Fetching new weather data at 2026-08-12 21:08:23.388111
2026-08-12 21:18:23,396 [INFO] [MainThread] [root/api.py:69]: Fetching new weather data at 2026-08-12 21:18:23.396596
2026-08-12 21:28:23,393 [INFO] [MainThread] [root/api.py:69]: Fetching new weather data at 2026-08-12 21:28:23.393395
2026-08-12 21:38:23,387 [INFO] [MainThread] [root/api.py:69]: Fetching new weather data at 2026-08-12 21:38:23.387014
2026-08-12 21:48:23,407 [INFO] [MainThread] [root/api.py:69]: Fetching new weather data at 2026-08-12 21:48:23.407728
2026-08-12 21:58:23,386 [INFO] [MainThread] [root/api.py:69]: Fetching new weather data at 2026-08-12 21:58:23.386402
2026-08-12 22:08:23,385 [INFO] [MainThread] [root/api.py:69]: Fetching new weather data at 2026-08-12 22:08:23.385157
2026-08-12 22:18:23,380 [INFO] [MainThread] [root/api.py:69]: Fetching new weather data at 2026-08-12 22:18:23.380595
2026-08-12 22:28:23,381 [INFO] [MainThread] [root/api.py:69]: Fetching new weather data at 2026-08-12 22:28:23.380956
2026-08-12 22:38:23,376 [INFO] [MainThread] [root/api.py:69]: Fetching new weather data at 2026-08-12 22:38:23.376883
2026-08-12 22:48:23,455 [INFO] [MainThread] [root/api.py:69]: Fetching new weather data at 2026-08-12 22:48:23.455394
2026-08-12 22:58:23,459 [INFO] [MainThread] [root/api.py:69]: Fetching new weather data at 2026-08-12 22:58:23.459153
2026-08-12 23:08:23,383 [INFO] [MainThread] [root/api.py:69]: Fetching new weather data at 2026-08-12 23:08:23.383874
2026-08-12 23:18:23,557 [INFO] [MainThread] [root/api.py:69]: Fetching new weather data at 2026-08-12 23:18:23.557737
2026-08-12 23:28:23,407 [INFO] [MainThread] [root/api.py:69]: Fetching new weather data at 2026-08-12 23:28:23.407174
2026-08-12 23:38:23,357 [INFO] [MainThread] [root/api.py:69]: Fetching new weather data at 2026-08-12 23:38:23.357866
2026-08-13 08:47:42,163 [INFO] [MainThread] [root/log.py:104]: YASB v2.0.6
2026-08-13 08:47:42,164 [INFO] [CLIPipeServer] [cli_server/cli_server.py:216]: CLI server started v1.1.7
2026-08-13 08:47:42,164 [INFO] [MainThread] [cli_server/cli_server.py:106]: Log pipe server started
2026-08-13 08:47:42,558 [INFO] [MainThread] [root/service.py:52]: AudioOutputService starting...
2026-08-13 08:47:42,786 [INFO] [MainThread] [root/bar_manager.py:103]: Starting SystemEventListener...
2026-08-13 08:47:42,788 [INFO] [MainThread] [root/watcher.py:65]: Watching directory: c:\users\erick\.config\yasb
2026-08-13 08:47:42,788 [INFO] [MainThread] [root/watcher.py:104]: Created file watcher
2026-08-13 08:47:42,860 [INFO] [MainThread] [root/update_service.py:434]: Background update checker started
2026-08-13 08:47:43,185 [INFO] [MainThread] [root/api.py:69]: Fetching new weather data at 2026-08-13 08:47:43.185928
Windows fatal exception: code 0x8001010d

Thread 0x000051cc [SystemEventListener] (most recent call first):
  File "D:\a\yasb\yasb\src\core\utils\win32\event_listener.py", line 69 in run

Thread 0x000051d4 [Thread-5] (most recent call first):
  File "C:\hostedtoolcache\windows\Python\3.14.6\x64\Lib\threading.py", line 369 in wait
  File "C:\hostedtoolcache\windows\Python\3.14.6\x64\Lib\queue.py", line 199 in get
  File "D:\a\yasb\yasb\venv\Lib\site-packages\watchdog\observers\api.py", line 379 in dispatch_events
  File "D:\a\yasb\yasb\venv\Lib\site-packages\watchdog\observers\api.py", line 213 in run
  File "C:\hostedtoolcache\windows\Python\3.14.6\x64\Lib\threading.py", line 1082 in _bootstrap_inner
  File "C:\hostedtoolcache\windows\Python\3.14.6\x64\Lib\threading.py", line 1044 in _bootstrap

Thread 0x000051d0 [Thread-6] (most recent call first):
  File "D:\a\yasb\yasb\venv\Lib\site-packages\watchdog\observers\winapi.py", line 326 in read_directory_changes
  File "D:\a\yasb\yasb\venv\Lib\site-packages\watchdog\observers\winapi.py", line 380 in read_events
  File "D:\a\yasb\yasb\venv\Lib\site-packages\watchdog\observers\read_directory_changes.py", line 67 in _read_events
  File "D:\a\yasb\yasb\venv\Lib\site-packages\watchdog\observers\read_directory_changes.py", line 70 in queue_events
  File "D:\a\yasb\yasb\venv\Lib\site-packages\watchdog\observers\api.py", line 158 in run
  File "C:\hostedtoolcache\windows\Python\3.14.6\x64\Lib\threading.py", line 1082 in _bootstrap_inner
  File "C:\hostedtoolcache\windows\Python\3.14.6\x64\Lib\threading.py", line 1044 in _bootstrap

Thread 0x00005160 [WiFiWorker] (most recent call first):
  File "C:\hostedtoolcache\windows\Python\3.14.6\x64\Lib\threading.py", line 373 in wait
  File "C:\hostedtoolcache\windows\Python\3.14.6\x64\Lib\threading.py", line 670 in wait
  File "D:\a\yasb\yasb\src\core\widgets\services\wifi\wifi_managers.py", line 160 in run

Thread 0x0000515c [MemoryWorker] (most recent call first):
  File "C:\hostedtoolcache\windows\Python\3.14.6\x64\Lib\threading.py", line 373 in wait
  File "C:\hostedtoolcache\windows\Python\3.14.6\x64\Lib\threading.py", line 670 in wait
  File "D:\a\yasb\yasb\src\core\widgets\services\memory\memory_api.py", line 247 in run

Thread 0x00005110 [_EventWorker] (most recent call first):
  File "D:\a\yasb\yasb\venv\Lib\site-packages\qasync\_windows.py", line 147 in _poll
  File "D:\a\yasb\yasb\venv\Lib\site-packages\qasync\_windows.py", line 72 in select
  File "D:\a\yasb\yasb\venv\Lib\site-packages\qasync\_windows.py", line 199 in run

Thread 0x000050dc [LogPipeServer] (most recent call first):
  File "D:\a\yasb\yasb\src\core\utils\win32\bindings\kernel32.py", line 291 in ConnectNamedPipe
  File "D:\a\yasb\yasb\src\core\utils\cli_server.py", line 138 in _run_server
  File "C:\hostedtoolcache\windows\Python\3.14.6\x64\Lib\threading.py", line 1024 in run
  File "C:\hostedtoolcache\windows\Python\3.14.6\x64\Lib\threading.py", line 1082 in _bootstrap_inner
  File "C:\hostedtoolcache\windows\Python\3.14.6\x64\Lib\threading.py", line 1044 in _bootstrap

Thread 0x000050d8 [CLIPipeServer] (most recent call first):
  File "D:\a\yasb\yasb\src\core\utils\win32\bindings\kernel32.py", line 291 in ConnectNamedPipe
  File "D:\a\yasb\yasb\src\core\utils\cli_server.py", line 235 in _run_server
  File "C:\hostedtoolcache\windows\Python\3.14.6\x64\Lib\threading.py", line 1024 in run
  File "C:\hostedtoolcache\windows\Python\3.14.6\x64\Lib\threading.py", line 1082 in _bootstrap_inner
  File "C:\hostedtoolcache\windows\Python\3.14.6\x64\Lib\threading.py", line 1044 in _bootstrap

Current thread 0x000050c0 (most recent call first):
  File "D:\a\yasb\yasb\venv\Lib\site-packages\qasync\__init__.py", line 404 in run_forever
  File "D:\a\yasb\yasb\venv\Lib\site-packages\qasync\__init__.py", line 428 in run_until_complete
  File "main.py", line 100 in main
  File "main.py", line 203 in <module>
  File "D:\a\yasb\yasb\venv\Lib\site-packages\freeze_core\initscripts\console.py", line 43 in run
  File "src/freeze_core/initscripts/__startup__.py", line 147 in run
2026-08-13 08:57:42,707 [INFO] [MainThread] [root/api.py:69]: Fetching new weather data at 2026-08-13 08:57:42.706960
2026-08-13 09:07:42,827 [INFO] [MainThread] [root/api.py:69]: Fetching new weather data at 2026-08-13 09:07:42.827037
2026-08-13 09:17:42,716 [INFO] [MainThread] [root/api.py:69]: Fetching new weather data at 2026-08-13 09:17:42.716782
2026-08-13 09:27:42,718 [INFO] [MainThread] [root/api.py:69]: Fetching new weather data at 2026-08-13 09:27:42.717968
2026-08-13 09:37:42,733 [INFO] [MainThread] [root/api.py:69]: Fetching new weather data at 2026-08-13 09:37:42.733052
2026-08-13 09:47:42,718 [INFO] [MainThread] [root/api.py:69]: Fetching new weather data at 2026-08-13 09:47:42.718722
2026-08-13 09:57:42,709 [INFO] [MainThread] [root/api.py:69]: Fetching new weather data at 2026-08-13 09:57:42.709036
2026-08-13 10:07:42,710 [INFO] [MainThread] [root/api.py:69]: Fetching new weather data at 2026-08-13 10:07:42.710946
2026-08-13 10:17:42,710 [INFO] [MainThread] [root/api.py:69]: Fetching new weather data at 2026-08-13 10:17:42.710620
2026-08-13 10:27:42,709 [INFO] [MainThread] [root/api.py:69]: Fetching new weather data at 2026-08-13 10:27:42.709563
2026-08-13 10:37:42,722 [INFO] [MainThread] [root/api.py:69]: Fetching new weather data at 2026-08-13 10:37:42.722204
2026-08-13 10:47:42,721 [INFO] [MainThread] [root/api.py:69]: Fetching new weather data at 2026-08-13 10:47:42.721762
2026-08-13 10:57:42,707 [INFO] [MainThread] [root/api.py:69]: Fetching new weather data at 2026-08-13 10:57:42.707430
2026-08-13 11:07:42,720 [INFO] [MainThread] [root/api.py:69]: Fetching new weather data at 2026-08-13 11:07:42.720141
2026-08-13 11:17:42,711 [INFO] [MainThread] [root/api.py:69]: Fetching new weather data at 2026-08-13 11:17:42.711945
2026-08-13 11:27:42,716 [INFO] [MainThread] [root/api.py:69]: Fetching new weather data at 2026-08-13 11:27:42.716422
2026-08-13 11:37:42,797 [INFO] [MainThread] [root/api.py:69]: Fetching new weather data at 2026-08-13 11:37:42.797133
2026-08-13 11:47:42,708 [INFO] [MainThread] [root/api.py:69]: Fetching new weather data at 2026-08-13 11:47:42.708505
2026-08-13 11:57:42,704 [INFO] [MainThread] [root/api.py:69]: Fetching new weather data at 2026-08-13 11:57:42.704284
2026-08-13 12:07:42,726 [INFO] [MainThread] [root/api.py:69]: Fetching new weather data at 2026-08-13 12:07:42.726101
2026-08-13 12:17:42,842 [INFO] [MainThread] [root/api.py:69]: Fetching new weather data at 2026-08-13 12:17:42.842884
2026-08-13 12:27:42,718 [INFO] [MainThread] [root/api.py:69]: Fetching new weather data at 2026-08-13 12:27:42.718084
Windows fatal exception: code 0x800706f7

Thread 0x000051cc [SystemEventListener] (most recent call first):
  File "D:\a\yasb\yasb\src\core\utils\win32\event_listener.py", line 69 in run

Thread 0x000051d4 [Thread-5] (most recent call first):
  File "C:\hostedtoolcache\windows\Python\3.14.6\x64\Lib\threading.py", line 369 in wait
  File "C:\hostedtoolcache\windows\Python\3.14.6\x64\Lib\queue.py", line 199 in get
  File "D:\a\yasb\yasb\venv\Lib\site-packages\watchdog\observers\api.py", line 379 in dispatch_events
  File "D:\a\yasb\yasb\venv\Lib\site-packages\watchdog\observers\api.py", line 213 in run
  File "C:\hostedtoolcache\windows\Python\3.14.6\x64\Lib\threading.py", line 1082 in _bootstrap_inner
  File "C:\hostedtoolcache\windows\Python\3.14.6\x64\Lib\threading.py", line 1044 in _bootstrap

Thread 0x000051d0 [Thread-6] (most recent call first):
  File "D:\a\yasb\yasb\venv\Lib\site-packages\watchdog\observers\winapi.py", line 326 in read_directory_changes
  File "D:\a\yasb\yasb\venv\Lib\site-packages\watchdog\observers\winapi.py", line 380 in read_events
  File "D:\a\yasb\yasb\venv\Lib\site-packages\watchdog\observers\read_directory_changes.py", line 67 in _read_events
  File "D:\a\yasb\yasb\venv\Lib\site-packages\watchdog\observers\read_directory_changes.py", line 70 in queue_events
  File "D:\a\yasb\yasb\venv\Lib\site-packages\watchdog\observers\api.py", line 158 in run
  File "C:\hostedtoolcache\windows\Python\3.14.6\x64\Lib\threading.py", line 1082 in _bootstrap_inner
  File "C:\hostedtoolcache\windows\Python\3.14.6\x64\Lib\threading.py", line 1044 in _bootstrap

Thread 0x00005160 [WiFiWorker] (most recent call first):
  File "C:\hostedtoolcache\windows\Python\3.14.6\x64\Lib\threading.py", line 373 in wait
  File "C:\hostedtoolcache\windows\Python\3.14.6\x64\Lib\threading.py", line 670 in wait
  File "D:\a\yasb\yasb\src\core\widgets\services\wifi\wifi_managers.py", line 160 in run

Thread 0x0000515c [MemoryWorker] (most recent call first):
  File "C:\hostedtoolcache\windows\Python\3.14.6\x64\Lib\threading.py", line 373 in wait
  File "C:\hostedtoolcache\windows\Python\3.14.6\x64\Lib\threading.py", line 670 in wait
  File "D:\a\yasb\yasb\src\core\widgets\services\memory\memory_api.py", line 247 in run

Thread 0x00005110 [_EventWorker] (most recent call first):
  File "D:\a\yasb\yasb\venv\Lib\site-packages\qasync\_windows.py", line 147 in _poll
  File "D:\a\yasb\yasb\venv\Lib\site-packages\qasync\_windows.py", line 72 in select
  File "D:\a\yasb\yasb\venv\Lib\site-packages\qasync\_windows.py", line 199 in run

Thread 0x000050dc [LogPipeServer] (most recent call first):
  File "D:\a\yasb\yasb\src\core\utils\win32\bindings\kernel32.py", line 291 in ConnectNamedPipe
  File "D:\a\yasb\yasb\src\core\utils\cli_server.py", line 138 in _run_server
  File "C:\hostedtoolcache\windows\Python\3.14.6\x64\Lib\threading.py", line 1024 in run
  File "C:\hostedtoolcache\windows\Python\3.14.6\x64\Lib\threading.py", line 1082 in _bootstrap_inner
  File "C:\hostedtoolcache\windows\Python\3.14.6\x64\Lib\threading.py", line 1044 in _bootstrap

Thread 0x000050d8 [CLIPipeServer] (most recent call first):
  File "D:\a\yasb\yasb\src\core\utils\win32\bindings\kernel32.py", line 291 in ConnectNamedPipe
  File "D:\a\yasb\yasb\src\core\utils\cli_server.py", line 235 in _run_server
  File "C:\hostedtoolcache\windows\Python\3.14.6\x64\Lib\threading.py", line 1024 in run
  File "C:\hostedtoolcache\windows\Python\3.14.6\x64\Lib\threading.py", line 1082 in _bootstrap_inner
  File "C:\hostedtoolcache\windows\Python\3.14.6\x64\Lib\threading.py", line 1044 in _bootstrap

Current thread 0x000050c0 (most recent call first):
  File "D:\a\yasb\yasb\src\core\widgets\yasb\active_window.py", line 337 in _update_window_title
  File "D:\a\yasb\yasb\src\core\widgets\yasb\active_window.py", line 237 in _on_focus_change_event
  File "D:\a\yasb\yasb\venv\Lib\site-packages\qasync\__init__.py", line 404 in run_forever
  File "D:\a\yasb\yasb\venv\Lib\site-packages\qasync\__init__.py", line 428 in run_until_complete
  File "main.py", line 100 in main
  File "main.py", line 203 in <module>
  File "D:\a\yasb\yasb\venv\Lib\site-packages\freeze_core\initscripts\console.py", line 43 in run
  File "src/freeze_core/initscripts/__startup__.py", line 147 in run
2026-08-13 12:37:42,899 [INFO] [MainThread] [root/api.py:69]: Fetching new weather data at 2026-08-13 12:37:42.894658
2026-08-13 12:47:42,717 [INFO] [MainThread] [root/api.py:69]: Fetching new weather data at 2026-08-13 12:47:42.717059
2026-08-13 12:57:42,707 [INFO] [MainThread] [root/api.py:69]: Fetching new weather data at 2026-08-13 12:57:42.707580
2026-08-13 13:05:46,135 [INFO] [MainThread] [root/bar_helper.py:594]: AppBarManager need to re-register 2 bars
2026-08-13 13:05:46,517 [INFO] [MainThread] [root/bar_helper.py:603]: Re-registered AppBar for primary-bar_24G50F_6ff49d0a (space reservation + fullscreen)
2026-08-13 13:05:46,651 [INFO] [MainThread] [root/bar_helper.py:603]: Re-registered AppBar for primary-bar_BenQ RL2755_a6b60a11 (space reservation + fullscreen)
2026-08-13 13:07:42,711 [INFO] [MainThread] [root/api.py:69]: Fetching new weather data at 2026-08-13 13:07:42.710898
2026-08-13 13:17:42,725 [INFO] [MainThread] [root/api.py:69]: Fetching new weather data at 2026-08-13 13:17:42.725685
2026-08-13 13:27:42,709 [INFO] [MainThread] [root/api.py:69]: Fetching new weather data at 2026-08-13 13:27:42.709398
2026-08-13 13:37:42,880 [INFO] [MainThread] [root/api.py:69]: Fetching new weather data at 2026-08-13 13:37:42.880696
2026-08-13 13:47:42,722 [INFO] [MainThread] [root/api.py:69]: Fetching new weather data at 2026-08-13 13:47:42.722651
2026-08-13 13:57:42,702 [INFO] [MainThread] [root/api.py:69]: Fetching new weather data at 2026-08-13 13:57:42.702415
2026-08-13 14:07:42,705 [INFO] [MainThread] [root/api.py:69]: Fetching new weather data at 2026-08-13 14:07:42.705801
2026-08-13 14:17:42,706 [INFO] [MainThread] [root/api.py:69]: Fetching new weather data at 2026-08-13 14:17:42.706354
2026-08-13 14:27:42,714 [INFO] [MainThread] [root/api.py:69]: Fetching new weather data at 2026-08-13 14:27:42.714426
2026-08-13 14:37:42,715 [INFO] [MainThread] [root/api.py:69]: Fetching new weather data at 2026-08-13 14:37:42.715277
2026-08-13 14:47:42,707 [INFO] [MainThread] [root/api.py:69]: Fetching new weather data at 2026-08-13 14:47:42.707935
2026-08-13 14:57:42,722 [INFO] [MainThread] [root/api.py:69]: Fetching new weather data at 2026-08-13 14:57:42.716920
2026-08-13 15:07:42,707 [INFO] [MainThread] [root/api.py:69]: Fetching new weather data at 2026-08-13 15:07:42.707640
2026-08-13 15:17:42,697 [INFO] [MainThread] [root/api.py:69]: Fetching new weather data at 2026-08-13 15:17:42.697616
2026-08-13 15:27:42,700 [INFO] [MainThread] [root/api.py:69]: Fetching new weather data at 2026-08-13 15:27:42.700352
2026-08-13 15:37:42,709 [INFO] [MainThread] [root/api.py:69]: Fetching new weather data at 2026-08-13 15:37:42.709455
2026-08-13 15:47:42,704 [INFO] [MainThread] [root/api.py:69]: Fetching new weather data at 2026-08-13 15:47:42.704387
2026-08-13 15:57:42,702 [INFO] [MainThread] [root/api.py:69]: Fetching new weather data at 2026-08-13 15:57:42.702382
2026-08-13 16:07:42,701 [INFO] [MainThread] [root/api.py:69]: Fetching new weather data at 2026-08-13 16:07:42.701462
2026-08-13 16:17:42,706 [INFO] [MainThread] [root/api.py:69]: Fetching new weather data at 2026-08-13 16:17:42.706361
2026-08-13 16:27:42,732 [INFO] [MainThread] [root/api.py:69]: Fetching new weather data at 2026-08-13 16:27:42.732522
2026-08-13 16:37:43,323 [INFO] [MainThread] [root/api.py:69]: Fetching new weather data at 2026-08-13 16:37:43.323533
2026-08-13 16:47:42,703 [INFO] [MainThread] [root/api.py:69]: Fetching new weather data at 2026-08-13 16:47:42.703621
2026-08-13 16:57:42,722 [INFO] [MainThread] [root/api.py:69]: Fetching new weather data at 2026-08-13 16:57:42.722491
2026-08-13 17:07:42,705 [INFO] [MainThread] [root/api.py:69]: Fetching new weather data at 2026-08-13 17:07:42.705328
2026-08-13 17:17:42,718 [INFO] [MainThread] [root/api.py:69]: Fetching new weather data at 2026-08-13 17:17:42.718649
2026-08-13 17:27:42,744 [INFO] [MainThread] [root/api.py:69]: Fetching new weather data at 2026-08-13 17:27:42.744240
2026-08-13 17:37:42,725 [INFO] [MainThread] [root/api.py:69]: Fetching new weather data at 2026-08-13 17:37:42.724994
2026-08-13 17:47:42,716 [INFO] [MainThread] [root/api.py:69]: Fetching new weather data at 2026-08-13 17:47:42.716372
2026-08-13 17:57:42,720 [INFO] [MainThread] [root/api.py:69]: Fetching new weather data at 2026-08-13 17:57:42.720670
2026-08-13 18:07:42,711 [INFO] [MainThread] [root/api.py:69]: Fetching new weather data at 2026-08-13 18:07:42.711715
2026-08-13 18:17:42,759 [INFO] [MainThread] [root/api.py:69]: Fetching new weather data at 2026-08-13 18:17:42.759041
2026-08-13 18:27:42,737 [INFO] [MainThread] [root/api.py:69]: Fetching new weather data at 2026-08-13 18:27:42.737631
2026-08-13 18:37:44,679 [INFO] [MainThread] [root/api.py:69]: Fetching new weather data at 2026-08-13 18:37:44.679390
2026-08-13 18:47:44,651 [INFO] [MainThread] [root/api.py:69]: Fetching new weather data at 2026-08-13 18:47:44.651729
2026-08-13 18:57:44,658 [INFO] [MainThread] [root/api.py:69]: Fetching new weather data at 2026-08-13 18:57:44.658091
2026-08-13 19:07:44,664 [INFO] [MainThread] [root/api.py:69]: Fetching new weather data at 2026-08-13 19:07:44.664275
2026-08-13 19:17:44,684 [INFO] [MainThread] [root/api.py:69]: Fetching new weather data at 2026-08-13 19:17:44.684445
2026-08-13 19:27:44,673 [INFO] [MainThread] [root/api.py:69]: Fetching new weather data at 2026-08-13 19:27:44.673559
2026-08-13 19:37:44,673 [INFO] [MainThread] [root/api.py:69]: Fetching new weather data at 2026-08-13 19:37:44.673324
2026-08-13 19:47:44,675 [INFO] [MainThread] [root/api.py:69]: Fetching new weather data at 2026-08-13 19:47:44.674928
2026-08-13 19:57:44,666 [INFO] [MainThread] [root/api.py:69]: Fetching new weather data at 2026-08-13 19:57:44.666188
2026-08-13 20:07:44,676 [INFO] [MainThread] [root/api.py:69]: Fetching new weather data at 2026-08-13 20:07:44.676459
2026-08-13 20:17:44,678 [INFO] [MainThread] [root/api.py:69]: Fetching new weather data at 2026-08-13 20:17:44.677961
2026-08-13 20:27:44,706 [INFO] [MainThread] [root/api.py:69]: Fetching new weather data at 2026-08-13 20:27:44.706650
2026-08-13 20:37:44,677 [INFO] [MainThread] [root/api.py:69]: Fetching new weather data at 2026-08-13 20:37:44.677312
2026-08-13 20:47:44,670 [INFO] [MainThread] [root/api.py:69]: Fetching new weather data at 2026-08-13 20:47:44.670224
2026-08-13 20:57:44,661 [INFO] [MainThread] [root/api.py:69]: Fetching new weather data at 2026-08-13 20:57:44.661801
2026-08-13 21:07:44,672 [INFO] [MainThread] [root/api.py:69]: Fetching new weather data at 2026-08-13 21:07:44.672456
2026-08-13 21:17:44,676 [INFO] [MainThread] [root/api.py:69]: Fetching new weather data at 2026-08-13 21:17:44.676765
2026-08-13 21:27:44,702 [INFO] [MainThread] [root/api.py:69]: Fetching new weather data at 2026-08-13 21:27:44.702111
2026-08-13 21:37:44,694 [INFO] [MainThread] [root/api.py:69]: Fetching new weather data at 2026-08-13 21:37:44.694945
2026-08-13 21:47:44,670 [INFO] [MainThread] [root/api.py:69]: Fetching new weather data at 2026-08-13 21:47:44.670470
2026-08-13 21:57:44,671 [INFO] [MainThread] [root/api.py:69]: Fetching new weather data at 2026-08-13 21:57:44.671729
2026-08-13 22:07:44,663 [INFO] [MainThread] [root/api.py:69]: Fetching new weather data at 2026-08-13 22:07:44.663401
2026-08-13 22:17:44,666 [INFO] [MainThread] [root/api.py:69]: Fetching new weather data at 2026-08-13 22:17:44.666918
2026-08-13 22:27:44,673 [INFO] [MainThread] [root/api.py:69]: Fetching new weather data at 2026-08-13 22:27:44.673445
2026-08-13 22:37:44,661 [INFO] [MainThread] [root/api.py:69]: Fetching new weather data at 2026-08-13 22:37:44.661569
2026-08-13 22:47:44,823 [INFO] [MainThread] [root/api.py:69]: Fetching new weather data at 2026-08-13 22:47:44.823717
2026-08-13 22:57:44,672 [INFO] [MainThread] [root/api.py:69]: Fetching new weather data at 2026-08-13 22:57:44.672228
2026-08-13 23:07:44,665 [INFO] [MainThread] [root/api.py:69]: Fetching new weather data at 2026-08-13 23:07:44.665490
2026-08-13 23:17:44,664 [INFO] [MainThread] [root/api.py:69]: Fetching new weather data at 2026-08-13 23:17:44.664767
2026-08-13 23:27:44,703 [INFO] [MainThread] [root/api.py:69]: Fetching new weather data at 2026-08-13 23:27:44.703594
2026-08-13 23:37:44,684 [INFO] [MainThread] [root/api.py:69]: Fetching new weather data at 2026-08-13 23:37:44.684117
2026-08-13 23:47:44,662 [INFO] [MainThread] [root/api.py:69]: Fetching new weather data at 2026-08-13 23:47:44.662402
2026-08-13 23:57:44,671 [INFO] [MainThread] [root/api.py:69]: Fetching new weather data at 2026-08-13 23:57:44.671634
2026-08-14 00:07:44,661 [INFO] [MainThread] [root/api.py:69]: Fetching new weather data at 2026-08-14 00:07:44.661889
2026-08-14 00:17:44,671 [INFO] [MainThread] [root/api.py:69]: Fetching new weather data at 2026-08-14 00:17:44.671147
2026-08-14 00:27:44,659 [INFO] [MainThread] [root/api.py:69]: Fetching new weather data at 2026-08-14 00:27:44.659195
2026-08-14 00:37:44,789 [INFO] [MainThread] [root/api.py:69]: Fetching new weather data at 2026-08-14 00:37:44.789582
2026-08-14 00:47:44,702 [INFO] [MainThread] [root/api.py:69]: Fetching new weather data at 2026-08-14 00:47:44.702528
2026-08-14 00:57:44,659 [INFO] [MainThread] [root/api.py:69]: Fetching new weather data at 2026-08-14 00:57:44.659803
2026-08-14 00:58:10,997 [INFO] [MainThread] [root/bar_manager.py:119]: Stopping SystemEventListener...
2026-08-14 06:27:57,348 [INFO] [MainThread] [root/log.py:104]: YASB v2.0.6
2026-08-14 06:27:57,349 [INFO] [CLIPipeServer] [cli_server/cli_server.py:216]: CLI server started v1.1.7
2026-08-14 06:27:57,349 [INFO] [MainThread] [cli_server/cli_server.py:106]: Log pipe server started
2026-08-14 06:27:57,834 [INFO] [MainThread] [root/service.py:52]: AudioOutputService starting...
2026-08-14 06:27:58,074 [INFO] [MainThread] [root/bar_manager.py:103]: Starting SystemEventListener...
2026-08-14 06:27:58,075 [INFO] [MainThread] [root/watcher.py:65]: Watching directory: c:\users\erick\.config\yasb
2026-08-14 06:27:58,075 [INFO] [MainThread] [root/watcher.py:104]: Created file watcher
2026-08-14 06:27:58,107 [INFO] [MainThread] [root/update_service.py:434]: Background update checker started
2026-08-14 06:27:58,509 [INFO] [MainThread] [root/api.py:69]: Fetching new weather data at 2026-08-14 06:27:58.509808
Windows fatal exception: code 0x8001010d

Thread 0x00004ae4 [Thread-5] (most recent call first):
  File "C:\hostedtoolcache\windows\Python\3.14.6\x64\Lib\threading.py", line 369 in wait
  File "C:\hostedtoolcache\windows\Python\3.14.6\x64\Lib\queue.py", line 199 in get
  File "D:\a\yasb\yasb\venv\Lib\site-packages\watchdog\observers\api.py", line 379 in dispatch_events
  File "D:\a\yasb\yasb\venv\Lib\site-packages\watchdog\observers\api.py", line 213 in run
  File "C:\hostedtoolcache\windows\Python\3.14.6\x64\Lib\threading.py", line 1082 in _bootstrap_inner
  File "C:\hostedtoolcache\windows\Python\3.14.6\x64\Lib\threading.py", line 1044 in _bootstrap

Thread 0x00002e1c [SystemEventListener] (most recent call first):
  File "D:\a\yasb\yasb\src\core\utils\win32\event_listener.py", line 69 in run

Thread 0x000021bc [Thread-6] (most recent call first):
  File "D:\a\yasb\yasb\venv\Lib\site-packages\watchdog\observers\winapi.py", line 326 in read_directory_changes
  File "D:\a\yasb\yasb\venv\Lib\site-packages\watchdog\observers\winapi.py", line 380 in read_events
  File "D:\a\yasb\yasb\venv\Lib\site-packages\watchdog\observers\read_directory_changes.py", line 67 in _read_events
  File "D:\a\yasb\yasb\venv\Lib\site-packages\watchdog\observers\read_directory_changes.py", line 70 in queue_events
  File "D:\a\yasb\yasb\venv\Lib\site-packages\watchdog\observers\api.py", line 158 in run
  File "C:\hostedtoolcache\windows\Python\3.14.6\x64\Lib\threading.py", line 1082 in _bootstrap_inner
  File "C:\hostedtoolcache\windows\Python\3.14.6\x64\Lib\threading.py", line 1044 in _bootstrap

Thread 0x000049e8 [WiFiWorker] (most recent call first):
  File "C:\hostedtoolcache\windows\Python\3.14.6\x64\Lib\threading.py", line 373 in wait
  File "C:\hostedtoolcache\windows\Python\3.14.6\x64\Lib\threading.py", line 670 in wait
  File "D:\a\yasb\yasb\src\core\widgets\services\wifi\wifi_managers.py", line 160 in run

Thread 0x00004b48 [MemoryWorker] (most recent call first):
  File "C:\hostedtoolcache\windows\Python\3.14.6\x64\Lib\threading.py", line 373 in wait
  File "C:\hostedtoolcache\windows\Python\3.14.6\x64\Lib\threading.py", line 670 in wait
  File "D:\a\yasb\yasb\src\core\widgets\services\memory\memory_api.py", line 247 in run

Thread 0x000015a4 [_EventWorker] (most recent call first):
  File "D:\a\yasb\yasb\venv\Lib\site-packages\qasync\_windows.py", line 147 in _poll
  File "D:\a\yasb\yasb\venv\Lib\site-packages\qasync\_windows.py", line 72 in select
  File "D:\a\yasb\yasb\venv\Lib\site-packages\qasync\_windows.py", line 199 in run

Thread 0x00004908 [LogPipeServer] (most recent call first):
  File "D:\a\yasb\yasb\src\core\utils\win32\bindings\kernel32.py", line 291 in ConnectNamedPipe
  File "D:\a\yasb\yasb\src\core\utils\cli_server.py", line 138 in _run_server
  File "C:\hostedtoolcache\windows\Python\3.14.6\x64\Lib\threading.py", line 1024 in run
  File "C:\hostedtoolcache\windows\Python\3.14.6\x64\Lib\threading.py", line 1082 in _bootstrap_inner
  File "C:\hostedtoolcache\windows\Python\3.14.6\x64\Lib\threading.py", line 1044 in _bootstrap

Thread 0x00004ab4 [CLIPipeServer] (most recent call first):
  File "D:\a\yasb\yasb\src\core\utils\win32\bindings\kernel32.py", line 291 in ConnectNamedPipe
  File "D:\a\yasb\yasb\src\core\utils\cli_server.py", line 235 in _run_server
  File "C:\hostedtoolcache\windows\Python\3.14.6\x64\Lib\threading.py", line 1024 in run
  File "C:\hostedtoolcache\windows\Python\3.14.6\x64\Lib\threading.py", line 1082 in _bootstrap_inner
  File "C:\hostedtoolcache\windows\Python\3.14.6\x64\Lib\threading.py", line 1044 in _bootstrap

Current thread 0x0000485c (most recent call first):
  File "D:\a\yasb\yasb\venv\Lib\site-packages\qasync\__init__.py", line 404 in run_forever
  File "D:\a\yasb\yasb\venv\Lib\site-packages\qasync\__init__.py", line 428 in run_until_complete
  File "main.py", line 100 in main
  File "main.py", line 203 in <module>
  File "D:\a\yasb\yasb\venv\Lib\site-packages\freeze_core\initscripts\console.py", line 43 in run
  File "src/freeze_core/initscripts/__startup__.py", line 147 in run
Windows fatal exception: code 0x800706f7

Thread 0x00004ae4 [Thread-5] (most recent call first):
  File "C:\hostedtoolcache\windows\Python\3.14.6\x64\Lib\threading.py", line 369 in wait
  File "C:\hostedtoolcache\windows\Python\3.14.6\x64\Lib\queue.py", line 199 in get
  File "D:\a\yasb\yasb\venv\Lib\site-packages\watchdog\observers\api.py", line 379 in dispatch_events
  File "D:\a\yasb\yasb\venv\Lib\site-packages\watchdog\observers\api.py", line 213 in run
  File "C:\hostedtoolcache\windows\Python\3.14.6\x64\Lib\threading.py", line 1082 in _bootstrap_inner
  File "C:\hostedtoolcache\windows\Python\3.14.6\x64\Lib\threading.py", line 1044 in _bootstrap

Thread 0x00002e1c [SystemEventListener] (most recent call first):
  File "D:\a\yasb\yasb\src\core\utils\win32\event_listener.py", line 69 in run

Thread 0x000021bc [Thread-6] (most recent call first):
  File "D:\a\yasb\yasb\venv\Lib\site-packages\watchdog\observers\winapi.py", line 326 in read_directory_changes
  File "D:\a\yasb\yasb\venv\Lib\site-packages\watchdog\observers\winapi.py", line 380 in read_events
  File "D:\a\yasb\yasb\venv\Lib\site-packages\watchdog\observers\read_directory_changes.py", line 67 in _read_events
  File "D:\a\yasb\yasb\venv\Lib\site-packages\watchdog\observers\read_directory_changes.py", line 70 in queue_events
  File "D:\a\yasb\yasb\venv\Lib\site-packages\watchdog\observers\api.py", line 158 in run
  File "C:\hostedtoolcache\windows\Python\3.14.6\x64\Lib\threading.py", line 1082 in _bootstrap_inner
  File "C:\hostedtoolcache\windows\Python\3.14.6\x64\Lib\threading.py", line 1044 in _bootstrap

Thread 0x000049e8 [WiFiWorker] (most recent call first):
  File "C:\hostedtoolcache\windows\Python\3.14.6\x64\Lib\threading.py", line 373 in wait
  File "C:\hostedtoolcache\windows\Python\3.14.6\x64\Lib\threading.py", line 670 in wait
  File "D:\a\yasb\yasb\src\core\widgets\services\wifi\wifi_managers.py", line 160 in run

Thread 0x00004b48 [MemoryWorker] (most recent call first):
  File "C:\hostedtoolcache\windows\Python\3.14.6\x64\Lib\threading.py", line 373 in wait
  File "C:\hostedtoolcache\windows\Python\3.14.6\x64\Lib\threading.py", line 670 in wait
  File "D:\a\yasb\yasb\src\core\widgets\services\memory\memory_api.py", line 247 in run

Thread 0x000015a4 [_EventWorker] (most recent call first):
  File "D:\a\yasb\yasb\venv\Lib\site-packages\qasync\_windows.py", line 147 in _poll
  File "D:\a\yasb\yasb\venv\Lib\site-packages\qasync\_windows.py", line 72 in select
  File "D:\a\yasb\yasb\venv\Lib\site-packages\qasync\_windows.py", line 199 in run

Thread 0x00004908 [LogPipeServer] (most recent call first):
  File "D:\a\yasb\yasb\src\core\utils\win32\bindings\kernel32.py", line 291 in ConnectNamedPipe
  File "D:\a\yasb\yasb\src\core\utils\cli_server.py", line 138 in _run_server
  File "C:\hostedtoolcache\windows\Python\3.14.6\x64\Lib\threading.py", line 1024 in run
  File "C:\hostedtoolcache\windows\Python\3.14.6\x64\Lib\threading.py", line 1082 in _bootstrap_inner
  File "C:\hostedtoolcache\windows\Python\3.14.6\x64\Lib\threading.py", line 1044 in _bootstrap

Thread 0x00004ab4 [CLIPipeServer] (most recent call first):
  File "D:\a\yasb\yasb\src\core\utils\win32\bindings\kernel32.py", line 291 in ConnectNamedPipe
  File "D:\a\yasb\yasb\src\core\utils\cli_server.py", line 235 in _run_server
  File "C:\hostedtoolcache\windows\Python\3.14.6\x64\Lib\threading.py", line 1024 in run
  File "C:\hostedtoolcache\windows\Python\3.14.6\x64\Lib\threading.py", line 1082 in _bootstrap_inner
  File "C:\hostedtoolcache\windows\Python\3.14.6\x64\Lib\threading.py", line 1044 in _bootstrap

Current thread 0x0000485c (most recent call first):
  File "D:\a\yasb\yasb\src\core\widgets\yasb\active_window.py", line 337 in _update_window_title
  File "D:\a\yasb\yasb\src\core\widgets\yasb\active_window.py", line 237 in _on_focus_change_event
  File "D:\a\yasb\yasb\venv\Lib\site-packages\qasync\__init__.py", line 404 in run_forever
  File "D:\a\yasb\yasb\venv\Lib\site-packages\qasync\__init__.py", line 428 in run_until_complete
  File "main.py", line 100 in main
  File "main.py", line 203 in <module>
  File "D:\a\yasb\yasb\venv\Lib\site-packages\freeze_core\initscripts\console.py", line 43 in run
  File "src/freeze_core/initscripts/__startup__.py", line 147 in run
2026-08-14 06:37:57,999 [INFO] [MainThread] [root/api.py:69]: Fetching new weather data at 2026-08-14 06:37:57.999857
2026-08-14 06:47:58,077 [INFO] [MainThread] [root/api.py:69]: Fetching new weather data at 2026-08-14 06:47:58.077755
2026-08-14 06:57:57,964 [INFO] [MainThread] [root/api.py:69]: Fetching new weather data at 2026-08-14 06:57:57.964539
2026-08-14 07:07:58,113 [INFO] [MainThread] [root/api.py:69]: Fetching new weather data at 2026-08-14 07:07:58.113300
2026-08-14 07:17:58,061 [INFO] [MainThread] [root/api.py:69]: Fetching new weather data at 2026-08-14 07:17:58.061278
2026-08-14 07:27:57,948 [INFO] [MainThread] [root/api.py:69]: Fetching new weather data at 2026-08-14 07:27:57.948021
2026-08-14 07:37:58,082 [INFO] [MainThread] [root/api.py:69]: Fetching new weather data at 2026-08-14 07:37:58.081976
2026-08-14 07:47:57,950 [INFO] [MainThread] [root/api.py:69]: Fetching new weather data at 2026-08-14 07:47:57.950867
2026-08-14 07:57:57,968 [INFO] [MainThread] [root/api.py:69]: Fetching new weather data at 2026-08-14 07:57:57.968596
2026-08-14 08:07:58,006 [INFO] [MainThread] [root/api.py:69]: Fetching new weather data at 2026-08-14 08:07:58.006715
2026-08-14 08:17:57,956 [INFO] [MainThread] [root/api.py:69]: Fetching new weather data at 2026-08-14 08:17:57.956038
2026-08-14 08:27:57,966 [INFO] [MainThread] [root/api.py:69]: Fetching new weather data at 2026-08-14 08:27:57.966928
2026-08-14 08:37:57,973 [INFO] [MainThread] [root/api.py:69]: Fetching new weather data at 2026-08-14 08:37:57.973534
2026-08-14 08:47:57,958 [INFO] [MainThread] [root/api.py:69]: Fetching new weather data at 2026-08-14 08:47:57.958461
2026-08-14 08:57:57,972 [INFO] [MainThread] [root/api.py:69]: Fetching new weather data at 2026-08-14 08:57:57.972307
2026-08-14 09:07:57,958 [INFO] [MainThread] [root/api.py:69]: Fetching new weather data at 2026-08-14 09:07:57.958461
2026-08-14 09:17:57,986 [INFO] [MainThread] [root/api.py:69]: Fetching new weather data at 2026-08-14 09:17:57.986071
2026-08-14 09:27:57,966 [INFO] [MainThread] [root/api.py:69]: Fetching new weather data at 2026-08-14 09:27:57.966796
2026-08-14 09:37:57,966 [INFO] [MainThread] [root/api.py:69]: Fetching new weather data at 2026-08-14 09:37:57.966536
2026-08-14 09:47:57,960 [INFO] [MainThread] [root/api.py:69]: Fetching new weather data at 2026-08-14 09:47:57.960345
2026-08-14 09:57:57,966 [INFO] [MainThread] [root/api.py:69]: Fetching new weather data at 2026-08-14 09:57:57.966316
2026-08-14 10:07:57,966 [INFO] [MainThread] [root/api.py:69]: Fetching new weather data at 2026-08-14 10:07:57.966680
2026-08-14 10:17:57,956 [INFO] [MainThread] [root/api.py:69]: Fetching new weather data at 2026-08-14 10:17:57.956707
2026-08-14 10:27:57,951 [INFO] [MainThread] [root/api.py:69]: Fetching new weather data at 2026-08-14 10:27:57.951325
2026-08-14 10:37:57,966 [INFO] [MainThread] [root/api.py:69]: Fetching new weather data at 2026-08-14 10:37:57.966304
2026-08-14 10:47:58,129 [INFO] [MainThread] [root/api.py:69]: Fetching new weather data at 2026-08-14 10:47:58.129915
2026-08-14 10:57:57,957 [INFO] [MainThread] [root/api.py:69]: Fetching new weather data at 2026-08-14 10:57:57.956762
2026-08-14 11:07:57,980 [INFO] [MainThread] [root/api.py:69]: Fetching new weather data at 2026-08-14 11:07:57.980262
2026-08-14 11:17:57,986 [INFO] [MainThread] [root/api.py:69]: Fetching new weather data at 2026-08-14 11:17:57.983381
2026-08-14 11:27:57,964 [INFO] [MainThread] [root/api.py:69]: Fetching new weather data at 2026-08-14 11:27:57.963896
2026-08-14 11:37:57,988 [INFO] [MainThread] [root/api.py:69]: Fetching new weather data at 2026-08-14 11:37:57.983629
2026-08-14 11:47:58,085 [INFO] [MainThread] [root/api.py:69]: Fetching new weather data at 2026-08-14 11:47:58.085033
2026-08-14 11:57:57,960 [INFO] [MainThread] [root/api.py:69]: Fetching new weather data at 2026-08-14 11:57:57.960002
2026-08-14 12:07:57,968 [INFO] [MainThread] [root/api.py:69]: Fetching new weather data at 2026-08-14 12:07:57.968123
Windows fatal exception: code 0x800706f7

Thread 0x00004ae4 [Thread-5] (most recent call first):
  File "C:\hostedtoolcache\windows\Python\3.14.6\x64\Lib\threading.py", line 369 in wait
  File "C:\hostedtoolcache\windows\Python\3.14.6\x64\Lib\queue.py", line 199 in get
  File "D:\a\yasb\yasb\venv\Lib\site-packages\watchdog\observers\api.py", line 379 in dispatch_events
  File "D:\a\yasb\yasb\venv\Lib\site-packages\watchdog\observers\api.py", line 213 in run
  File "C:\hostedtoolcache\windows\Python\3.14.6\x64\Lib\threading.py", line 1082 in _bootstrap_inner
  File "C:\hostedtoolcache\windows\Python\3.14.6\x64\Lib\threading.py", line 1044 in _bootstrap

Thread 0x00002e1c [SystemEventListener] (most recent call first):
  File "D:\a\yasb\yasb\src\core\utils\win32\event_listener.py", line 69 in run

Thread 0x000021bc [Thread-6] (most recent call first):
  File "D:\a\yasb\yasb\venv\Lib\site-packages\watchdog\observers\winapi.py", line 326 in read_directory_changes
  File "D:\a\yasb\yasb\venv\Lib\site-packages\watchdog\observers\winapi.py", line 380 in read_events
  File "D:\a\yasb\yasb\venv\Lib\site-packages\watchdog\observers\read_directory_changes.py", line 67 in _read_events
  File "D:\a\yasb\yasb\venv\Lib\site-packages\watchdog\observers\read_directory_changes.py", line 70 in queue_events
  File "D:\a\yasb\yasb\venv\Lib\site-packages\watchdog\observers\api.py", line 158 in run
  File "C:\hostedtoolcache\windows\Python\3.14.6\x64\Lib\threading.py", line 1082 in _bootstrap_inner
  File "C:\hostedtoolcache\windows\Python\3.14.6\x64\Lib\threading.py", line 1044 in _bootstrap

Thread 0x000049e8 [WiFiWorker] (most recent call first):
  File "C:\hostedtoolcache\windows\Python\3.14.6\x64\Lib\threading.py", line 373 in wait
  File "C:\hostedtoolcache\windows\Python\3.14.6\x64\Lib\threading.py", line 670 in wait
  File "D:\a\yasb\yasb\src\core\widgets\services\wifi\wifi_managers.py", line 160 in run

Thread 0x00004b48 [MemoryWorker] (most recent call first):
  File "C:\hostedtoolcache\windows\Python\3.14.6\x64\Lib\threading.py", line 373 in wait
  File "C:\hostedtoolcache\windows\Python\3.14.6\x64\Lib\threading.py", line 670 in wait
  File "D:\a\yasb\yasb\src\core\widgets\services\memory\memory_api.py", line 247 in run

Thread 0x000015a4 [_EventWorker] (most recent call first):
  File "D:\a\yasb\yasb\venv\Lib\site-packages\qasync\_windows.py", line 147 in _poll
  File "D:\a\yasb\yasb\venv\Lib\site-packages\qasync\_windows.py", line 72 in select
  File "D:\a\yasb\yasb\venv\Lib\site-packages\qasync\_windows.py", line 199 in run

Thread 0x00004908 [LogPipeServer] (most recent call first):
  File "D:\a\yasb\yasb\src\core\utils\win32\bindings\kernel32.py", line 291 in ConnectNamedPipe
  File "D:\a\yasb\yasb\src\core\utils\cli_server.py", line 138 in _run_server
  File "C:\hostedtoolcache\windows\Python\3.14.6\x64\Lib\threading.py", line 1024 in run
  File "C:\hostedtoolcache\windows\Python\3.14.6\x64\Lib\threading.py", line 1082 in _bootstrap_inner
  File "C:\hostedtoolcache\windows\Python\3.14.6\x64\Lib\threading.py", line 1044 in _bootstrap

Thread 0x00004ab4 [CLIPipeServer] (most recent call first):
  File "D:\a\yasb\yasb\src\core\utils\win32\bindings\kernel32.py", line 291 in ConnectNamedPipe
  File "D:\a\yasb\yasb\src\core\utils\cli_server.py", line 235 in _run_server
  File "C:\hostedtoolcache\windows\Python\3.14.6\x64\Lib\threading.py", line 1024 in run
  File "C:\hostedtoolcache\windows\Python\3.14.6\x64\Lib\threading.py", line 1082 in _bootstrap_inner
  File "C:\hostedtoolcache\windows\Python\3.14.6\x64\Lib\threading.py", line 1044 in _bootstrap

Current thread 0x0000485c (most recent call first):
  File "D:\a\yasb\yasb\src\core\widgets\yasb\active_window.py", line 337 in _update_window_title
  File "D:\a\yasb\yasb\src\core\widgets\yasb\active_window.py", line 237 in _on_focus_change_event
  File "D:\a\yasb\yasb\venv\Lib\site-packages\qasync\__init__.py", line 404 in run_forever
  File "D:\a\yasb\yasb\venv\Lib\site-packages\qasync\__init__.py", line 428 in run_until_complete
  File "main.py", line 100 in main
  File "main.py", line 203 in <module>
  File "D:\a\yasb\yasb\venv\Lib\site-packages\freeze_core\initscripts\console.py", line 43 in run
  File "src/freeze_core/initscripts/__startup__.py", line 147 in run
2026-08-14 12:17:58,140 [INFO] [MainThread] [root/api.py:69]: Fetching new weather data at 2026-08-14 12:17:58.139958
2026-08-14 12:27:58,150 [INFO] [MainThread] [root/api.py:69]: Fetching new weather data at 2026-08-14 12:27:58.150313
2026-08-14 12:37:57,963 [INFO] [MainThread] [root/api.py:69]: Fetching new weather data at 2026-08-14 12:37:57.963070
2026-08-14 12:47:57,960 [INFO] [MainThread] [root/api.py:69]: Fetching new weather data at 2026-08-14 12:47:57.960008
2026-08-14 12:57:57,953 [INFO] [MainThread] [root/api.py:69]: Fetching new weather data at 2026-08-14 12:57:57.953421
2026-08-14 13:07:57,964 [INFO] [MainThread] [root/api.py:69]: Fetching new weather data at 2026-08-14 13:07:57.964752
2026-08-14 13:17:57,962 [INFO] [MainThread] [root/api.py:69]: Fetching new weather data at 2026-08-14 13:17:57.962781
2026-08-14 13:27:58,125 [INFO] [MainThread] [root/api.py:69]: Fetching new weather data at 2026-08-14 13:27:58.125131
2026-08-14 13:37:57,959 [INFO] [MainThread] [root/api.py:69]: Fetching new weather data at 2026-08-14 13:37:57.959743
2026-08-14 13:47:57,960 [INFO] [MainThread] [root/api.py:69]: Fetching new weather data at 2026-08-14 13:47:57.960667
2026-08-14 13:57:57,970 [INFO] [MainThread] [root/api.py:69]: Fetching new weather data at 2026-08-14 13:57:57.969985
2026-08-14 14:07:58,099 [INFO] [MainThread] [root/api.py:69]: Fetching new weather data at 2026-08-14 14:07:58.099553
2026-08-14 14:17:57,951 [INFO] [MainThread] [root/api.py:69]: Fetching new weather data at 2026-08-14 14:17:57.951787
2026-08-14 14:27:58,124 [INFO] [MainThread] [root/api.py:69]: Fetching new weather data at 2026-08-14 14:27:58.124397
2026-08-14 14:37:57,950 [INFO] [MainThread] [root/api.py:69]: Fetching new weather data at 2026-08-14 14:37:57.950035
2026-08-14 14:47:57,969 [INFO] [MainThread] [root/api.py:69]: Fetching new weather data at 2026-08-14 14:47:57.969941
2026-08-14 14:57:57,966 [INFO] [MainThread] [root/api.py:69]: Fetching new weather data at 2026-08-14 14:57:57.966064
2026-08-14 15:07:57,962 [INFO] [MainThread] [root/api.py:69]: Fetching new weather data at 2026-08-14 15:07:57.962157
2026-08-14 15:17:57,963 [INFO] [MainThread] [root/api.py:69]: Fetching new weather data at 2026-08-14 15:17:57.963739
2026-08-14 15:27:57,954 [INFO] [MainThread] [root/api.py:69]: Fetching new weather data at 2026-08-14 15:27:57.954286
Windows fatal exception: code 0x800706f7

Thread 0x00004ae4 [Thread-5] (most recent call first):
  File "C:\hostedtoolcache\windows\Python\3.14.6\x64\Lib\threading.py", line 369 in wait
  File "C:\hostedtoolcache\windows\Python\3.14.6\x64\Lib\queue.py", line 199 in get
  File "D:\a\yasb\yasb\venv\Lib\site-packages\watchdog\observers\api.py", line 379 in dispatch_events
  File "D:\a\yasb\yasb\venv\Lib\site-packages\watchdog\observers\api.py", line 213 in run
  File "C:\hostedtoolcache\windows\Python\3.14.6\x64\Lib\threading.py", line 1082 in _bootstrap_inner
  File "C:\hostedtoolcache\windows\Python\3.14.6\x64\Lib\threading.py", line 1044 in _bootstrap

Thread 0x00002e1c [SystemEventListener] (most recent call first):
  File "D:\a\yasb\yasb\src\core\utils\win32\event_listener.py", line 69 in run

Thread 0x000021bc [Thread-6] (most recent call first):
  File "D:\a\yasb\yasb\venv\Lib\site-packages\watchdog\observers\winapi.py", line 326 in read_directory_changes
  File "D:\a\yasb\yasb\venv\Lib\site-packages\watchdog\observers\winapi.py", line 380 in read_events
  File "D:\a\yasb\yasb\venv\Lib\site-packages\watchdog\observers\read_directory_changes.py", line 67 in _read_events
  File "D:\a\yasb\yasb\venv\Lib\site-packages\watchdog\observers\read_directory_changes.py", line 70 in queue_events
  File "D:\a\yasb\yasb\venv\Lib\site-packages\watchdog\observers\api.py", line 158 in run
  File "C:\hostedtoolcache\windows\Python\3.14.6\x64\Lib\threading.py", line 1082 in _bootstrap_inner
  File "C:\hostedtoolcache\windows\Python\3.14.6\x64\Lib\threading.py", line 1044 in _bootstrap

Thread 0x000049e8 [WiFiWorker] (most recent call first):
  File "C:\hostedtoolcache\windows\Python\3.14.6\x64\Lib\threading.py", line 373 in wait
  File "C:\hostedtoolcache\windows\Python\3.14.6\x64\Lib\threading.py", line 670 in wait
  File "D:\a\yasb\yasb\src\core\widgets\services\wifi\wifi_managers.py", line 160 in run

Thread 0x00004b48 [MemoryWorker] (most recent call first):
  File "C:\hostedtoolcache\windows\Python\3.14.6\x64\Lib\threading.py", line 373 in wait
  File "C:\hostedtoolcache\windows\Python\3.14.6\x64\Lib\threading.py", line 670 in wait
  File "D:\a\yasb\yasb\src\core\widgets\services\memory\memory_api.py", line 247 in run

Thread 0x000015a4 [_EventWorker] (most recent call first):
  File "D:\a\yasb\yasb\venv\Lib\site-packages\qasync\_windows.py", line 147 in _poll
  File "D:\a\yasb\yasb\venv\Lib\site-packages\qasync\_windows.py", line 72 in select
  File "D:\a\yasb\yasb\venv\Lib\site-packages\qasync\_windows.py", line 199 in run

Thread 0x00004908 [LogPipeServer] (most recent call first):
  File "D:\a\yasb\yasb\src\core\utils\win32\bindings\kernel32.py", line 291 in ConnectNamedPipe
  File "D:\a\yasb\yasb\src\core\utils\cli_server.py", line 138 in _run_server
  File "C:\hostedtoolcache\windows\Python\3.14.6\x64\Lib\threading.py", line 1024 in run
  File "C:\hostedtoolcache\windows\Python\3.14.6\x64\Lib\threading.py", line 1082 in _bootstrap_inner
  File "C:\hostedtoolcache\windows\Python\3.14.6\x64\Lib\threading.py", line 1044 in _bootstrap

Thread 0x00004ab4 [CLIPipeServer] (most recent call first):
  File "D:\a\yasb\yasb\src\core\utils\win32\bindings\kernel32.py", line 291 in ConnectNamedPipe
  File "D:\a\yasb\yasb\src\core\utils\cli_server.py", line 235 in _run_server
  File "C:\hostedtoolcache\windows\Python\3.14.6\x64\Lib\threading.py", line 1024 in run
  File "C:\hostedtoolcache\windows\Python\3.14.6\x64\Lib\threading.py", line 1082 in _bootstrap_inner
  File "C:\hostedtoolcache\windows\Python\3.14.6\x64\Lib\threading.py", line 1044 in _bootstrap

Current thread 0x0000485c (most recent call first):
  File "D:\a\yasb\yasb\src\core\widgets\yasb\active_window.py", line 337 in _update_window_title
  File "D:\a\yasb\yasb\src\core\widgets\yasb\active_window.py", line 237 in _on_focus_change_event
  File "D:\a\yasb\yasb\venv\Lib\site-packages\qasync\__init__.py", line 404 in run_forever
  File "D:\a\yasb\yasb\venv\Lib\site-packages\qasync\__init__.py", line 428 in run_until_complete
  File "main.py", line 100 in main
  File "main.py", line 203 in <module>
  File "D:\a\yasb\yasb\venv\Lib\site-packages\freeze_core\initscripts\console.py", line 43 in run
  File "src/freeze_core/initscripts/__startup__.py", line 147 in run
2026-08-14 15:37:58,089 [INFO] [MainThread] [root/api.py:69]: Fetching new weather data at 2026-08-14 15:37:58.089374
2026-08-14 15:47:57,954 [INFO] [MainThread] [root/api.py:69]: Fetching new weather data at 2026-08-14 15:47:57.954923
2026-08-14 15:57:57,968 [INFO] [MainThread] [root/api.py:69]: Fetching new weather data at 2026-08-14 15:57:57.968499
2026-08-14 16:07:58,154 [INFO] [MainThread] [root/api.py:69]: Fetching new weather data at 2026-08-14 16:07:58.154299
2026-08-14 16:17:57,959 [INFO] [MainThread] [root/api.py:69]: Fetching new weather data at 2026-08-14 16:17:57.959687
2026-08-14 16:27:58,124 [INFO] [MainThread] [root/api.py:69]: Fetching new weather data at 2026-08-14 16:27:58.124102
2026-08-14 16:37:57,967 [INFO] [MainThread] [root/api.py:69]: Fetching new weather data at 2026-08-14 16:37:57.967362
2026-08-14 16:47:57,959 [INFO] [MainThread] [root/api.py:69]: Fetching new weather data at 2026-08-14 16:47:57.959462
2026-08-14 16:57:57,988 [INFO] [MainThread] [root/api.py:69]: Fetching new weather data at 2026-08-14 16:57:57.988785
2026-08-14 17:07:58,029 [INFO] [MainThread] [root/api.py:69]: Fetching new weather data at 2026-08-14 17:07:58.029520
2026-08-14 17:17:57,958 [INFO] [MainThread] [root/api.py:69]: Fetching new weather data at 2026-08-14 17:17:57.958953
2026-08-14 17:27:57,963 [INFO] [MainThread] [root/api.py:69]: Fetching new weather data at 2026-08-14 17:27:57.963775
2026-08-14 17:37:57,964 [INFO] [MainThread] [root/api.py:69]: Fetching new weather data at 2026-08-14 17:37:57.964845
2026-08-14 17:47:57,949 [INFO] [MainThread] [root/api.py:69]: Fetching new weather data at 2026-08-14 17:47:57.949329
2026-08-14 17:57:57,955 [INFO] [MainThread] [root/api.py:69]: Fetching new weather data at 2026-08-14 17:57:57.955682
2026-08-14 18:07:57,948 [INFO] [MainThread] [root/api.py:69]: Fetching new weather data at 2026-08-14 18:07:57.948874
2026-08-14 18:17:57,981 [INFO] [MainThread] [root/api.py:69]: Fetching new weather data at 2026-08-14 18:17:57.981013
2026-08-14 18:27:58,050 [INFO] [MainThread] [root/api.py:69]: Fetching new weather data at 2026-08-14 18:27:58.050509
2026-08-14 18:37:58,119 [INFO] [MainThread] [root/api.py:69]: Fetching new weather data at 2026-08-14 18:37:58.119420
2026-08-14 18:47:57,966 [INFO] [MainThread] [root/api.py:69]: Fetching new weather data at 2026-08-14 18:47:57.966695
2026-08-14 18:57:57,995 [INFO] [MainThread] [root/api.py:69]: Fetching new weather data at 2026-08-14 18:57:57.995703
2026-08-14 19:07:57,968 [INFO] [MainThread] [root/api.py:69]: Fetching new weather data at 2026-08-14 19:07:57.968527
2026-08-14 19:17:57,963 [INFO] [MainThread] [root/api.py:69]: Fetching new weather data at 2026-08-14 19:17:57.963203
2026-08-14 19:27:59,299 [INFO] [MainThread] [root/api.py:69]: Fetching new weather data at 2026-08-14 19:27:59.299076
2026-08-14 19:37:59,387 [INFO] [MainThread] [root/api.py:69]: Fetching new weather data at 2026-08-14 19:37:59.387324
2026-08-14 19:47:59,334 [INFO] [MainThread] [root/api.py:69]: Fetching new weather data at 2026-08-14 19:47:59.334169
2026-08-14 19:57:59,284 [INFO] [MainThread] [root/api.py:69]: Fetching new weather data at 2026-08-14 19:57:59.284717
2026-08-14 20:07:59,468 [INFO] [MainThread] [root/api.py:69]: Fetching new weather data at 2026-08-14 20:07:59.468330
2026-08-14 20:17:59,301 [INFO] [MainThread] [root/api.py:69]: Fetching new weather data at 2026-08-14 20:17:59.301492
2026-08-14 20:27:59,304 [INFO] [MainThread] [root/api.py:69]: Fetching new weather data at 2026-08-14 20:27:59.304198
2026-08-14 20:37:59,296 [INFO] [MainThread] [root/api.py:69]: Fetching new weather data at 2026-08-14 20:37:59.296702
2026-08-14 20:47:59,314 [INFO] [MainThread] [root/api.py:69]: Fetching new weather data at 2026-08-14 20:47:59.314843
2026-08-14 20:57:59,299 [INFO] [MainThread] [root/api.py:69]: Fetching new weather data at 2026-08-14 20:57:59.299038
2026-08-14 21:07:59,301 [INFO] [MainThread] [root/api.py:69]: Fetching new weather data at 2026-08-14 21:07:59.301716
2026-08-14 21:17:59,297 [INFO] [MainThread] [root/api.py:69]: Fetching new weather data at 2026-08-14 21:17:59.297548
2026-08-14 21:27:59,309 [INFO] [MainThread] [root/api.py:69]: Fetching new weather data at 2026-08-14 21:27:59.309718
2026-08-14 21:37:59,279 [INFO] [MainThread] [root/api.py:69]: Fetching new weather data at 2026-08-14 21:37:59.279265
2026-08-14 21:47:59,282 [INFO] [MainThread] [root/api.py:69]: Fetching new weather data at 2026-08-14 21:47:59.281988
2026-08-14 21:57:59,283 [INFO] [MainThread] [root/api.py:69]: Fetching new weather data at 2026-08-14 21:57:59.283431
2026-08-14 22:07:59,300 [INFO] [MainThread] [root/api.py:69]: Fetching new weather data at 2026-08-14 22:07:59.300473
2026-08-14 22:17:59,446 [INFO] [MainThread] [root/api.py:69]: Fetching new weather data at 2026-08-14 22:17:59.446652
2026-08-14 22:27:59,298 [INFO] [MainThread] [root/api.py:69]: Fetching new weather data at 2026-08-14 22:27:59.298954
2026-08-14 22:37:59,287 [INFO] [MainThread] [root/api.py:69]: Fetching new weather data at 2026-08-14 22:37:59.287584
2026-08-14 22:47:59,282 [INFO] [MainThread] [root/api.py:69]: Fetching new weather data at 2026-08-14 22:47:59.282449
2026-08-14 22:57:59,366 [INFO] [MainThread] [root/api.py:69]: Fetching new weather data at 2026-08-14 22:57:59.366747
2026-08-14 23:07:59,284 [INFO] [MainThread] [root/api.py:69]: Fetching new weather data at 2026-08-14 23:07:59.284788
2026-08-14 23:17:59,288 [INFO] [MainThread] [root/api.py:69]: Fetching new weather data at 2026-08-14 23:17:59.288912
2026-08-14 23:27:59,277 [INFO] [MainThread] [root/api.py:69]: Fetching new weather data at 2026-08-14 23:27:59.277159
2026-08-14 23:37:59,443 [INFO] [MainThread] [root/api.py:69]: Fetching new weather data at 2026-08-14 23:37:59.443348
2026-08-14 23:47:59,346 [INFO] [MainThread] [root/api.py:69]: Fetching new weather data at 2026-08-14 23:47:59.345993
2026-08-14 23:57:59,286 [INFO] [MainThread] [root/api.py:69]: Fetching new weather data at 2026-08-14 23:57:59.286579
2026-08-15 00:07:59,436 [INFO] [MainThread] [root/api.py:69]: Fetching new weather data at 2026-08-15 00:07:59.436749
2026-08-15 00:17:59,318 [INFO] [MainThread] [root/api.py:69]: Fetching new weather data at 2026-08-15 00:17:59.318917
2026-08-15 00:27:59,281 [INFO] [MainThread] [root/api.py:69]: Fetching new weather data at 2026-08-15 00:27:59.281513
2026-08-15 00:37:59,294 [INFO] [MainThread] [root/api.py:69]: Fetching new weather data at 2026-08-15 00:37:59.294109
2026-08-15 00:47:59,404 [INFO] [MainThread] [root/api.py:69]: Fetching new weather data at 2026-08-15 00:47:59.404592
2026-08-15 00:57:59,294 [INFO] [MainThread] [root/api.py:69]: Fetching new weather data at 2026-08-15 00:57:59.294708
2026-08-15 01:07:59,284 [INFO] [MainThread] [root/api.py:69]: Fetching new weather data at 2026-08-15 01:07:59.284627
2026-08-15 01:17:59,286 [INFO] [MainThread] [root/api.py:69]: Fetching new weather data at 2026-08-15 01:17:59.286544
2026-08-15 01:27:59,285 [INFO] [MainThread] [root/api.py:69]: Fetching new weather data at 2026-08-15 01:27:59.285067
2026-08-15 01:37:59,339 [INFO] [MainThread] [root/api.py:69]: Fetching new weather data at 2026-08-15 01:37:59.339497
2026-08-15 01:47:59,288 [INFO] [MainThread] [root/api.py:69]: Fetching new weather data at 2026-08-15 01:47:59.288730
2026-08-15 01:57:59,401 [INFO] [MainThread] [root/api.py:69]: Fetching new weather data at 2026-08-15 01:57:59.401751
2026-08-15 02:07:59,295 [INFO] [MainThread] [root/api.py:69]: Fetching new weather data at 2026-08-15 02:07:59.295283
2026-08-15 02:17:59,492 [INFO] [MainThread] [root/api.py:69]: Fetching new weather data at 2026-08-15 02:17:59.492019
2026-08-15 02:27:59,278 [INFO] [MainThread] [root/api.py:69]: Fetching new weather data at 2026-08-15 02:27:59.278723
2026-08-15 02:37:59,294 [INFO] [MainThread] [root/api.py:69]: Fetching new weather data at 2026-08-15 02:37:59.294873
2026-08-15 02:47:59,314 [INFO] [MainThread] [root/api.py:69]: Fetching new weather data at 2026-08-15 02:47:59.314132
2026-08-15 02:57:59,295 [INFO] [MainThread] [root/api.py:69]: Fetching new weather data at 2026-08-15 02:57:59.295095
2026-08-15 03:07:59,297 [INFO] [MainThread] [root/api.py:69]: Fetching new weather data at 2026-08-15 03:07:59.297016
2026-08-15 03:17:59,291 [INFO] [MainThread] [root/api.py:69]: Fetching new weather data at 2026-08-15 03:17:59.291261
2026-08-15 03:27:59,304 [INFO] [MainThread] [root/api.py:69]: Fetching new weather data at 2026-08-15 03:27:59.304950
2026-08-15 03:37:59,285 [INFO] [MainThread] [root/api.py:69]: Fetching new weather data at 2026-08-15 03:37:59.285438
2026-08-15 03:47:59,337 [INFO] [MainThread] [root/api.py:69]: Fetching new weather data at 2026-08-15 03:47:59.337958
2026-08-15 03:57:59,441 [INFO] [MainThread] [root/api.py:69]: Fetching new weather data at 2026-08-15 03:57:59.441726
2026-08-15 04:07:59,383 [INFO] [MainThread] [root/api.py:69]: Fetching new weather data at 2026-08-15 04:07:59.383952
2026-08-15 04:17:59,278 [INFO] [MainThread] [root/api.py:69]: Fetching new weather data at 2026-08-15 04:17:59.278886
2026-08-15 04:27:59,450 [INFO] [MainThread] [root/api.py:69]: Fetching new weather data at 2026-08-15 04:27:59.450941
2026-08-15 04:37:59,286 [INFO] [MainThread] [root/api.py:69]: Fetching new weather data at 2026-08-15 04:37:59.285999
2026-08-15 04:47:59,447 [INFO] [MainThread] [root/api.py:69]: Fetching new weather data at 2026-08-15 04:47:59.446997
2026-08-15 04:57:59,302 [INFO] [MainThread] [root/api.py:69]: Fetching new weather data at 2026-08-15 04:57:59.302028
2026-08-15 05:07:59,407 [INFO] [MainThread] [root/api.py:69]: Fetching new weather data at 2026-08-15 05:07:59.407935
2026-08-15 05:17:59,432 [INFO] [MainThread] [root/api.py:69]: Fetching new weather data at 2026-08-15 05:17:59.432286
2026-08-15 05:27:59,342 [INFO] [MainThread] [root/api.py:69]: Fetching new weather data at 2026-08-15 05:27:59.342924
2026-08-15 05:37:59,295 [INFO] [MainThread] [root/api.py:69]: Fetching new weather data at 2026-08-15 05:37:59.295001
2026-08-15 05:47:59,370 [INFO] [MainThread] [root/api.py:69]: Fetching new weather data at 2026-08-15 05:47:59.370789
2026-08-15 05:57:59,471 [INFO] [MainThread] [root/api.py:69]: Fetching new weather data at 2026-08-15 05:57:59.471058
2026-08-15 06:07:59,302 [INFO] [MainThread] [root/api.py:69]: Fetching new weather data at 2026-08-15 06:07:59.302683
2026-08-15 06:17:59,474 [INFO] [MainThread] [root/api.py:69]: Fetching new weather data at 2026-08-15 06:17:59.474764
2026-08-15 06:27:59,283 [INFO] [MainThread] [root/api.py:69]: Fetching new weather data at 2026-08-15 06:27:59.283688
2026-08-15 06:37:59,295 [INFO] [MainThread] [root/api.py:69]: Fetching new weather data at 2026-08-15 06:37:59.295577
2026-08-15 06:47:59,301 [INFO] [MainThread] [root/api.py:69]: Fetching new weather data at 2026-08-15 06:47:59.301809
2026-08-15 06:57:59,277 [INFO] [MainThread] [root/api.py:69]: Fetching new weather data at 2026-08-15 06:57:59.277686
2026-08-15 07:07:59,298 [INFO] [MainThread] [root/api.py:69]: Fetching new weather data at 2026-08-15 07:07:59.298432
2026-08-15 07:17:59,420 [INFO] [MainThread] [root/api.py:69]: Fetching new weather data at 2026-08-15 07:17:59.420439
2026-08-15 07:27:59,290 [INFO] [MainThread] [root/api.py:69]: Fetching new weather data at 2026-08-15 07:27:59.290018
2026-08-15 07:37:59,289 [INFO] [MainThread] [root/api.py:69]: Fetching new weather data at 2026-08-15 07:37:59.289429
2026-08-15 07:47:59,290 [INFO] [MainThread] [root/api.py:69]: Fetching new weather data at 2026-08-15 07:47:59.290245
2026-08-15 07:57:59,657 [INFO] [MainThread] [root/api.py:69]: Fetching new weather data at 2026-08-15 07:57:59.657089
2026-08-15 07:59:37,589 [INFO] [MainThread] [root/bar_manager.py:119]: Stopping SystemEventListener...
2026-08-15 08:01:14,388 [INFO] [MainThread] [root/log.py:104]: YASB v2.0.6
2026-08-15 08:01:14,389 [INFO] [CLIPipeServer] [cli_server/cli_server.py:216]: CLI server started v1.1.7
2026-08-15 08:01:14,390 [INFO] [MainThread] [cli_server/cli_server.py:106]: Log pipe server started
2026-08-15 08:01:14,840 [INFO] [MainThread] [root/service.py:52]: AudioOutputService starting...
2026-08-15 08:01:15,087 [INFO] [MainThread] [root/bar_manager.py:103]: Starting SystemEventListener...
2026-08-15 08:01:15,089 [INFO] [MainThread] [root/watcher.py:65]: Watching directory: c:\users\erick\.config\yasb
2026-08-15 08:01:15,089 [INFO] [MainThread] [root/watcher.py:104]: Created file watcher
2026-08-15 08:01:15,170 [INFO] [MainThread] [root/update_service.py:434]: Background update checker started
2026-08-15 08:01:15,584 [INFO] [MainThread] [root/api.py:69]: Fetching new weather data at 2026-08-15 08:01:15.584106
Windows fatal exception: code 0x8001010d

Thread 0x00000b18 [Thread-5] (most recent call first):
  File "C:\hostedtoolcache\windows\Python\3.14.6\x64\Lib\threading.py", line 369 in wait
  File "C:\hostedtoolcache\windows\Python\3.14.6\x64\Lib\queue.py", line 199 in get
  File "D:\a\yasb\yasb\venv\Lib\site-packages\watchdog\observers\api.py", line 379 in dispatch_events
  File "D:\a\yasb\yasb\venv\Lib\site-packages\watchdog\observers\api.py", line 213 in run
  File "C:\hostedtoolcache\windows\Python\3.14.6\x64\Lib\threading.py", line 1082 in _bootstrap_inner
  File "C:\hostedtoolcache\windows\Python\3.14.6\x64\Lib\threading.py", line 1044 in _bootstrap

Thread 0x00001944 [Thread-6] (most recent call first):
  File "D:\a\yasb\yasb\venv\Lib\site-packages\watchdog\observers\winapi.py", line 326 in read_directory_changes
  File "D:\a\yasb\yasb\venv\Lib\site-packages\watchdog\observers\winapi.py", line 380 in read_events
  File "D:\a\yasb\yasb\venv\Lib\site-packages\watchdog\observers\read_directory_changes.py", line 67 in _read_events
  File "D:\a\yasb\yasb\venv\Lib\site-packages\watchdog\observers\read_directory_changes.py", line 70 in queue_events
  File "D:\a\yasb\yasb\venv\Lib\site-packages\watchdog\observers\api.py", line 158 in run
  File "C:\hostedtoolcache\windows\Python\3.14.6\x64\Lib\threading.py", line 1082 in _bootstrap_inner
  File "C:\hostedtoolcache\windows\Python\3.14.6\x64\Lib\threading.py", line 1044 in _bootstrap

Thread 0x000019d4 [SystemEventListener] (most recent call first):
  File "D:\a\yasb\yasb\src\core\utils\win32\event_listener.py", line 69 in run

Thread 0x0000393c [WiFiWorker] (most recent call first):
  File "C:\hostedtoolcache\windows\Python\3.14.6\x64\Lib\threading.py", line 373 in wait
  File "C:\hostedtoolcache\windows\Python\3.14.6\x64\Lib\threading.py", line 670 in wait
  File "D:\a\yasb\yasb\src\core\widgets\services\wifi\wifi_managers.py", line 160 in run

Thread 0x00001518 [MemoryWorker] (most recent call first):
  File "C:\hostedtoolcache\windows\Python\3.14.6\x64\Lib\threading.py", line 373 in wait
  File "C:\hostedtoolcache\windows\Python\3.14.6\x64\Lib\threading.py", line 670 in wait
  File "D:\a\yasb\yasb\src\core\widgets\services\memory\memory_api.py", line 247 in run

Thread 0x000004b8 [_EventWorker] (most recent call first):
  File "D:\a\yasb\yasb\venv\Lib\site-packages\qasync\_windows.py", line 147 in _poll
  File "D:\a\yasb\yasb\venv\Lib\site-packages\qasync\_windows.py", line 72 in select
  File "D:\a\yasb\yasb\venv\Lib\site-packages\qasync\_windows.py", line 199 in run

Thread 0x000013c4 [LogPipeServer] (most recent call first):
  File "D:\a\yasb\yasb\src\core\utils\win32\bindings\kernel32.py", line 291 in ConnectNamedPipe
  File "D:\a\yasb\yasb\src\core\utils\cli_server.py", line 138 in _run_server
  File "C:\hostedtoolcache\windows\Python\3.14.6\x64\Lib\threading.py", line 1024 in run
  File "C:\hostedtoolcache\windows\Python\3.14.6\x64\Lib\threading.py", line 1082 in _bootstrap_inner
  File "C:\hostedtoolcache\windows\Python\3.14.6\x64\Lib\threading.py", line 1044 in _bootstrap

Thread 0x000013d4 [CLIPipeServer] (most recent call first):
  File "D:\a\yasb\yasb\src\core\utils\win32\bindings\kernel32.py", line 291 in ConnectNamedPipe
  File "D:\a\yasb\yasb\src\core\utils\cli_server.py", line 235 in _run_server
  File "C:\hostedtoolcache\windows\Python\3.14.6\x64\Lib\threading.py", line 1024 in run
  File "C:\hostedtoolcache\windows\Python\3.14.6\x64\Lib\threading.py", line 1082 in _bootstrap_inner
  File "C:\hostedtoolcache\windows\Python\3.14.6\x64\Lib\threading.py", line 1044 in _bootstrap

Current thread 0x00004418 (most recent call first):
  File "D:\a\yasb\yasb\venv\Lib\site-packages\qasync\__init__.py", line 404 in run_forever
  File "D:\a\yasb\yasb\venv\Lib\site-packages\qasync\__init__.py", line 428 in run_until_complete
  File "main.py", line 100 in main
  File "main.py", line 203 in <module>
  File "D:\a\yasb\yasb\venv\Lib\site-packages\freeze_core\initscripts\console.py", line 43 in run
  File "src/freeze_core/initscripts/__startup__.py", line 147 in run
2026-08-15 08:11:14,976 [INFO] [MainThread] [root/api.py:69]: Fetching new weather data at 2026-08-15 08:11:14.976085
2026-08-15 08:21:15,120 [INFO] [MainThread] [root/api.py:69]: Fetching new weather data at 2026-08-15 08:21:15.120636
2026-08-15 08:31:14,980 [INFO] [MainThread] [root/api.py:69]: Fetching new weather data at 2026-08-15 08:31:14.980215
2026-08-15 08:41:14,970 [INFO] [MainThread] [root/api.py:69]: Fetching new weather data at 2026-08-15 08:41:14.970547
2026-08-15 08:51:14,966 [INFO] [MainThread] [root/api.py:69]: Fetching new weather data at 2026-08-15 08:51:14.966258
2026-08-15 09:01:14,969 [INFO] [MainThread] [root/api.py:69]: Fetching new weather data at 2026-08-15 09:01:14.969224
2026-08-15 09:11:14,964 [INFO] [MainThread] [root/api.py:69]: Fetching new weather data at 2026-08-15 09:11:14.964789
2026-08-15 09:21:15,059 [INFO] [MainThread] [root/api.py:69]: Fetching new weather data at 2026-08-15 09:21:15.059643
2026-08-15 09:31:14,970 [INFO] [MainThread] [root/api.py:69]: Fetching new weather data at 2026-08-15 09:31:14.970457
2026-08-15 09:41:14,968 [INFO] [MainThread] [root/api.py:69]: Fetching new weather data at 2026-08-15 09:41:14.968665
2026-08-15 09:51:14,983 [INFO] [MainThread] [root/api.py:69]: Fetching new weather data at 2026-08-15 09:51:14.983607
2026-08-15 10:01:14,975 [INFO] [MainThread] [root/api.py:69]: Fetching new weather data at 2026-08-15 10:01:14.975221
2026-08-15 10:11:14,990 [INFO] [MainThread] [root/api.py:69]: Fetching new weather data at 2026-08-15 10:11:14.990694
2026-08-15 10:21:14,986 [INFO] [MainThread] [root/api.py:69]: Fetching new weather data at 2026-08-15 10:21:14.986148
2026-08-15 10:31:15,012 [INFO] [MainThread] [root/api.py:69]: Fetching new weather data at 2026-08-15 10:31:15.012040
2026-08-15 10:41:14,994 [INFO] [MainThread] [root/api.py:69]: Fetching new weather data at 2026-08-15 10:41:14.994526
2026-08-15 10:51:14,962 [INFO] [MainThread] [root/api.py:69]: Fetching new weather data at 2026-08-15 10:51:14.962247
2026-08-15 11:01:14,975 [INFO] [MainThread] [root/api.py:69]: Fetching new weather data at 2026-08-15 11:01:14.975701
2026-08-15 11:11:15,557 [INFO] [MainThread] [root/api.py:69]: Fetching new weather data at 2026-08-15 11:11:15.557769
2026-08-15 11:21:15,045 [INFO] [MainThread] [root/api.py:69]: Fetching new weather data at 2026-08-15 11:21:15.045316
2026-08-15 11:31:15,057 [INFO] [MainThread] [root/api.py:69]: Fetching new weather data at 2026-08-15 11:31:15.057262
2026-08-15 11:41:15,117 [INFO] [MainThread] [root/api.py:69]: Fetching new weather data at 2026-08-15 11:41:15.117492
2026-08-15 11:51:15,031 [INFO] [MainThread] [root/api.py:69]: Fetching new weather data at 2026-08-15 11:51:15.031414
2026-08-15 12:01:15,050 [INFO] [MainThread] [root/api.py:69]: Fetching new weather data at 2026-08-15 12:01:15.049914
2026-08-15 12:11:15,046 [INFO] [MainThread] [root/api.py:69]: Fetching new weather data at 2026-08-15 12:11:15.046369
2026-08-15 12:21:15,037 [INFO] [MainThread] [root/api.py:69]: Fetching new weather data at 2026-08-15 12:21:15.037627
2026-08-15 12:31:15,152 [INFO] [MainThread] [root/api.py:69]: Fetching new weather data at 2026-08-15 12:31:15.152900
2026-08-15 12:41:15,030 [INFO] [MainThread] [root/api.py:69]: Fetching new weather data at 2026-08-15 12:41:15.030174
2026-08-15 12:51:15,040 [INFO] [MainThread] [root/api.py:69]: Fetching new weather data at 2026-08-15 12:51:15.040356
2026-08-15 13:01:15,040 [INFO] [MainThread] [root/api.py:69]: Fetching new weather data at 2026-08-15 13:01:15.040579
2026-08-15 13:11:15,031 [INFO] [MainThread] [root/api.py:69]: Fetching new weather data at 2026-08-15 13:11:15.031245
2026-08-15 13:21:15,070 [INFO] [MainThread] [root/api.py:69]: Fetching new weather data at 2026-08-15 13:21:15.070543
2026-08-15 13:31:15,035 [INFO] [MainThread] [root/api.py:69]: Fetching new weather data at 2026-08-15 13:31:15.035397
2026-08-15 13:41:15,193 [INFO] [MainThread] [root/api.py:69]: Fetching new weather data at 2026-08-15 13:41:15.192975
2026-08-15 13:51:15,027 [INFO] [MainThread] [root/api.py:69]: Fetching new weather data at 2026-08-15 13:51:15.027054
2026-08-15 14:01:15,033 [INFO] [MainThread] [root/api.py:69]: Fetching new weather data at 2026-08-15 14:01:15.033546
2026-08-15 14:11:15,040 [INFO] [MainThread] [root/api.py:69]: Fetching new weather data at 2026-08-15 14:11:15.040890
2026-08-15 14:21:15,035 [INFO] [MainThread] [root/api.py:69]: Fetching new weather data at 2026-08-15 14:21:15.035579
2026-08-15 14:31:15,037 [INFO] [MainThread] [root/api.py:69]: Fetching new weather data at 2026-08-15 14:31:15.037923
2026-08-15 14:41:15,039 [INFO] [MainThread] [root/api.py:69]: Fetching new weather data at 2026-08-15 14:41:15.039427
2026-08-15 14:51:15,261 [INFO] [MainThread] [root/api.py:69]: Fetching new weather data at 2026-08-15 14:51:15.261795
2026-08-15 15:01:15,062 [INFO] [MainThread] [root/api.py:69]: Fetching new weather data at 2026-08-15 15:01:15.062880
2026-08-15 15:11:15,204 [INFO] [MainThread] [root/api.py:69]: Fetching new weather data at 2026-08-15 15:11:15.203936
2026-08-15 15:21:15,028 [INFO] [MainThread] [root/api.py:69]: Fetching new weather data at 2026-08-15 15:21:15.028610
2026-08-15 15:31:15,035 [INFO] [MainThread] [root/api.py:69]: Fetching new weather data at 2026-08-15 15:31:15.035140
2026-08-15 15:41:15,146 [INFO] [MainThread] [root/api.py:69]: Fetching new weather data at 2026-08-15 15:41:15.146457
2026-08-15 15:51:15,032 [INFO] [MainThread] [root/api.py:69]: Fetching new weather data at 2026-08-15 15:51:15.032810
2026-08-15 16:01:15,025 [INFO] [MainThread] [root/api.py:69]: Fetching new weather data at 2026-08-15 16:01:15.025710
2026-08-15 16:11:15,216 [INFO] [MainThread] [root/api.py:69]: Fetching new weather data at 2026-08-15 16:11:15.216033
2026-08-15 16:21:15,323 [INFO] [MainThread] [root/api.py:69]: Fetching new weather data at 2026-08-15 16:21:15.323470
2026-08-15 16:31:15,021 [INFO] [MainThread] [root/api.py:69]: Fetching new weather data at 2026-08-15 16:31:15.021061
2026-08-15 16:41:15,024 [INFO] [MainThread] [root/api.py:69]: Fetching new weather data at 2026-08-15 16:41:15.024928
2026-08-15 16:51:15,026 [INFO] [MainThread] [root/api.py:69]: Fetching new weather data at 2026-08-15 16:51:15.026045
2026-08-15 17:01:15,058 [INFO] [MainThread] [root/api.py:69]: Fetching new weather data at 2026-08-15 17:01:15.058464
2026-08-15 17:11:15,027 [INFO] [MainThread] [root/api.py:69]: Fetching new weather data at 2026-08-15 17:11:15.027165
2026-08-15 17:21:15,035 [INFO] [MainThread] [root/api.py:69]: Fetching new weather data at 2026-08-15 17:21:15.035503
2026-08-15 17:31:15,033 [INFO] [MainThread] [root/api.py:69]: Fetching new weather data at 2026-08-15 17:31:15.033893
2026-08-15 17:41:15,028 [INFO] [MainThread] [root/api.py:69]: Fetching new weather data at 2026-08-15 17:41:15.028145
2026-08-15 20:10:45,091 [INFO] [MainThread] [root/log.py:104]: YASB v2.0.6
2026-08-15 20:10:45,092 [INFO] [CLIPipeServer] [cli_server/cli_server.py:216]: CLI server started v1.1.7
2026-08-15 20:10:45,092 [INFO] [MainThread] [cli_server/cli_server.py:106]: Log pipe server started
2026-08-15 20:10:45,558 [INFO] [MainThread] [root/service.py:52]: AudioOutputService starting...
2026-08-15 20:10:45,813 [INFO] [MainThread] [root/bar_manager.py:103]: Starting SystemEventListener...
2026-08-15 20:10:45,815 [INFO] [MainThread] [root/watcher.py:65]: Watching directory: c:\users\erick\.config\yasb
2026-08-15 20:10:45,815 [INFO] [MainThread] [root/watcher.py:104]: Created file watcher
2026-08-15 20:10:45,896 [INFO] [MainThread] [root/update_service.py:434]: Background update checker started
2026-08-15 20:10:46,284 [INFO] [MainThread] [root/api.py:69]: Fetching new weather data at 2026-08-15 20:10:46.284803
Windows fatal exception: code 0x8001010d

Thread 0x00005404 [Thread-5] (most recent call first):
  File "C:\hostedtoolcache\windows\Python\3.14.6\x64\Lib\threading.py", line 369 in wait
  File "C:\hostedtoolcache\windows\Python\3.14.6\x64\Lib\queue.py", line 199 in get
  File "D:\a\yasb\yasb\venv\Lib\site-packages\watchdog\observers\api.py", line 379 in dispatch_events
  File "D:\a\yasb\yasb\venv\Lib\site-packages\watchdog\observers\api.py", line 213 in run
  File "C:\hostedtoolcache\windows\Python\3.14.6\x64\Lib\threading.py", line 1082 in _bootstrap_inner
  File "C:\hostedtoolcache\windows\Python\3.14.6\x64\Lib\threading.py", line 1044 in _bootstrap

Thread 0x000053b8 [SystemEventListener] (most recent call first):
  File "D:\a\yasb\yasb\src\core\utils\win32\event_listener.py", line 69 in run

Thread 0x000053b0 [Thread-6] (most recent call first):
  File "D:\a\yasb\yasb\venv\Lib\site-packages\watchdog\observers\winapi.py", line 326 in read_directory_changes
  File "D:\a\yasb\yasb\venv\Lib\site-packages\watchdog\observers\winapi.py", line 380 in read_events
  File "D:\a\yasb\yasb\venv\Lib\site-packages\watchdog\observers\read_directory_changes.py", line 67 in _read_events
  File "D:\a\yasb\yasb\venv\Lib\site-packages\watchdog\observers\read_directory_changes.py", line 70 in queue_events
  File "D:\a\yasb\yasb\venv\Lib\site-packages\watchdog\observers\api.py", line 158 in run
  File "C:\hostedtoolcache\windows\Python\3.14.6\x64\Lib\threading.py", line 1082 in _bootstrap_inner
  File "C:\hostedtoolcache\windows\Python\3.14.6\x64\Lib\threading.py", line 1044 in _bootstrap

Thread 0x0000420c [WiFiWorker] (most recent call first):
  File "C:\hostedtoolcache\windows\Python\3.14.6\x64\Lib\threading.py", line 373 in wait
  File "C:\hostedtoolcache\windows\Python\3.14.6\x64\Lib\threading.py", line 670 in wait
  File "D:\a\yasb\yasb\src\core\widgets\services\wifi\wifi_managers.py", line 160 in run

Thread 0x00004f1c [MemoryWorker] (most recent call first):
  File "C:\hostedtoolcache\windows\Python\3.14.6\x64\Lib\threading.py", line 373 in wait
  File "C:\hostedtoolcache\windows\Python\3.14.6\x64\Lib\threading.py", line 670 in wait
  File "D:\a\yasb\yasb\src\core\widgets\services\memory\memory_api.py", line 247 in run

Thread 0x00002368 [_EventWorker] (most recent call first):
  File "D:\a\yasb\yasb\venv\Lib\site-packages\qasync\_windows.py", line 147 in _poll
  File "D:\a\yasb\yasb\venv\Lib\site-packages\qasync\_windows.py", line 72 in select
  File "D:\a\yasb\yasb\venv\Lib\site-packages\qasync\_windows.py", line 199 in run

Thread 0x00004238 [LogPipeServer] (most recent call first):
  File "D:\a\yasb\yasb\src\core\utils\win32\bindings\kernel32.py", line 291 in ConnectNamedPipe
  File "D:\a\yasb\yasb\src\core\utils\cli_server.py", line 138 in _run_server
  File "C:\hostedtoolcache\windows\Python\3.14.6\x64\Lib\threading.py", line 1024 in run
  File "C:\hostedtoolcache\windows\Python\3.14.6\x64\Lib\threading.py", line 1082 in _bootstrap_inner
  File "C:\hostedtoolcache\windows\Python\3.14.6\x64\Lib\threading.py", line 1044 in _bootstrap

Thread 0x00004210 [CLIPipeServer] (most recent call first):
  File "D:\a\yasb\yasb\src\core\utils\win32\bindings\kernel32.py", line 291 in ConnectNamedPipe
  File "D:\a\yasb\yasb\src\core\utils\cli_server.py", line 235 in _run_server
  File "C:\hostedtoolcache\windows\Python\3.14.6\x64\Lib\threading.py", line 1024 in run
  File "C:\hostedtoolcache\windows\Python\3.14.6\x64\Lib\threading.py", line 1082 in _bootstrap_inner
  File "C:\hostedtoolcache\windows\Python\3.14.6\x64\Lib\threading.py", line 1044 in _bootstrap

Current thread 0x0000237c (most recent call first):
  File "D:\a\yasb\yasb\venv\Lib\site-packages\qasync\__init__.py", line 404 in run_forever
  File "D:\a\yasb\yasb\venv\Lib\site-packages\qasync\__init__.py", line 428 in run_until_complete
  File "main.py", line 100 in main
  File "main.py", line 203 in <module>
  File "D:\a\yasb\yasb\venv\Lib\site-packages\freeze_core\initscripts\console.py", line 43 in run
  File "src/freeze_core/initscripts/__startup__.py", line 147 in run
2026-08-15 20:20:45,696 [INFO] [MainThread] [root/api.py:69]: Fetching new weather data at 2026-08-15 20:20:45.696498
2026-08-15 20:30:45,688 [INFO] [MainThread] [root/api.py:69]: Fetching new weather data at 2026-08-15 20:30:45.688858
2026-08-15 20:40:45,693 [INFO] [MainThread] [root/api.py:69]: Fetching new weather data at 2026-08-15 20:40:45.693415
2026-08-15 20:50:45,687 [INFO] [MainThread] [root/api.py:69]: Fetching new weather data at 2026-08-15 20:50:45.687553
2026-08-15 21:00:45,696 [INFO] [MainThread] [root/api.py:69]: Fetching new weather data at 2026-08-15 21:00:45.696247
2026-08-15 21:10:45,693 [INFO] [MainThread] [root/api.py:69]: Fetching new weather data at 2026-08-15 21:10:45.693812
2026-08-15 21:16:33,180 [INFO] [MainThread] [root/bar_helper.py:594]: AppBarManager need to re-register 2 bars
2026-08-15 21:16:33,852 [INFO] [MainThread] [root/bar_helper.py:603]: Re-registered AppBar for primary-bar_24G50F_0759bbd2 (space reservation + fullscreen)
2026-08-15 21:16:34,124 [INFO] [MainThread] [root/bar_helper.py:603]: Re-registered AppBar for primary-bar_BenQ RL2755_3bd65618 (space reservation + fullscreen)
2026-08-15 21:20:45,687 [INFO] [MainThread] [root/api.py:69]: Fetching new weather data at 2026-08-15 21:20:45.687883
2026-08-15 21:30:45,674 [INFO] [MainThread] [root/api.py:69]: Fetching new weather data at 2026-08-15 21:30:45.674357
2026-08-15 21:40:45,682 [INFO] [MainThread] [root/api.py:69]: Fetching new weather data at 2026-08-15 21:40:45.682206
2026-08-15 21:50:45,668 [INFO] [MainThread] [root/api.py:69]: Fetching new weather data at 2026-08-15 21:50:45.668040
2026-08-15 22:00:45,685 [INFO] [MainThread] [root/api.py:69]: Fetching new weather data at 2026-08-15 22:00:45.685392
2026-08-15 22:10:45,674 [INFO] [MainThread] [root/api.py:69]: Fetching new weather data at 2026-08-15 22:10:45.674655
2026-08-15 22:20:45,688 [INFO] [MainThread] [root/api.py:69]: Fetching new weather data at 2026-08-15 22:20:45.688307
2026-08-15 22:30:45,689 [INFO] [MainThread] [root/api.py:69]: Fetching new weather data at 2026-08-15 22:30:45.689738
2026-08-15 22:40:45,689 [INFO] [MainThread] [root/api.py:69]: Fetching new weather data at 2026-08-15 22:40:45.689384
2026-08-15 22:50:45,707 [INFO] [MainThread] [root/api.py:69]: Fetching new weather data at 2026-08-15 22:50:45.707283
2026-08-15 23:00:45,687 [INFO] [MainThread] [root/api.py:69]: Fetching new weather data at 2026-08-15 23:00:45.687768
2026-08-15 23:10:45,671 [INFO] [MainThread] [root/api.py:69]: Fetching new weather data at 2026-08-15 23:10:45.671094
2026-08-15 23:20:45,675 [INFO] [MainThread] [root/api.py:69]: Fetching new weather data at 2026-08-15 23:20:45.675137
2026-08-15 23:30:45,690 [INFO] [MainThread] [root/api.py:69]: Fetching new weather data at 2026-08-15 23:30:45.690336
2026-08-15 23:40:45,674 [INFO] [MainThread] [root/api.py:69]: Fetching new weather data at 2026-08-15 23:40:45.674841
2026-08-15 23:50:45,686 [INFO] [MainThread] [root/api.py:69]: Fetching new weather data at 2026-08-15 23:50:45.686522
2026-08-16 00:00:45,680 [INFO] [MainThread] [root/api.py:69]: Fetching new weather data at 2026-08-16 00:00:45.680101
2026-08-16 00:10:45,683 [INFO] [MainThread] [root/api.py:69]: Fetching new weather data at 2026-08-16 00:10:45.683388
2026-08-16 00:20:45,682 [INFO] [MainThread] [root/api.py:69]: Fetching new weather data at 2026-08-16 00:20:45.682141
2026-08-16 00:30:45,706 [INFO] [MainThread] [root/api.py:69]: Fetching new weather data at 2026-08-16 00:30:45.706553
2026-08-16 00:40:45,677 [INFO] [MainThread] [root/api.py:69]: Fetching new weather data at 2026-08-16 00:40:45.677277
2026-08-16 00:50:45,680 [INFO] [MainThread] [root/api.py:69]: Fetching new weather data at 2026-08-16 00:50:45.680797
2026-08-16 01:00:45,686 [INFO] [MainThread] [root/api.py:69]: Fetching new weather data at 2026-08-16 01:00:45.686471
2026-08-16 01:10:45,699 [INFO] [MainThread] [root/api.py:69]: Fetching new weather data at 2026-08-16 01:10:45.699689
2026-08-16 01:20:45,867 [INFO] [MainThread] [root/api.py:69]: Fetching new weather data at 2026-08-16 01:20:45.867404
2026-08-16 01:30:45,685 [INFO] [MainThread] [root/api.py:69]: Fetching new weather data at 2026-08-16 01:30:45.685349
2026-08-16 01:40:45,714 [INFO] [MainThread] [root/api.py:69]: Fetching new weather data at 2026-08-16 01:40:45.714962
2026-08-16 01:50:45,714 [INFO] [MainThread] [root/api.py:69]: Fetching new weather data at 2026-08-16 01:50:45.714457
2026-08-16 02:00:45,688 [INFO] [MainThread] [root/api.py:69]: Fetching new weather data at 2026-08-16 02:00:45.688204
2026-08-16 02:10:45,698 [INFO] [MainThread] [root/api.py:69]: Fetching new weather data at 2026-08-16 02:10:45.698270
2026-08-16 02:20:45,764 [INFO] [MainThread] [root/api.py:69]: Fetching new weather data at 2026-08-16 02:20:45.764542
2026-08-16 02:30:45,732 [INFO] [MainThread] [root/api.py:69]: Fetching new weather data at 2026-08-16 02:30:45.732743
2026-08-16 02:40:45,742 [INFO] [MainThread] [root/api.py:69]: Fetching new weather data at 2026-08-16 02:40:45.742795
2026-08-16 02:50:45,732 [INFO] [MainThread] [root/api.py:69]: Fetching new weather data at 2026-08-16 02:50:45.732775
2026-08-16 03:00:45,766 [INFO] [MainThread] [root/api.py:69]: Fetching new weather data at 2026-08-16 03:00:45.766536
2026-08-16 03:10:45,669 [INFO] [MainThread] [root/api.py:69]: Fetching new weather data at 2026-08-16 03:10:45.669408
2026-08-16 03:20:45,673 [INFO] [MainThread] [root/api.py:69]: Fetching new weather data at 2026-08-16 03:20:45.673418
2026-08-16 03:30:45,677 [INFO] [MainThread] [root/api.py:69]: Fetching new weather data at 2026-08-16 03:30:45.677041
2026-08-16 03:40:45,681 [INFO] [MainThread] [root/api.py:69]: Fetching new weather data at 2026-08-16 03:40:45.681270
2026-08-16 03:50:45,682 [INFO] [MainThread] [root/api.py:69]: Fetching new weather data at 2026-08-16 03:50:45.682187
2026-08-16 04:00:45,676 [INFO] [MainThread] [root/api.py:69]: Fetching new weather data at 2026-08-16 04:00:45.676732
2026-08-16 04:10:45,677 [INFO] [MainThread] [root/api.py:69]: Fetching new weather data at 2026-08-16 04:10:45.677717
2026-08-16 04:20:45,756 [INFO] [MainThread] [root/api.py:69]: Fetching new weather data at 2026-08-16 04:20:45.756165
2026-08-16 04:30:45,682 [INFO] [MainThread] [root/api.py:69]: Fetching new weather data at 2026-08-16 04:30:45.682537
2026-08-16 04:40:45,682 [INFO] [MainThread] [root/api.py:69]: Fetching new weather data at 2026-08-16 04:40:45.682335
2026-08-16 04:50:45,692 [INFO] [MainThread] [root/api.py:69]: Fetching new weather data at 2026-08-16 04:50:45.692742
2026-08-16 05:00:45,770 [INFO] [MainThread] [root/api.py:69]: Fetching new weather data at 2026-08-16 05:00:45.769979
2026-08-16 05:10:46,019 [INFO] [MainThread] [root/api.py:69]: Fetching new weather data at 2026-08-16 05:10:46.019278
2026-08-16 05:20:45,677 [INFO] [MainThread] [root/api.py:69]: Fetching new weather data at 2026-08-16 05:20:45.677125
2026-08-16 05:30:45,687 [INFO] [MainThread] [root/api.py:69]: Fetching new weather data at 2026-08-16 05:30:45.686976
2026-08-16 05:40:45,678 [INFO] [MainThread] [root/api.py:69]: Fetching new weather data at 2026-08-16 05:40:45.678011
2026-08-16 05:50:45,825 [INFO] [MainThread] [root/api.py:69]: Fetching new weather data at 2026-08-16 05:50:45.825085
2026-08-16 06:00:45,851 [INFO] [MainThread] [root/api.py:69]: Fetching new weather data at 2026-08-16 06:00:45.850970
2026-08-16 06:10:45,698 [INFO] [MainThread] [root/api.py:69]: Fetching new weather data at 2026-08-16 06:10:45.698180
2026-08-16 06:20:45,690 [INFO] [MainThread] [root/api.py:69]: Fetching new weather data at 2026-08-16 06:20:45.690134
2026-08-16 06:30:45,662 [INFO] [MainThread] [root/api.py:69]: Fetching new weather data at 2026-08-16 06:30:45.662105
2026-08-16 06:40:45,682 [INFO] [MainThread] [root/api.py:69]: Fetching new weather data at 2026-08-16 06:40:45.682620
2026-08-16 06:50:45,696 [INFO] [MainThread] [root/api.py:69]: Fetching new weather data at 2026-08-16 06:50:45.696181
2026-08-16 07:00:45,676 [INFO] [MainThread] [root/api.py:69]: Fetching new weather data at 2026-08-16 07:00:45.676106
2026-08-16 07:10:45,678 [INFO] [MainThread] [root/api.py:69]: Fetching new weather data at 2026-08-16 07:10:45.678831
2026-08-16 07:20:45,675 [INFO] [MainThread] [root/api.py:69]: Fetching new weather data at 2026-08-16 07:20:45.675279
2026-08-16 07:30:45,696 [INFO] [MainThread] [root/api.py:69]: Fetching new weather data at 2026-08-16 07:30:45.696720
2026-08-16 07:40:45,674 [INFO] [MainThread] [root/api.py:69]: Fetching new weather data at 2026-08-16 07:40:45.674657
2026-08-16 07:50:45,687 [INFO] [MainThread] [root/api.py:69]: Fetching new weather data at 2026-08-16 07:50:45.686966
2026-08-16 08:00:45,673 [INFO] [MainThread] [root/api.py:69]: Fetching new weather data at 2026-08-16 08:00:45.673259
2026-08-16 08:10:45,669 [INFO] [MainThread] [root/api.py:69]: Fetching new weather data at 2026-08-16 08:10:45.669740
2026-08-16 08:20:45,669 [INFO] [MainThread] [root/api.py:69]: Fetching new weather data at 2026-08-16 08:20:45.669889
2026-08-16 08:30:45,677 [INFO] [MainThread] [root/api.py:69]: Fetching new weather data at 2026-08-16 08:30:45.677325
2026-08-16 08:40:45,673 [INFO] [MainThread] [root/api.py:69]: Fetching new weather data at 2026-08-16 08:40:45.672990
2026-08-16 08:50:45,671 [INFO] [MainThread] [root/api.py:69]: Fetching new weather data at 2026-08-16 08:50:45.671285
2026-08-16 09:00:45,718 [INFO] [MainThread] [root/api.py:69]: Fetching new weather data at 2026-08-16 09:00:45.718517
2026-08-16 09:10:45,676 [INFO] [MainThread] [root/api.py:69]: Fetching new weather data at 2026-08-16 09:10:45.676098
2026-08-16 09:20:45,675 [INFO] [MainThread] [root/api.py:69]: Fetching new weather data at 2026-08-16 09:20:45.675076
2026-08-16 09:30:45,684 [INFO] [MainThread] [root/api.py:69]: Fetching new weather data at 2026-08-16 09:30:45.684165
2026-08-16 09:40:45,677 [INFO] [MainThread] [root/api.py:69]: Fetching new weather data at 2026-08-16 09:40:45.677581
2026-08-16 09:50:45,782 [INFO] [MainThread] [root/api.py:69]: Fetching new weather data at 2026-08-16 09:50:45.782790
2026-08-16 10:00:45,686 [INFO] [MainThread] [root/api.py:69]: Fetching new weather data at 2026-08-16 10:00:45.686602
2026-08-16 10:10:45,667 [INFO] [MainThread] [root/api.py:69]: Fetching new weather data at 2026-08-16 10:10:45.667084
2026-08-16 10:20:45,669 [INFO] [MainThread] [root/api.py:69]: Fetching new weather data at 2026-08-16 10:20:45.669316
2026-08-16 10:30:45,698 [INFO] [MainThread] [root/api.py:69]: Fetching new weather data at 2026-08-16 10:30:45.698147
2026-08-16 10:40:45,687 [INFO] [MainThread] [root/api.py:69]: Fetching new weather data at 2026-08-16 10:40:45.687226
2026-08-16 10:50:45,687 [INFO] [MainThread] [root/api.py:69]: Fetching new weather data at 2026-08-16 10:50:45.687419
2026-08-16 11:00:45,681 [INFO] [MainThread] [root/api.py:69]: Fetching new weather data at 2026-08-16 11:00:45.681168
2026-08-16 11:10:45,720 [INFO] [MainThread] [root/api.py:69]: Fetching new weather data at 2026-08-16 11:10:45.720056
2026-08-16 11:20:45,697 [INFO] [MainThread] [root/api.py:69]: Fetching new weather data at 2026-08-16 11:20:45.696945
2026-08-16 11:30:45,700 [INFO] [MainThread] [root/api.py:69]: Fetching new weather data at 2026-08-16 11:30:45.700258
2026-08-16 11:40:45,689 [INFO] [MainThread] [root/api.py:69]: Fetching new weather data at 2026-08-16 11:40:45.689163
2026-08-16 11:50:45,722 [INFO] [MainThread] [root/api.py:69]: Fetching new weather data at 2026-08-16 11:50:45.722341
2026-08-16 12:00:45,701 [INFO] [MainThread] [root/api.py:69]: Fetching new weather data at 2026-08-16 12:00:45.701331
2026-08-16 12:10:45,692 [INFO] [MainThread] [root/api.py:69]: Fetching new weather data at 2026-08-16 12:10:45.692872
2026-08-16 12:20:45,687 [INFO] [MainThread] [root/api.py:69]: Fetching new weather data at 2026-08-16 12:20:45.687433
2026-08-16 12:21:29,067 [INFO] [MainThread] [root/bar_manager.py:119]: Stopping SystemEventListener...
2026-08-16 20:03:41,355 [INFO] [MainThread] [root/log.py:104]: YASB v2.0.6
2026-08-16 20:03:41,356 [INFO] [CLIPipeServer] [cli_server/cli_server.py:216]: CLI server started v1.1.7
2026-08-16 20:03:41,357 [INFO] [MainThread] [cli_server/cli_server.py:106]: Log pipe server started
2026-08-16 20:03:41,768 [INFO] [MainThread] [root/service.py:52]: AudioOutputService starting...
2026-08-16 20:03:42,000 [INFO] [MainThread] [root/bar_manager.py:103]: Starting SystemEventListener...
2026-08-16 20:03:42,002 [INFO] [MainThread] [root/watcher.py:65]: Watching directory: c:\users\erick\.config\yasb
2026-08-16 20:03:42,002 [INFO] [MainThread] [root/watcher.py:104]: Created file watcher
2026-08-16 20:03:42,037 [INFO] [MainThread] [root/update_service.py:434]: Background update checker started
2026-08-16 20:03:42,478 [INFO] [MainThread] [root/api.py:69]: Fetching new weather data at 2026-08-16 20:03:42.478471
Windows fatal exception: code 0x8001010d

Thread 0x000057cc [Thread-5] (most recent call first):
  File "C:\hostedtoolcache\windows\Python\3.14.6\x64\Lib\threading.py", line 369 in wait
  File "C:\hostedtoolcache\windows\Python\3.14.6\x64\Lib\queue.py", line 199 in get
  File "D:\a\yasb\yasb\venv\Lib\site-packages\watchdog\observers\api.py", line 379 in dispatch_events
  File "D:\a\yasb\yasb\venv\Lib\site-packages\watchdog\observers\api.py", line 213 in run
  File "C:\hostedtoolcache\windows\Python\3.14.6\x64\Lib\threading.py", line 1082 in _bootstrap_inner
  File "C:\hostedtoolcache\windows\Python\3.14.6\x64\Lib\threading.py", line 1044 in _bootstrap

Thread 0x000057c8 [Thread-6] (most recent call first):
  File "D:\a\yasb\yasb\venv\Lib\site-packages\watchdog\observers\winapi.py", line 326 in read_directory_changes
  File "D:\a\yasb\yasb\venv\Lib\site-packages\watchdog\observers\winapi.py", line 380 in read_events
  File "D:\a\yasb\yasb\venv\Lib\site-packages\watchdog\observers\read_directory_changes.py", line 67 in _read_events
  File "D:\a\yasb\yasb\venv\Lib\site-packages\watchdog\observers\read_directory_changes.py", line 70 in queue_events
  File "D:\a\yasb\yasb\venv\Lib\site-packages\watchdog\observers\api.py", line 158 in run
  File "C:\hostedtoolcache\windows\Python\3.14.6\x64\Lib\threading.py", line 1082 in _bootstrap_inner
  File "C:\hostedtoolcache\windows\Python\3.14.6\x64\Lib\threading.py", line 1044 in _bootstrap

Thread 0x000057c4 [SystemEventListener] (most recent call first):
  File "D:\a\yasb\yasb\src\core\utils\win32\event_listener.py", line 69 in run

Thread 0x00005720 [WiFiWorker] (most recent call first):
  File "C:\hostedtoolcache\windows\Python\3.14.6\x64\Lib\threading.py", line 373 in wait
  File "C:\hostedtoolcache\windows\Python\3.14.6\x64\Lib\threading.py", line 670 in wait
  File "D:\a\yasb\yasb\src\core\widgets\services\wifi\wifi_managers.py", line 160 in run

Thread 0x00005704 [MemoryWorker] (most recent call first):
  File "C:\hostedtoolcache\windows\Python\3.14.6\x64\Lib\threading.py", line 373 in wait
  File "C:\hostedtoolcache\windows\Python\3.14.6\x64\Lib\threading.py", line 670 in wait
  File "D:\a\yasb\yasb\src\core\widgets\services\memory\memory_api.py", line 247 in run

Thread 0x000056c0 [_EventWorker] (most recent call first):
  File "D:\a\yasb\yasb\venv\Lib\site-packages\qasync\_windows.py", line 147 in _poll
  File "D:\a\yasb\yasb\venv\Lib\site-packages\qasync\_windows.py", line 72 in select
  File "D:\a\yasb\yasb\venv\Lib\site-packages\qasync\_windows.py", line 199 in run

Thread 0x000056a4 [LogPipeServer] (most recent call first):
  File "D:\a\yasb\yasb\src\core\utils\win32\bindings\kernel32.py", line 291 in ConnectNamedPipe
  File "D:\a\yasb\yasb\src\core\utils\cli_server.py", line 138 in _run_server
  File "C:\hostedtoolcache\windows\Python\3.14.6\x64\Lib\threading.py", line 1024 in run
  File "C:\hostedtoolcache\windows\Python\3.14.6\x64\Lib\threading.py", line 1082 in _bootstrap_inner
  File "C:\hostedtoolcache\windows\Python\3.14.6\x64\Lib\threading.py", line 1044 in _bootstrap

Thread 0x000056a0 [CLIPipeServer] (most recent call first):
  File "D:\a\yasb\yasb\src\core\utils\win32\bindings\kernel32.py", line 291 in ConnectNamedPipe
  File "D:\a\yasb\yasb\src\core\utils\cli_server.py", line 235 in _run_server
  File "C:\hostedtoolcache\windows\Python\3.14.6\x64\Lib\threading.py", line 1024 in run
  File "C:\hostedtoolcache\windows\Python\3.14.6\x64\Lib\threading.py", line 1082 in _bootstrap_inner
  File "C:\hostedtoolcache\windows\Python\3.14.6\x64\Lib\threading.py", line 1044 in _bootstrap

Current thread 0x0000556c (most recent call first):
  File "D:\a\yasb\yasb\venv\Lib\site-packages\qasync\__init__.py", line 404 in run_forever
  File "D:\a\yasb\yasb\venv\Lib\site-packages\qasync\__init__.py", line 428 in run_until_complete
  File "main.py", line 100 in main
  File "main.py", line 203 in <module>
  File "D:\a\yasb\yasb\venv\Lib\site-packages\freeze_core\initscripts\console.py", line 43 in run
  File "src/freeze_core/initscripts/__startup__.py", line 147 in run
Windows fatal exception: code 0x800706f7

Thread 0x000057cc [Thread-5] (most recent call first):
  File "C:\hostedtoolcache\windows\Python\3.14.6\x64\Lib\threading.py", line 369 in wait
  File "C:\hostedtoolcache\windows\Python\3.14.6\x64\Lib\queue.py", line 199 in get
  File "D:\a\yasb\yasb\venv\Lib\site-packages\watchdog\observers\api.py", line 379 in dispatch_events
  File "D:\a\yasb\yasb\venv\Lib\site-packages\watchdog\observers\api.py", line 213 in run
  File "C:\hostedtoolcache\windows\Python\3.14.6\x64\Lib\threading.py", line 1082 in _bootstrap_inner
  File "C:\hostedtoolcache\windows\Python\3.14.6\x64\Lib\threading.py", line 1044 in _bootstrap

Thread 0x000057c8 [Thread-6] (most recent call first):
  File "D:\a\yasb\yasb\venv\Lib\site-packages\watchdog\observers\winapi.py", line 326 in read_directory_changes
  File "D:\a\yasb\yasb\venv\Lib\site-packages\watchdog\observers\winapi.py", line 380 in read_events
  File "D:\a\yasb\yasb\venv\Lib\site-packages\watchdog\observers\read_directory_changes.py", line 67 in _read_events
  File "D:\a\yasb\yasb\venv\Lib\site-packages\watchdog\observers\read_directory_changes.py", line 70 in queue_events
  File "D:\a\yasb\yasb\venv\Lib\site-packages\watchdog\observers\api.py", line 158 in run
  File "C:\hostedtoolcache\windows\Python\3.14.6\x64\Lib\threading.py", line 1082 in _bootstrap_inner
  File "C:\hostedtoolcache\windows\Python\3.14.6\x64\Lib\threading.py", line 1044 in _bootstrap

Thread 0x000057c4 [SystemEventListener] (most recent call first):
  File "D:\a\yasb\yasb\src\core\utils\win32\event_listener.py", line 69 in run

Thread 0x00005720 [WiFiWorker] (most recent call first):
  File "C:\hostedtoolcache\windows\Python\3.14.6\x64\Lib\threading.py", line 373 in wait
  File "C:\hostedtoolcache\windows\Python\3.14.6\x64\Lib\threading.py", line 670 in wait
  File "D:\a\yasb\yasb\src\core\widgets\services\wifi\wifi_managers.py", line 160 in run

Thread 0x00005704 [MemoryWorker] (most recent call first):
  File "C:\hostedtoolcache\windows\Python\3.14.6\x64\Lib\threading.py", line 373 in wait
  File "C:\hostedtoolcache\windows\Python\3.14.6\x64\Lib\threading.py", line 670 in wait
  File "D:\a\yasb\yasb\src\core\widgets\services\memory\memory_api.py", line 247 in run

Thread 0x000056c0 [_EventWorker] (most recent call first):
  File "D:\a\yasb\yasb\venv\Lib\site-packages\qasync\_windows.py", line 147 in _poll
  File "D:\a\yasb\yasb\venv\Lib\site-packages\qasync\_windows.py", line 72 in select
  File "D:\a\yasb\yasb\venv\Lib\site-packages\qasync\_windows.py", line 199 in run

Thread 0x000056a4 [LogPipeServer] (most recent call first):
  File "D:\a\yasb\yasb\src\core\utils\win32\bindings\kernel32.py", line 291 in ConnectNamedPipe
  File "D:\a\yasb\yasb\src\core\utils\cli_server.py", line 138 in _run_server
  File "C:\hostedtoolcache\windows\Python\3.14.6\x64\Lib\threading.py", line 1024 in run
  File "C:\hostedtoolcache\windows\Python\3.14.6\x64\Lib\threading.py", line 1082 in _bootstrap_inner
  File "C:\hostedtoolcache\windows\Python\3.14.6\x64\Lib\threading.py", line 1044 in _bootstrap

Thread 0x000056a0 [CLIPipeServer] (most recent call first):
  File "D:\a\yasb\yasb\src\core\utils\win32\bindings\kernel32.py", line 291 in ConnectNamedPipe
  File "D:\a\yasb\yasb\src\core\utils\cli_server.py", line 235 in _run_server
  File "C:\hostedtoolcache\windows\Python\3.14.6\x64\Lib\threading.py", line 1024 in run
  File "C:\hostedtoolcache\windows\Python\3.14.6\x64\Lib\threading.py", line 1082 in _bootstrap_inner
  File "C:\hostedtoolcache\windows\Python\3.14.6\x64\Lib\threading.py", line 1044 in _bootstrap

Current thread 0x0000556c (most recent call first):
  File "D:\a\yasb\yasb\src\core\widgets\yasb\active_window.py", line 337 in _update_window_title
  File "D:\a\yasb\yasb\src\core\widgets\yasb\active_window.py", line 237 in _on_focus_change_event
  File "D:\a\yasb\yasb\venv\Lib\site-packages\qasync\__init__.py", line 404 in run_forever
  File "D:\a\yasb\yasb\venv\Lib\site-packages\qasync\__init__.py", line 428 in run_until_complete
  File "main.py", line 100 in main
  File "main.py", line 203 in <module>
  File "D:\a\yasb\yasb\venv\Lib\site-packages\freeze_core\initscripts\console.py", line 43 in run
  File "src/freeze_core/initscripts/__startup__.py", line 147 in run
2026-08-16 20:13:41,922 [INFO] [MainThread] [root/api.py:69]: Fetching new weather data at 2026-08-16 20:13:41.922885
2026-08-16 20:23:41,912 [INFO] [MainThread] [root/api.py:69]: Fetching new weather data at 2026-08-16 20:23:41.912529
2026-08-16 20:33:41,916 [INFO] [MainThread] [root/api.py:69]: Fetching new weather data at 2026-08-16 20:33:41.916448
2026-08-16 20:43:41,907 [INFO] [MainThread] [root/api.py:69]: Fetching new weather data at 2026-08-16 20:43:41.907150
2026-08-16 20:53:41,916 [INFO] [MainThread] [root/api.py:69]: Fetching new weather data at 2026-08-16 20:53:41.916056
2026-08-16 21:03:41,911 [INFO] [MainThread] [root/api.py:69]: Fetching new weather data at 2026-08-16 21:03:41.911582
2026-08-16 21:13:41,952 [INFO] [MainThread] [root/api.py:69]: Fetching new weather data at 2026-08-16 21:13:41.952411
2026-08-16 21:23:41,931 [INFO] [MainThread] [root/api.py:69]: Fetching new weather data at 2026-08-16 21:23:41.931587
2026-08-16 21:33:42,097 [INFO] [MainThread] [root/api.py:69]: Fetching new weather data at 2026-08-16 21:33:42.097361
2026-08-16 21:43:41,907 [INFO] [MainThread] [root/api.py:69]: Fetching new weather data at 2026-08-16 21:43:41.906974
2026-08-16 21:53:41,917 [INFO] [MainThread] [root/api.py:69]: Fetching new weather data at 2026-08-16 21:53:41.917485
2026-08-16 22:03:42,033 [INFO] [MainThread] [root/api.py:69]: Fetching new weather data at 2026-08-16 22:03:42.033513
2026-08-16 22:13:41,908 [INFO] [MainThread] [root/api.py:69]: Fetching new weather data at 2026-08-16 22:13:41.908380
2026-08-16 22:23:41,917 [INFO] [MainThread] [root/api.py:69]: Fetching new weather data at 2026-08-16 22:23:41.917908
2026-08-16 22:33:41,914 [INFO] [MainThread] [root/api.py:69]: Fetching new weather data at 2026-08-16 22:33:41.914676
2026-08-16 22:43:41,917 [INFO] [MainThread] [root/api.py:69]: Fetching new weather data at 2026-08-16 22:43:41.917349
2026-08-16 22:53:41,910 [INFO] [MainThread] [root/api.py:69]: Fetching new weather data at 2026-08-16 22:53:41.910784
2026-08-16 23:03:42,085 [INFO] [MainThread] [root/api.py:69]: Fetching new weather data at 2026-08-16 23:03:42.085820
2026-08-16 23:13:41,924 [INFO] [MainThread] [root/api.py:69]: Fetching new weather data at 2026-08-16 23:13:41.924662
2026-08-16 23:23:41,928 [INFO] [MainThread] [root/api.py:69]: Fetching new weather data at 2026-08-16 23:23:41.928767
2026-08-16 23:33:41,916 [INFO] [MainThread] [root/api.py:69]: Fetching new weather data at 2026-08-16 23:33:41.915919
2026-08-16 23:43:41,916 [INFO] [MainThread] [root/api.py:69]: Fetching new weather data at 2026-08-16 23:43:41.916412
2026-08-16 23:53:41,908 [INFO] [MainThread] [root/api.py:69]: Fetching new weather data at 2026-08-16 23:53:41.908545
2026-08-17 00:03:41,912 [INFO] [MainThread] [root/api.py:69]: Fetching new weather data at 2026-08-17 00:03:41.912867
2026-08-17 00:13:41,927 [INFO] [MainThread] [root/api.py:69]: Fetching new weather data at 2026-08-17 00:13:41.927257
2026-08-17 00:16:44,534 [INFO] [MainThread] [root/bar_helper.py:594]: AppBarManager need to re-register 2 bars
2026-08-17 00:16:44,897 [INFO] [MainThread] [root/bar_helper.py:603]: Re-registered AppBar for primary-bar_24G50F_f2652897 (space reservation + fullscreen)
2026-08-17 00:16:45,115 [INFO] [MainThread] [root/bar_helper.py:603]: Re-registered AppBar for primary-bar_BenQ RL2755_fe88d817 (space reservation + fullscreen)
2026-08-17 00:23:41,911 [INFO] [MainThread] [root/api.py:69]: Fetching new weather data at 2026-08-17 00:23:41.911746
2026-08-17 00:33:41,918 [INFO] [MainThread] [root/api.py:69]: Fetching new weather data at 2026-08-17 00:33:41.918370
2026-08-17 00:43:41,915 [INFO] [MainThread] [root/api.py:69]: Fetching new weather data at 2026-08-17 00:43:41.915521
2026-08-17 00:53:41,912 [INFO] [MainThread] [root/api.py:69]: Fetching new weather data at 2026-08-17 00:53:41.912206
2026-08-17 01:03:42,057 [INFO] [MainThread] [root/api.py:69]: Fetching new weather data at 2026-08-17 01:03:42.057261
2026-08-17 01:13:41,924 [INFO] [MainThread] [root/api.py:69]: Fetching new weather data at 2026-08-17 01:13:41.924548
2026-08-17 01:23:41,918 [INFO] [MainThread] [root/api.py:69]: Fetching new weather data at 2026-08-17 01:23:41.918302
2026-08-17 01:33:41,912 [INFO] [MainThread] [root/api.py:69]: Fetching new weather data at 2026-08-17 01:33:41.912811
2026-08-17 01:43:41,916 [INFO] [MainThread] [root/api.py:69]: Fetching new weather data at 2026-08-17 01:43:41.916879
2026-08-17 01:53:41,908 [INFO] [MainThread] [root/api.py:69]: Fetching new weather data at 2026-08-17 01:53:41.908839
2026-08-17 02:03:41,909 [INFO] [MainThread] [root/api.py:69]: Fetching new weather data at 2026-08-17 02:03:41.909593
2026-08-17 02:13:41,922 [INFO] [MainThread] [root/api.py:69]: Fetching new weather data at 2026-08-17 02:13:41.922765
2026-08-17 02:23:41,905 [INFO] [MainThread] [root/api.py:69]: Fetching new weather data at 2026-08-17 02:23:41.905912
2026-08-17 02:33:41,922 [INFO] [MainThread] [root/api.py:69]: Fetching new weather data at 2026-08-17 02:33:41.922434
2026-08-17 02:43:41,917 [INFO] [MainThread] [root/api.py:69]: Fetching new weather data at 2026-08-17 02:43:41.917362
2026-08-17 02:53:41,913 [INFO] [MainThread] [root/api.py:69]: Fetching new weather data at 2026-08-17 02:53:41.913562
2026-08-17 03:03:41,917 [INFO] [MainThread] [root/api.py:69]: Fetching new weather data at 2026-08-17 03:03:41.917073
2026-08-17 03:13:41,916 [INFO] [MainThread] [root/api.py:69]: Fetching new weather data at 2026-08-17 03:13:41.916899
2026-08-17 03:23:41,903 [INFO] [MainThread] [root/api.py:69]: Fetching new weather data at 2026-08-17 03:23:41.903942
2026-08-17 03:33:41,902 [INFO] [MainThread] [root/api.py:69]: Fetching new weather data at 2026-08-17 03:33:41.902395
2026-08-17 03:43:41,911 [INFO] [MainThread] [root/api.py:69]: Fetching new weather data at 2026-08-17 03:43:41.911847
2026-08-17 03:53:41,930 [INFO] [MainThread] [root/api.py:69]: Fetching new weather data at 2026-08-17 03:53:41.930910
2026-08-17 04:03:41,920 [INFO] [MainThread] [root/api.py:69]: Fetching new weather data at 2026-08-17 04:03:41.920947
2026-08-17 04:13:42,035 [INFO] [MainThread] [root/api.py:69]: Fetching new weather data at 2026-08-17 04:13:42.035169
2026-08-17 04:23:41,915 [INFO] [MainThread] [root/api.py:69]: Fetching new weather data at 2026-08-17 04:23:41.915204
2026-08-17 04:33:41,911 [INFO] [MainThread] [root/api.py:69]: Fetching new weather data at 2026-08-17 04:33:41.911047
2026-08-17 04:43:41,920 [INFO] [MainThread] [root/api.py:69]: Fetching new weather data at 2026-08-17 04:43:41.920421
2026-08-17 04:53:41,911 [INFO] [MainThread] [root/api.py:69]: Fetching new weather data at 2026-08-17 04:53:41.911781
2026-08-17 05:03:41,921 [INFO] [MainThread] [root/api.py:69]: Fetching new weather data at 2026-08-17 05:03:41.921102
2026-08-17 05:05:07,521 [INFO] [MainThread] [root/bar_manager.py:119]: Stopping SystemEventListener...
2026-08-17 09:25:41,827 [INFO] [MainThread] [root/log.py:104]: YASB v2.0.6
2026-08-17 09:25:41,827 [INFO] [CLIPipeServer] [cli_server/cli_server.py:216]: CLI server started v1.1.7
2026-08-17 09:25:41,828 [INFO] [MainThread] [cli_server/cli_server.py:106]: Log pipe server started
2026-08-17 09:25:42,238 [INFO] [MainThread] [root/service.py:52]: AudioOutputService starting...
2026-08-17 09:25:42,453 [INFO] [MainThread] [root/bar_manager.py:103]: Starting SystemEventListener...
2026-08-17 09:25:42,455 [INFO] [MainThread] [root/watcher.py:65]: Watching directory: c:\users\erick\.config\yasb
2026-08-17 09:25:42,455 [INFO] [MainThread] [root/watcher.py:104]: Created file watcher
2026-08-17 09:25:42,484 [INFO] [MainThread] [root/update_service.py:434]: Background update checker started
2026-08-17 09:25:42,869 [INFO] [MainThread] [root/api.py:69]: Fetching new weather data at 2026-08-17 09:25:42.869526
Windows fatal exception: code 0x8001010d

Thread 0x00003134 [Thread-5] (most recent call first):
  File "C:\hostedtoolcache\windows\Python\3.14.6\x64\Lib\threading.py", line 369 in wait
  File "C:\hostedtoolcache\windows\Python\3.14.6\x64\Lib\queue.py", line 199 in get
  File "D:\a\yasb\yasb\venv\Lib\site-packages\watchdog\observers\api.py", line 379 in dispatch_events
  File "D:\a\yasb\yasb\venv\Lib\site-packages\watchdog\observers\api.py", line 213 in run
  File "C:\hostedtoolcache\windows\Python\3.14.6\x64\Lib\threading.py", line 1082 in _bootstrap_inner
  File "C:\hostedtoolcache\windows\Python\3.14.6\x64\Lib\threading.py", line 1044 in _bootstrap

Thread 0x00004440 [Thread-6] (most recent call first):
  File "D:\a\yasb\yasb\venv\Lib\site-packages\watchdog\observers\winapi.py", line 326 in read_directory_changes
  File "D:\a\yasb\yasb\venv\Lib\site-packages\watchdog\observers\winapi.py", line 380 in read_events
  File "D:\a\yasb\yasb\venv\Lib\site-packages\watchdog\observers\read_directory_changes.py", line 67 in _read_events
  File "D:\a\yasb\yasb\venv\Lib\site-packages\watchdog\observers\read_directory_changes.py", line 70 in queue_events
  File "D:\a\yasb\yasb\venv\Lib\site-packages\watchdog\observers\api.py", line 158 in run
  File "C:\hostedtoolcache\windows\Python\3.14.6\x64\Lib\threading.py", line 1082 in _bootstrap_inner
  File "C:\hostedtoolcache\windows\Python\3.14.6\x64\Lib\threading.py", line 1044 in _bootstrap

Thread 0x0000137c [SystemEventListener] (most recent call first):
  File "D:\a\yasb\yasb\src\core\utils\win32\event_listener.py", line 69 in run

Thread 0x00004690 [WiFiWorker] (most recent call first):
  File "C:\hostedtoolcache\windows\Python\3.14.6\x64\Lib\threading.py", line 373 in wait
  File "C:\hostedtoolcache\windows\Python\3.14.6\x64\Lib\threading.py", line 670 in wait
  File "D:\a\yasb\yasb\src\core\widgets\services\wifi\wifi_managers.py", line 160 in run

Thread 0x00004640 [MemoryWorker] (most recent call first):
  File "C:\hostedtoolcache\windows\Python\3.14.6\x64\Lib\threading.py", line 373 in wait
  File "C:\hostedtoolcache\windows\Python\3.14.6\x64\Lib\threading.py", line 670 in wait
  File "D:\a\yasb\yasb\src\core\widgets\services\memory\memory_api.py", line 247 in run

Thread 0x00004564 [_EventWorker] (most recent call first):
  File "D:\a\yasb\yasb\venv\Lib\site-packages\qasync\_windows.py", line 147 in _poll
  File "D:\a\yasb\yasb\venv\Lib\site-packages\qasync\_windows.py", line 72 in select
  File "D:\a\yasb\yasb\venv\Lib\site-packages\qasync\_windows.py", line 199 in run

Thread 0x00001b14 [LogPipeServer] (most recent call first):
  File "D:\a\yasb\yasb\src\core\utils\win32\bindings\kernel32.py", line 291 in ConnectNamedPipe
  File "D:\a\yasb\yasb\src\core\utils\cli_server.py", line 138 in _run_server
  File "C:\hostedtoolcache\windows\Python\3.14.6\x64\Lib\threading.py", line 1024 in run
  File "C:\hostedtoolcache\windows\Python\3.14.6\x64\Lib\threading.py", line 1082 in _bootstrap_inner
  File "C:\hostedtoolcache\windows\Python\3.14.6\x64\Lib\threading.py", line 1044 in _bootstrap

Thread 0x00000bbc [CLIPipeServer] (most recent call first):
  File "D:\a\yasb\yasb\src\core\utils\win32\bindings\kernel32.py", line 291 in ConnectNamedPipe
  File "D:\a\yasb\yasb\src\core\utils\cli_server.py", line 235 in _run_server
  File "C:\hostedtoolcache\windows\Python\3.14.6\x64\Lib\threading.py", line 1024 in run
  File "C:\hostedtoolcache\windows\Python\3.14.6\x64\Lib\threading.py", line 1082 in _bootstrap_inner
  File "C:\hostedtoolcache\windows\Python\3.14.6\x64\Lib\threading.py", line 1044 in _bootstrap

Current thread 0x000026cc (most recent call first):
  File "D:\a\yasb\yasb\venv\Lib\site-packages\qasync\__init__.py", line 404 in run_forever
  File "D:\a\yasb\yasb\venv\Lib\site-packages\qasync\__init__.py", line 428 in run_until_complete
  File "main.py", line 100 in main
  File "main.py", line 203 in <module>
  File "D:\a\yasb\yasb\venv\Lib\site-packages\freeze_core\initscripts\console.py", line 43 in run
  File "src/freeze_core/initscripts/__startup__.py", line 147 in run
2026-08-17 09:35:42,388 [INFO] [MainThread] [root/api.py:69]: Fetching new weather data at 2026-08-17 09:35:42.388418
2026-08-17 09:45:42,406 [INFO] [MainThread] [root/api.py:69]: Fetching new weather data at 2026-08-17 09:45:42.406890
2026-08-17 09:55:42,466 [INFO] [MainThread] [root/api.py:69]: Fetching new weather data at 2026-08-17 09:55:42.466760
2026-08-17 10:05:42,391 [INFO] [MainThread] [root/api.py:69]: Fetching new weather data at 2026-08-17 10:05:42.390939
2026-08-17 10:15:42,384 [INFO] [MainThread] [root/api.py:69]: Fetching new weather data at 2026-08-17 10:15:42.384116
2026-08-17 10:25:42,380 [INFO] [MainThread] [root/api.py:69]: Fetching new weather data at 2026-08-17 10:25:42.380232
2026-08-17 10:35:42,387 [INFO] [MainThread] [root/api.py:69]: Fetching new weather data at 2026-08-17 10:35:42.387179
2026-08-17 10:45:42,439 [INFO] [MainThread] [root/api.py:69]: Fetching new weather data at 2026-08-17 10:45:42.439316
2026-08-17 10:55:42,378 [INFO] [MainThread] [root/api.py:69]: Fetching new weather data at 2026-08-17 10:55:42.378930
2026-08-17 11:05:42,390 [INFO] [MainThread] [root/api.py:69]: Fetching new weather data at 2026-08-17 11:05:42.390850
2026-08-17 11:15:42,384 [INFO] [MainThread] [root/api.py:69]: Fetching new weather data at 2026-08-17 11:15:42.384480
2026-08-17 11:25:42,393 [INFO] [MainThread] [root/api.py:69]: Fetching new weather data at 2026-08-17 11:25:42.393688
2026-08-17 11:35:42,385 [INFO] [MainThread] [root/api.py:69]: Fetching new weather data at 2026-08-17 11:35:42.384957
2026-08-17 11:45:42,384 [INFO] [MainThread] [root/api.py:69]: Fetching new weather data at 2026-08-17 11:45:42.384222
2026-08-17 11:55:42,384 [INFO] [MainThread] [root/api.py:69]: Fetching new weather data at 2026-08-17 11:55:42.384375
2026-08-17 12:05:42,384 [INFO] [MainThread] [root/api.py:69]: Fetching new weather data at 2026-08-17 12:05:42.384656
2026-08-17 12:15:42,386 [INFO] [MainThread] [root/api.py:69]: Fetching new weather data at 2026-08-17 12:15:42.386219
2026-08-17 12:25:42,391 [INFO] [MainThread] [root/api.py:69]: Fetching new weather data at 2026-08-17 12:25:42.391617
2026-08-17 12:35:42,383 [INFO] [MainThread] [root/api.py:69]: Fetching new weather data at 2026-08-17 12:35:42.383409
2026-08-17 12:45:42,388 [INFO] [MainThread] [root/api.py:69]: Fetching new weather data at 2026-08-17 12:45:42.388782
2026-08-17 12:55:42,416 [INFO] [MainThread] [root/api.py:69]: Fetching new weather data at 2026-08-17 12:55:42.416639
2026-08-17 13:05:42,397 [INFO] [MainThread] [root/api.py:69]: Fetching new weather data at 2026-08-17 13:05:42.397086
2026-08-17 13:15:42,392 [INFO] [MainThread] [root/api.py:69]: Fetching new weather data at 2026-08-17 13:15:42.392608
2026-08-17 13:25:42,384 [INFO] [MainThread] [root/api.py:69]: Fetching new weather data at 2026-08-17 13:25:42.384361
2026-08-17 13:35:42,384 [INFO] [MainThread] [root/api.py:69]: Fetching new weather data at 2026-08-17 13:35:42.384597
2026-08-17 13:45:42,495 [INFO] [MainThread] [root/api.py:69]: Fetching new weather data at 2026-08-17 13:45:42.495478
2026-08-17 13:55:42,387 [INFO] [MainThread] [root/api.py:69]: Fetching new weather data at 2026-08-17 13:55:42.387027
2026-08-17 14:05:42,389 [INFO] [MainThread] [root/api.py:69]: Fetching new weather data at 2026-08-17 14:05:42.389609
2026-08-17 14:15:42,382 [INFO] [MainThread] [root/api.py:69]: Fetching new weather data at 2026-08-17 14:15:42.381976
2026-08-17 14:25:42,385 [INFO] [MainThread] [root/api.py:69]: Fetching new weather data at 2026-08-17 14:25:42.385862
2026-08-17 14:35:42,393 [INFO] [MainThread] [root/api.py:69]: Fetching new weather data at 2026-08-17 14:35:42.393006
2026-08-17 14:45:42,416 [INFO] [MainThread] [root/api.py:69]: Fetching new weather data at 2026-08-17 14:45:42.415993
2026-08-17 14:55:42,385 [INFO] [MainThread] [root/api.py:69]: Fetching new weather data at 2026-08-17 14:55:42.385208
2026-08-17 15:05:42,378 [INFO] [MainThread] [root/api.py:69]: Fetching new weather data at 2026-08-17 15:05:42.378346
2026-08-17 15:15:42,391 [INFO] [MainThread] [root/api.py:69]: Fetching new weather data at 2026-08-17 15:15:42.391505
2026-08-17 15:25:42,385 [INFO] [MainThread] [root/api.py:69]: Fetching new weather data at 2026-08-17 15:25:42.385304
2026-08-17 15:35:42,502 [INFO] [MainThread] [root/api.py:69]: Fetching new weather data at 2026-08-17 15:35:42.502947
2026-08-17 15:45:42,383 [INFO] [MainThread] [root/api.py:69]: Fetching new weather data at 2026-08-17 15:45:42.383123
2026-08-17 15:55:42,371 [INFO] [MainThread] [root/api.py:69]: Fetching new weather data at 2026-08-17 15:55:42.371941
2026-08-17 16:05:42,379 [INFO] [MainThread] [root/api.py:69]: Fetching new weather data at 2026-08-17 16:05:42.379199
2026-08-17 16:15:42,379 [INFO] [MainThread] [root/api.py:69]: Fetching new weather data at 2026-08-17 16:15:42.379415
2026-08-17 16:25:42,393 [INFO] [MainThread] [root/api.py:69]: Fetching new weather data at 2026-08-17 16:25:42.393560
2026-08-17 16:35:42,480 [INFO] [MainThread] [root/api.py:69]: Fetching new weather data at 2026-08-17 16:35:42.480342
2026-08-17 16:45:42,380 [INFO] [MainThread] [root/api.py:69]: Fetching new weather data at 2026-08-17 16:45:42.380064
2026-08-17 16:55:42,393 [INFO] [MainThread] [root/api.py:69]: Fetching new weather data at 2026-08-17 16:55:42.393148
2026-08-17 17:05:42,377 [INFO] [MainThread] [root/api.py:69]: Fetching new weather data at 2026-08-17 17:05:42.377488
2026-08-17 17:15:42,400 [INFO] [MainThread] [root/api.py:69]: Fetching new weather data at 2026-08-17 17:15:42.400376
2026-08-17 17:25:42,383 [INFO] [MainThread] [root/api.py:69]: Fetching new weather data at 2026-08-17 17:25:42.383812
2026-08-17 17:35:42,380 [INFO] [MainThread] [root/api.py:69]: Fetching new weather data at 2026-08-17 17:35:42.380487
2026-08-17 17:45:42,384 [INFO] [MainThread] [root/api.py:69]: Fetching new weather data at 2026-08-17 17:45:42.384309
2026-08-17 17:55:42,427 [INFO] [MainThread] [root/api.py:69]: Fetching new weather data at 2026-08-17 17:55:42.427695
2026-08-17 23:07:32,524 [INFO] [MainThread] [root/bar_manager.py:97]: Screens updated. Re-initialising all bars.
2026-08-17 23:07:32,529 [INFO] [MainThread] [root/controller.py:21]: Reloading Application because of screen update.
2026-08-17 23:07:32,669 [INFO] [MainThread] [cli_server/cli_server.py:114]: Log pipe server stopped
2026-08-17 23:07:35,584 [ERROR] [MainThread] [root/api.py:84]: No internet connection or host not found. Unable to fetch weather.
2026-08-17 23:07:35,585 [WARNING] [MainThread] [root/weather.py:565]: Error processing weather data: Weather data is empty.. Retrying fetch in 10 seconds.
2026-08-17 23:07:35,589 [WARNING] [MainThread] [root/weather.py:565]: Error processing weather data: Weather data is empty.. Retrying fetch in 10 seconds.
2026-08-17 23:07:35,644 [INFO] [MainThread] [root/bar.py:153]: Screen geometry changed. Updating position for bar primary-bar on screen BenQ RL2755
2026-08-17 23:07:35,704 [INFO] [MainThread] [root/bar.py:153]: Screen geometry changed. Updating position for bar primary-bar on screen BenQ RL2755
2026-08-17 23:07:36,206 [INFO] [MainThread] [root/bar_manager.py:119]: Stopping SystemEventListener...
2026-08-17 23:07:36,524 [INFO] [MainThread] [root/log.py:104]: YASB v2.0.6
2026-08-17 23:07:36,525 [INFO] [CLIPipeServer] [cli_server/cli_server.py:216]: CLI server started v1.1.7
2026-08-17 23:07:36,526 [INFO] [MainThread] [cli_server/cli_server.py:106]: Log pipe server started
2026-08-17 23:07:37,361 [INFO] [MainThread] [root/service.py:52]: AudioOutputService starting...
Windows fatal exception: code 0x8001010d

Thread 0x00002928 [Thread-4 (fetch)] (most recent call first):
  File "D:\a\yasb\yasb\venv\Lib\site-packages\pycaw\utils.py", line 253 in CreateDevice
  File "D:\a\yasb\yasb\venv\Lib\site-packages\pycaw\utils.py", line 288 in GetAllDevices
  File "D:\a\yasb\yasb\src\core\widgets\services\volume\service.py", line 77 in fetch
  File "C:\hostedtoolcache\windows\Python\3.14.6\x64\Lib\threading.py", line 1024 in run
  File "C:\hostedtoolcache\windows\Python\3.14.6\x64\Lib\threading.py", line 1082 in _bootstrap_inner
  File "C:\hostedtoolcache\windows\Python\3.14.6\x64\Lib\threading.py", line 1044 in _bootstrap

Thread 0x00000898 [WiFiWorker] (most recent call first):
  File "C:\hostedtoolcache\windows\Python\3.14.6\x64\Lib\threading.py", line 373 in wait
  File "C:\hostedtoolcache\windows\Python\3.14.6\x64\Lib\threading.py", line 670 in wait
  File "D:\a\yasb\yasb\src\core\widgets\services\wifi\wifi_managers.py", line 160 in run

Thread 0x000068b4 [MemoryWorker] (most recent call first):
  File "C:\hostedtoolcache\windows\Python\3.14.6\x64\Lib\threading.py", line 373 in wait
  File "C:\hostedtoolcache\windows\Python\3.14.6\x64\Lib\threading.py", line 670 in wait
  File "D:\a\yasb\yasb\src\core\widgets\services\memory\memory_api.py", line 247 in run

Thread 0x00000af0 [_EventWorker] (most recent call first):
  File "D:\a\yasb\yasb\venv\Lib\site-packages\qasync\_windows.py", line 147 in _poll
  File "D:\a\yasb\yasb\venv\Lib\site-packages\qasync\_windows.py", line 72 in select
  File "D:\a\yasb\yasb\venv\Lib\site-packages\qasync\_windows.py", line 199 in run

Thread 0x000080bc [LogPipeServer] (most recent call first):
  File "D:\a\yasb\yasb\src\core\utils\win32\bindings\kernel32.py", line 291 in ConnectNamedPipe
  File "D:\a\yasb\yasb\src\core\utils\cli_server.py", line 138 in _run_server
  File "C:\hostedtoolcache\windows\Python\3.14.6\x64\Lib\threading.py", line 1024 in run
  File "C:\hostedtoolcache\windows\Python\3.14.6\x64\Lib\threading.py", line 1082 in _bootstrap_inner
  File "C:\hostedtoolcache\windows\Python\3.14.6\x64\Lib\threading.py", line 1044 in _bootstrap

Thread 0x0000698c [CLIPipeServer] (most recent call first):
  File "D:\a\yasb\yasb\src\core\utils\win32\bindings\kernel32.py", line 291 in ConnectNamedPipe
  File "D:\a\yasb\yasb\src\core\utils\cli_server.py", line 235 in _run_server
  File "C:\hostedtoolcache\windows\Python\3.14.6\x64\Lib\threading.py", line 1024 in run
  File "C:\hostedtoolcache\windows\Python\3.14.6\x64\Lib\threading.py", line 1082 in _bootstrap_inner
  File "C:\hostedtoolcache\windows\Python\3.14.6\x64\Lib\threading.py", line 1044 in _bootstrap

Current thread 0x00001ec0 (most recent call first):
  File "D:\a\yasb\yasb\src\core\utils\win32\app_bar.py", line 147 in register_new
  File "D:\a\yasb\yasb\src\core\utils\win32\app_bar.py", line 107 in create_appbar
  File "D:\a\yasb\yasb\src\core\bar.py", line 173 in update_app_bar
  File "D:\a\yasb\yasb\src\core\bar.py", line 128 in __init__
  File "D:\a\yasb\yasb\src\core\bar_manager.py", line 266 in create_bar
  File "D:\a\yasb\yasb\src\core\bar_manager.py", line 162 in initialize_bars
  File "main.py", line 144 in main_async
  File "C:\hostedtoolcache\windows\Python\3.14.6\x64\Lib\asyncio\events.py", line 94 in _run
  File "D:\a\yasb\yasb\venv\Lib\site-packages\qasync\__init__.py", line 307 in timerEvent
  File "D:\a\yasb\yasb\venv\Lib\site-packages\qasync\__init__.py", line 404 in run_forever
  File "D:\a\yasb\yasb\venv\Lib\site-packages\qasync\__init__.py", line 428 in run_until_complete
  File "main.py", line 100 in main
  File "main.py", line 203 in <module>
  File "D:\a\yasb\yasb\venv\Lib\site-packages\freeze_core\initscripts\console.py", line 43 in run
  File "src/freeze_core/initscripts/__startup__.py", line 147 in run
2026-08-17 23:07:37,890 [INFO] [MainThread] [root/bar_manager.py:103]: Starting SystemEventListener...
2026-08-17 23:07:37,893 [INFO] [MainThread] [root/watcher.py:65]: Watching directory: c:\users\erick\.config\yasb
2026-08-17 23:07:37,893 [INFO] [MainThread] [root/watcher.py:104]: Created file watcher
2026-08-17 23:07:37,948 [INFO] [MainThread] [root/update_service.py:434]: Background update checker started
2026-08-17 23:07:38,595 [INFO] [MainThread] [root/api.py:69]: Fetching new weather data at 2026-08-17 23:07:38.595810
2026-08-17 23:08:43,924 [INFO] [MainThread] [root/bar_manager.py:119]: Stopping SystemEventListener...
2026-08-17 23:12:05,749 [INFO] [MainThread] [root/log.py:104]: YASB v2.0.6
2026-08-17 23:12:05,750 [INFO] [CLIPipeServer] [cli_server/cli_server.py:216]: CLI server started v1.1.7
2026-08-17 23:12:05,750 [INFO] [MainThread] [cli_server/cli_server.py:106]: Log pipe server started
2026-08-17 23:12:06,171 [INFO] [MainThread] [root/service.py:52]: AudioOutputService starting...
2026-08-17 23:12:06,429 [INFO] [MainThread] [root/bar_manager.py:103]: Starting SystemEventListener...
2026-08-17 23:12:06,430 [INFO] [MainThread] [root/watcher.py:65]: Watching directory: c:\users\erick\.config\yasb
2026-08-17 23:12:06,431 [INFO] [MainThread] [root/watcher.py:104]: Created file watcher
2026-08-17 23:12:06,541 [INFO] [MainThread] [root/update_service.py:434]: Background update checker started
2026-08-17 23:12:07,070 [INFO] [MainThread] [root/api.py:69]: Fetching new weather data at 2026-08-17 23:12:07.070390
Windows fatal exception: code 0x8001010d

Thread 0x0000330c [SystemEventListener] (most recent call first):
  File "D:\a\yasb\yasb\src\core\utils\win32\event_listener.py", line 69 in run

Thread 0x00005860 [Thread-5] (most recent call first):
  File "C:\hostedtoolcache\windows\Python\3.14.6\x64\Lib\threading.py", line 369 in wait
  File "C:\hostedtoolcache\windows\Python\3.14.6\x64\Lib\queue.py", line 199 in get
  File "D:\a\yasb\yasb\venv\Lib\site-packages\watchdog\observers\api.py", line 379 in dispatch_events
  File "D:\a\yasb\yasb\venv\Lib\site-packages\watchdog\observers\api.py", line 213 in run
  File "C:\hostedtoolcache\windows\Python\3.14.6\x64\Lib\threading.py", line 1082 in _bootstrap_inner
  File "C:\hostedtoolcache\windows\Python\3.14.6\x64\Lib\threading.py", line 1044 in _bootstrap

Thread 0x000059e4 [Thread-6] (most recent call first):
  File "D:\a\yasb\yasb\venv\Lib\site-packages\watchdog\observers\winapi.py", line 326 in read_directory_changes
  File "D:\a\yasb\yasb\venv\Lib\site-packages\watchdog\observers\winapi.py", line 380 in read_events
  File "D:\a\yasb\yasb\venv\Lib\site-packages\watchdog\observers\read_directory_changes.py", line 67 in _read_events
  File "D:\a\yasb\yasb\venv\Lib\site-packages\watchdog\observers\read_directory_changes.py", line 70 in queue_events
  File "D:\a\yasb\yasb\venv\Lib\site-packages\watchdog\observers\api.py", line 158 in run
  File "C:\hostedtoolcache\windows\Python\3.14.6\x64\Lib\threading.py", line 1082 in _bootstrap_inner
  File "C:\hostedtoolcache\windows\Python\3.14.6\x64\Lib\threading.py", line 1044 in _bootstrap

Thread 0x0000522c [WiFiWorker] (most recent call first):
  File "C:\hostedtoolcache\windows\Python\3.14.6\x64\Lib\threading.py", line 373 in wait
  File "C:\hostedtoolcache\windows\Python\3.14.6\x64\Lib\threading.py", line 670 in wait
  File "D:\a\yasb\yasb\src\core\widgets\services\wifi\wifi_managers.py", line 160 in run

Thread 0x00004f84 [MemoryWorker] (most recent call first):
  File "C:\hostedtoolcache\windows\Python\3.14.6\x64\Lib\threading.py", line 373 in wait
  File "C:\hostedtoolcache\windows\Python\3.14.6\x64\Lib\threading.py", line 670 in wait
  File "D:\a\yasb\yasb\src\core\widgets\services\memory\memory_api.py", line 247 in run

Thread 0x00003d84 [_EventWorker] (most recent call first):
  File "D:\a\yasb\yasb\venv\Lib\site-packages\qasync\_windows.py", line 147 in _poll
  File "D:\a\yasb\yasb\venv\Lib\site-packages\qasync\_windows.py", line 72 in select
  File "D:\a\yasb\yasb\venv\Lib\site-packages\qasync\_windows.py", line 199 in run

Thread 0x00004b1c [LogPipeServer] (most recent call first):
  File "D:\a\yasb\yasb\src\core\utils\win32\bindings\kernel32.py", line 291 in ConnectNamedPipe
  File "D:\a\yasb\yasb\src\core\utils\cli_server.py", line 138 in _run_server
  File "C:\hostedtoolcache\windows\Python\3.14.6\x64\Lib\threading.py", line 1024 in run
  File "C:\hostedtoolcache\windows\Python\3.14.6\x64\Lib\threading.py", line 1082 in _bootstrap_inner
  File "C:\hostedtoolcache\windows\Python\3.14.6\x64\Lib\threading.py", line 1044 in _bootstrap

Thread 0x00004b3c [CLIPipeServer] (most recent call first):
  File "D:\a\yasb\yasb\src\core\utils\win32\bindings\kernel32.py", line 291 in ConnectNamedPipe
  File "D:\a\yasb\yasb\src\core\utils\cli_server.py", line 235 in _run_server
  File "C:\hostedtoolcache\windows\Python\3.14.6\x64\Lib\threading.py", line 1024 in run
  File "C:\hostedtoolcache\windows\Python\3.14.6\x64\Lib\threading.py", line 1082 in _bootstrap_inner
  File "C:\hostedtoolcache\windows\Python\3.14.6\x64\Lib\threading.py", line 1044 in _bootstrap

Current thread 0x00000b00 (most recent call first):
  File "D:\a\yasb\yasb\venv\Lib\site-packages\qasync\__init__.py", line 404 in run_forever
  File "D:\a\yasb\yasb\venv\Lib\site-packages\qasync\__init__.py", line 428 in run_until_complete
  File "main.py", line 100 in main
  File "main.py", line 203 in <module>
  File "D:\a\yasb\yasb\venv\Lib\site-packages\freeze_core\initscripts\console.py", line 43 in run
  File "src/freeze_core/initscripts/__startup__.py", line 147 in run
2026-08-17 23:22:06,320 [INFO] [MainThread] [root/api.py:69]: Fetching new weather data at 2026-08-17 23:22:06.320411
2026-08-17 23:32:06,710 [INFO] [MainThread] [root/api.py:69]: Fetching new weather data at 2026-08-17 23:32:06.710078
2026-08-17 23:42:06,366 [INFO] [MainThread] [root/api.py:69]: Fetching new weather data at 2026-08-17 23:42:06.366521
2026-08-17 23:52:06,367 [INFO] [MainThread] [root/api.py:69]: Fetching new weather data at 2026-08-17 23:52:06.367180
2026-08-18 00:02:06,493 [INFO] [MainThread] [root/api.py:69]: Fetching new weather data at 2026-08-18 00:02:06.493151
2026-08-18 00:12:06,517 [INFO] [MainThread] [root/api.py:69]: Fetching new weather data at 2026-08-18 00:12:06.517701
2026-08-18 00:22:06,328 [INFO] [MainThread] [root/api.py:69]: Fetching new weather data at 2026-08-18 00:22:06.328498
2026-08-18 00:32:06,328 [INFO] [MainThread] [root/api.py:69]: Fetching new weather data at 2026-08-18 00:32:06.328598
2026-08-18 00:42:06,355 [INFO] [MainThread] [root/api.py:69]: Fetching new weather data at 2026-08-18 00:42:06.354979
2026-08-18 00:52:06,337 [INFO] [MainThread] [root/api.py:69]: Fetching new weather data at 2026-08-18 00:52:06.337493
2026-08-18 01:02:06,338 [INFO] [MainThread] [root/api.py:69]: Fetching new weather data at 2026-08-18 01:02:06.338245
2026-08-18 01:12:06,337 [INFO] [MainThread] [root/api.py:69]: Fetching new weather data at 2026-08-18 01:12:06.337548
2026-08-18 01:22:06,359 [INFO] [MainThread] [root/api.py:69]: Fetching new weather data at 2026-08-18 01:22:06.359850
2026-08-18 01:22:13,414 [INFO] [MainThread] [root/bar_helper.py:594]: AppBarManager need to re-register 2 bars
2026-08-18 01:22:13,933 [INFO] [MainThread] [root/bar_helper.py:603]: Re-registered AppBar for primary-bar_24G50F_17db78a8 (space reservation + fullscreen)
2026-08-18 01:22:14,096 [INFO] [MainThread] [root/bar_helper.py:603]: Re-registered AppBar for primary-bar_BenQ RL2755_1bd3cb84 (space reservation + fullscreen)
2026-08-18 01:32:06,357 [INFO] [MainThread] [root/api.py:69]: Fetching new weather data at 2026-08-18 01:32:06.357296
2026-08-18 01:42:06,335 [INFO] [MainThread] [root/api.py:69]: Fetching new weather data at 2026-08-18 01:42:06.335786
2026-08-18 01:52:06,357 [INFO] [MainThread] [root/api.py:69]: Fetching new weather data at 2026-08-18 01:52:06.357036
2026-08-18 02:02:06,352 [INFO] [MainThread] [root/api.py:69]: Fetching new weather data at 2026-08-18 02:02:06.351976
2026-08-18 02:12:06,330 [INFO] [MainThread] [root/api.py:69]: Fetching new weather data at 2026-08-18 02:12:06.330813
2026-08-18 02:22:06,339 [INFO] [MainThread] [root/api.py:69]: Fetching new weather data at 2026-08-18 02:22:06.339801
2026-08-18 02:32:06,342 [INFO] [MainThread] [root/api.py:69]: Fetching new weather data at 2026-08-18 02:32:06.342328
2026-08-18 02:42:06,338 [INFO] [MainThread] [root/api.py:69]: Fetching new weather data at 2026-08-18 02:42:06.338058
2026-08-18 02:52:06,361 [INFO] [MainThread] [root/api.py:69]: Fetching new weather data at 2026-08-18 02:52:06.361300
2026-08-18 03:02:06,366 [INFO] [MainThread] [root/api.py:69]: Fetching new weather data at 2026-08-18 03:02:06.366792
2026-08-18 03:10:47,565 [INFO] [MainThread] [root/bar_manager.py:119]: Stopping SystemEventListener...
2026-08-18 07:26:58,505 [INFO] [MainThread] [root/log.py:104]: YASB v2.0.6
2026-08-18 07:26:58,506 [INFO] [CLIPipeServer] [cli_server/cli_server.py:216]: CLI server started v1.1.7
2026-08-18 07:26:58,506 [INFO] [MainThread] [cli_server/cli_server.py:106]: Log pipe server started
2026-08-18 07:26:58,998 [INFO] [MainThread] [root/service.py:52]: AudioOutputService starting...
2026-08-18 07:26:59,291 [INFO] [MainThread] [root/bar_manager.py:103]: Starting SystemEventListener...
2026-08-18 07:26:59,294 [INFO] [MainThread] [root/watcher.py:65]: Watching directory: c:\users\erick\.config\yasb
2026-08-18 07:26:59,294 [INFO] [MainThread] [root/watcher.py:104]: Created file watcher
2026-08-18 07:26:59,343 [INFO] [MainThread] [root/update_service.py:434]: Background update checker started
2026-08-18 07:26:59,824 [INFO] [MainThread] [root/api.py:69]: Fetching new weather data at 2026-08-18 07:26:59.824291
Windows fatal exception: code 0x8001010d

Thread 0x00005330 [Thread-5] (most recent call first):
  File "C:\hostedtoolcache\windows\Python\3.14.6\x64\Lib\threading.py", line 369 in wait
  File "C:\hostedtoolcache\windows\Python\3.14.6\x64\Lib\queue.py", line 199 in get
  File "D:\a\yasb\yasb\venv\Lib\site-packages\watchdog\observers\api.py", line 379 in dispatch_events
  File "D:\a\yasb\yasb\venv\Lib\site-packages\watchdog\observers\api.py", line 213 in run
  File "C:\hostedtoolcache\windows\Python\3.14.6\x64\Lib\threading.py", line 1082 in _bootstrap_inner
  File "C:\hostedtoolcache\windows\Python\3.14.6\x64\Lib\threading.py", line 1044 in _bootstrap

Thread 0x00004f10 [Thread-6] (most recent call first):
  File "D:\a\yasb\yasb\venv\Lib\site-packages\watchdog\observers\winapi.py", line 326 in read_directory_changes
  File "D:\a\yasb\yasb\venv\Lib\site-packages\watchdog\observers\winapi.py", line 380 in read_events
  File "D:\a\yasb\yasb\venv\Lib\site-packages\watchdog\observers\read_directory_changes.py", line 67 in _read_events
  File "D:\a\yasb\yasb\venv\Lib\site-packages\watchdog\observers\read_directory_changes.py", line 70 in queue_events
  File "D:\a\yasb\yasb\venv\Lib\site-packages\watchdog\observers\api.py", line 158 in run
  File "C:\hostedtoolcache\windows\Python\3.14.6\x64\Lib\threading.py", line 1082 in _bootstrap_inner
  File "C:\hostedtoolcache\windows\Python\3.14.6\x64\Lib\threading.py", line 1044 in _bootstrap

Thread 0x00002ca0 [SystemEventListener] (most recent call first):
  File "D:\a\yasb\yasb\src\core\utils\win32\event_listener.py", line 69 in run

Thread 0x00001e40 [WiFiWorker] (most recent call first):
  File "C:\hostedtoolcache\windows\Python\3.14.6\x64\Lib\threading.py", line 373 in wait
  File "C:\hostedtoolcache\windows\Python\3.14.6\x64\Lib\threading.py", line 670 in wait
  File "D:\a\yasb\yasb\src\core\widgets\services\wifi\wifi_managers.py", line 160 in run

Thread 0x000045d0 [MemoryWorker] (most recent call first):
  File "C:\hostedtoolcache\windows\Python\3.14.6\x64\Lib\threading.py", line 373 in wait
  File "C:\hostedtoolcache\windows\Python\3.14.6\x64\Lib\threading.py", line 670 in wait
  File "D:\a\yasb\yasb\src\core\widgets\services\memory\memory_api.py", line 247 in run

Thread 0x00002064 [_EventWorker] (most recent call first):
  File "D:\a\yasb\yasb\venv\Lib\site-packages\qasync\_windows.py", line 147 in _poll
  File "D:\a\yasb\yasb\venv\Lib\site-packages\qasync\_windows.py", line 72 in select
  File "D:\a\yasb\yasb\venv\Lib\site-packages\qasync\_windows.py", line 199 in run

Thread 0x00002640 [LogPipeServer] (most recent call first):
  File "D:\a\yasb\yasb\src\core\utils\win32\bindings\kernel32.py", line 291 in ConnectNamedPipe
  File "D:\a\yasb\yasb\src\core\utils\cli_server.py", line 138 in _run_server
  File "C:\hostedtoolcache\windows\Python\3.14.6\x64\Lib\threading.py", line 1024 in run
  File "C:\hostedtoolcache\windows\Python\3.14.6\x64\Lib\threading.py", line 1082 in _bootstrap_inner
  File "C:\hostedtoolcache\windows\Python\3.14.6\x64\Lib\threading.py", line 1044 in _bootstrap

Thread 0x00000ee0 [CLIPipeServer] (most recent call first):
  File "D:\a\yasb\yasb\src\core\utils\win32\bindings\kernel32.py", line 291 in ConnectNamedPipe
  File "D:\a\yasb\yasb\src\core\utils\cli_server.py", line 235 in _run_server
  File "C:\hostedtoolcache\windows\Python\3.14.6\x64\Lib\threading.py", line 1024 in run
  File "C:\hostedtoolcache\windows\Python\3.14.6\x64\Lib\threading.py", line 1082 in _bootstrap_inner
  File "C:\hostedtoolcache\windows\Python\3.14.6\x64\Lib\threading.py", line 1044 in _bootstrap

Current thread 0x000063b4 (most recent call first):
  File "D:\a\yasb\yasb\venv\Lib\site-packages\qasync\__init__.py", line 404 in run_forever
  File "D:\a\yasb\yasb\venv\Lib\site-packages\qasync\__init__.py", line 428 in run_until_complete
  File "main.py", line 100 in main
  File "main.py", line 203 in <module>
  File "D:\a\yasb\yasb\venv\Lib\site-packages\freeze_core\initscripts\console.py", line 43 in run
  File "src/freeze_core/initscripts/__startup__.py", line 147 in run
2026-08-18 07:36:59,114 [INFO] [MainThread] [root/api.py:69]: Fetching new weather data at 2026-08-18 07:36:59.114928
2026-08-18 07:46:59,105 [INFO] [MainThread] [root/api.py:69]: Fetching new weather data at 2026-08-18 07:46:59.105350
2026-08-18 07:56:59,127 [INFO] [MainThread] [root/api.py:69]: Fetching new weather data at 2026-08-18 07:56:59.127100
2026-08-18 08:06:59,127 [INFO] [MainThread] [root/api.py:69]: Fetching new weather data at 2026-08-18 08:06:59.127533
2026-08-18 08:16:59,112 [INFO] [MainThread] [root/api.py:69]: Fetching new weather data at 2026-08-18 08:16:59.112417
2026-08-18 08:26:59,111 [INFO] [MainThread] [root/api.py:69]: Fetching new weather data at 2026-08-18 08:26:59.110981
2026-08-18 08:36:59,111 [INFO] [MainThread] [root/api.py:69]: Fetching new weather data at 2026-08-18 08:36:59.111735
2026-08-18 08:46:59,283 [INFO] [MainThread] [root/api.py:69]: Fetching new weather data at 2026-08-18 08:46:59.283190
2026-08-18 08:54:13,947 [INFO] [MainThread] [root/bar_manager.py:119]: Stopping SystemEventListener...
2026-08-18 16:16:59,571 [INFO] [MainThread] [root/log.py:104]: YASB v2.0.6
2026-08-18 16:16:59,572 [INFO] [CLIPipeServer] [cli_server/cli_server.py:216]: CLI server started v1.1.7
2026-08-18 16:16:59,572 [INFO] [MainThread] [cli_server/cli_server.py:106]: Log pipe server started
2026-08-18 16:16:59,990 [INFO] [MainThread] [root/service.py:52]: AudioOutputService starting...
2026-08-18 16:17:00,225 [INFO] [MainThread] [root/bar_manager.py:103]: Starting SystemEventListener...
2026-08-18 16:17:00,227 [INFO] [MainThread] [root/watcher.py:65]: Watching directory: c:\users\erick\.config\yasb
2026-08-18 16:17:00,227 [INFO] [MainThread] [root/watcher.py:104]: Created file watcher
2026-08-18 16:17:00,302 [INFO] [MainThread] [root/update_service.py:434]: Background update checker started
2026-08-18 16:17:00,635 [INFO] [MainThread] [root/api.py:69]: Fetching new weather data at 2026-08-18 16:17:00.635876
Windows fatal exception: code 0x8001010d

Thread 0x00004a24 [SystemEventListener] (most recent call first):
  File "D:\a\yasb\yasb\src\core\utils\win32\event_listener.py", line 69 in run

Thread 0x00004a2c [Thread-5] (most recent call first):
  File "C:\hostedtoolcache\windows\Python\3.14.6\x64\Lib\threading.py", line 369 in wait
  File "C:\hostedtoolcache\windows\Python\3.14.6\x64\Lib\queue.py", line 199 in get
  File "D:\a\yasb\yasb\venv\Lib\site-packages\watchdog\observers\api.py", line 379 in dispatch_events
  File "D:\a\yasb\yasb\venv\Lib\site-packages\watchdog\observers\api.py", line 213 in run
  File "C:\hostedtoolcache\windows\Python\3.14.6\x64\Lib\threading.py", line 1082 in _bootstrap_inner
  File "C:\hostedtoolcache\windows\Python\3.14.6\x64\Lib\threading.py", line 1044 in _bootstrap

Thread 0x00004a28 [Thread-6] (most recent call first):
  File "D:\a\yasb\yasb\venv\Lib\site-packages\watchdog\observers\winapi.py", line 326 in read_directory_changes
  File "D:\a\yasb\yasb\venv\Lib\site-packages\watchdog\observers\winapi.py", line 380 in read_events
  File "D:\a\yasb\yasb\venv\Lib\site-packages\watchdog\observers\read_directory_changes.py", line 67 in _read_events
  File "D:\a\yasb\yasb\venv\Lib\site-packages\watchdog\observers\read_directory_changes.py", line 70 in queue_events
  File "D:\a\yasb\yasb\venv\Lib\site-packages\watchdog\observers\api.py", line 158 in run
  File "C:\hostedtoolcache\windows\Python\3.14.6\x64\Lib\threading.py", line 1082 in _bootstrap_inner
  File "C:\hostedtoolcache\windows\Python\3.14.6\x64\Lib\threading.py", line 1044 in _bootstrap

Thread 0x000049bc [WiFiWorker] (most recent call first):
  File "C:\hostedtoolcache\windows\Python\3.14.6\x64\Lib\threading.py", line 373 in wait
  File "C:\hostedtoolcache\windows\Python\3.14.6\x64\Lib\threading.py", line 670 in wait
  File "D:\a\yasb\yasb\src\core\widgets\services\wifi\wifi_managers.py", line 160 in run

Thread 0x000049b8 [MemoryWorker] (most recent call first):
  File "C:\hostedtoolcache\windows\Python\3.14.6\x64\Lib\threading.py", line 373 in wait
  File "C:\hostedtoolcache\windows\Python\3.14.6\x64\Lib\threading.py", line 670 in wait
  File "D:\a\yasb\yasb\src\core\widgets\services\memory\memory_api.py", line 247 in run

Thread 0x000049b0 [_EventWorker] (most recent call first):
  File "D:\a\yasb\yasb\venv\Lib\site-packages\qasync\_windows.py", line 147 in _poll
  File "D:\a\yasb\yasb\venv\Lib\site-packages\qasync\_windows.py", line 72 in select
  File "D:\a\yasb\yasb\venv\Lib\site-packages\qasync\_windows.py", line 199 in run

Thread 0x000049a0 [LogPipeServer] (most recent call first):
  File "D:\a\yasb\yasb\src\core\utils\win32\bindings\kernel32.py", line 291 in ConnectNamedPipe
  File "D:\a\yasb\yasb\src\core\utils\cli_server.py", line 138 in _run_server
  File "C:\hostedtoolcache\windows\Python\3.14.6\x64\Lib\threading.py", line 1024 in run
  File "C:\hostedtoolcache\windows\Python\3.14.6\x64\Lib\threading.py", line 1082 in _bootstrap_inner
  File "C:\hostedtoolcache\windows\Python\3.14.6\x64\Lib\threading.py", line 1044 in _bootstrap

Thread 0x0000499c [CLIPipeServer] (most recent call first):
  File "D:\a\yasb\yasb\src\core\utils\win32\bindings\kernel32.py", line 291 in ConnectNamedPipe
  File "D:\a\yasb\yasb\src\core\utils\cli_server.py", line 235 in _run_server
  File "C:\hostedtoolcache\windows\Python\3.14.6\x64\Lib\threading.py", line 1024 in run
  File "C:\hostedtoolcache\windows\Python\3.14.6\x64\Lib\threading.py", line 1082 in _bootstrap_inner
  File "C:\hostedtoolcache\windows\Python\3.14.6\x64\Lib\threading.py", line 1044 in _bootstrap

Current thread 0x00004924 (most recent call first):
  File "D:\a\yasb\yasb\venv\Lib\site-packages\qasync\__init__.py", line 404 in run_forever
  File "D:\a\yasb\yasb\venv\Lib\site-packages\qasync\__init__.py", line 428 in run_until_complete
  File "main.py", line 100 in main
  File "main.py", line 203 in <module>
  File "D:\a\yasb\yasb\venv\Lib\site-packages\freeze_core\initscripts\console.py", line 43 in run
  File "src/freeze_core/initscripts/__startup__.py", line 147 in run
2026-08-18 16:27:00,161 [INFO] [MainThread] [root/api.py:69]: Fetching new weather data at 2026-08-18 16:27:00.161322
2026-08-18 16:30:20,036 [INFO] [MainThread] [root/bar_helper.py:594]: AppBarManager need to re-register 2 bars
2026-08-18 16:30:20,112 [INFO] [MainThread] [root/bar_helper.py:603]: Re-registered AppBar for primary-bar_24G50F_c89cb878 (space reservation + fullscreen)
2026-08-18 16:30:20,255 [INFO] [MainThread] [root/bar_helper.py:603]: Re-registered AppBar for primary-bar_BenQ RL2755_036e2064 (space reservation + fullscreen)
2026-08-18 16:37:00,141 [INFO] [MainThread] [root/api.py:69]: Fetching new weather data at 2026-08-18 16:37:00.141942
2026-08-18 16:47:00,140 [INFO] [MainThread] [root/api.py:69]: Fetching new weather data at 2026-08-18 16:47:00.140229
2026-08-18 16:57:00,162 [INFO] [MainThread] [root/api.py:69]: Fetching new weather data at 2026-08-18 16:57:00.162257
2026-08-18 17:07:00,151 [INFO] [MainThread] [root/api.py:69]: Fetching new weather data at 2026-08-18 17:07:00.151062
2026-08-18 17:17:00,153 [INFO] [MainThread] [root/api.py:69]: Fetching new weather data at 2026-08-18 17:17:00.153245
2026-08-18 17:27:00,171 [INFO] [MainThread] [root/api.py:69]: Fetching new weather data at 2026-08-18 17:27:00.171921
2026-08-18 17:37:00,150 [INFO] [MainThread] [root/api.py:69]: Fetching new weather data at 2026-08-18 17:37:00.150736
2026-08-18 17:47:00,190 [INFO] [MainThread] [root/api.py:69]: Fetching new weather data at 2026-08-18 17:47:00.190759
2026-08-18 17:57:00,144 [INFO] [MainThread] [root/api.py:69]: Fetching new weather data at 2026-08-18 17:57:00.144957
2026-08-18 18:07:00,144 [INFO] [MainThread] [root/api.py:69]: Fetching new weather data at 2026-08-18 18:07:00.144113
2026-08-18 18:17:00,140 [INFO] [MainThread] [root/api.py:69]: Fetching new weather data at 2026-08-18 18:17:00.140414
2026-08-18 18:27:00,170 [INFO] [MainThread] [root/api.py:69]: Fetching new weather data at 2026-08-18 18:27:00.170258
2026-08-18 18:37:00,150 [INFO] [MainThread] [root/api.py:69]: Fetching new weather data at 2026-08-18 18:37:00.150749
2026-08-18 18:47:00,150 [INFO] [MainThread] [root/api.py:69]: Fetching new weather data at 2026-08-18 18:47:00.150113
2026-08-18 18:57:00,297 [INFO] [MainThread] [root/api.py:69]: Fetching new weather data at 2026-08-18 18:57:00.297332
2026-08-18 19:07:00,141 [INFO] [MainThread] [root/api.py:69]: Fetching new weather data at 2026-08-18 19:07:00.141527
2026-08-18 19:17:00,139 [INFO] [MainThread] [root/api.py:69]: Fetching new weather data at 2026-08-18 19:17:00.139651
2026-08-18 19:27:00,218 [INFO] [MainThread] [root/api.py:69]: Fetching new weather data at 2026-08-18 19:27:00.218164
2026-08-18 19:37:00,145 [INFO] [MainThread] [root/api.py:69]: Fetching new weather data at 2026-08-18 19:37:00.145536
2026-08-18 19:47:00,153 [INFO] [MainThread] [root/api.py:69]: Fetching new weather data at 2026-08-18 19:47:00.153524
2026-08-18 19:57:00,145 [INFO] [MainThread] [root/api.py:69]: Fetching new weather data at 2026-08-18 19:57:00.145896
2026-08-18 20:07:00,140 [INFO] [MainThread] [root/api.py:69]: Fetching new weather data at 2026-08-18 20:07:00.140848
2026-08-18 20:17:00,160 [INFO] [MainThread] [root/api.py:69]: Fetching new weather data at 2026-08-18 20:17:00.160042
2026-08-18 20:27:00,142 [INFO] [MainThread] [root/api.py:69]: Fetching new weather data at 2026-08-18 20:27:00.142782
2026-08-18 20:37:00,161 [INFO] [MainThread] [root/api.py:69]: Fetching new weather data at 2026-08-18 20:37:00.160968
2026-08-18 20:47:00,163 [INFO] [MainThread] [root/api.py:69]: Fetching new weather data at 2026-08-18 20:47:00.163570
2026-08-18 20:57:00,158 [INFO] [MainThread] [root/api.py:69]: Fetching new weather data at 2026-08-18 20:57:00.158243
2026-08-18 21:07:03,579 [INFO] [MainThread] [root/api.py:69]: Fetching new weather data at 2026-08-18 21:07:03.579546
2026-08-18 21:17:03,574 [INFO] [MainThread] [root/api.py:69]: Fetching new weather data at 2026-08-18 21:17:03.574744
2026-08-18 21:27:03,577 [INFO] [MainThread] [root/api.py:69]: Fetching new weather data at 2026-08-18 21:27:03.577086
2026-08-18 21:37:03,584 [INFO] [MainThread] [root/api.py:69]: Fetching new weather data at 2026-08-18 21:37:03.584104
2026-08-18 21:47:03,599 [INFO] [MainThread] [root/api.py:69]: Fetching new weather data at 2026-08-18 21:47:03.599648
2026-08-18 21:57:03,558 [INFO] [MainThread] [root/api.py:69]: Fetching new weather data at 2026-08-18 21:57:03.558345
2026-08-18 22:07:03,575 [INFO] [MainThread] [root/api.py:69]: Fetching new weather data at 2026-08-18 22:07:03.575467
2026-08-18 22:17:03,718 [INFO] [MainThread] [root/api.py:69]: Fetching new weather data at 2026-08-18 22:17:03.718564
2026-08-18 22:27:03,586 [INFO] [MainThread] [root/api.py:69]: Fetching new weather data at 2026-08-18 22:27:03.586752
2026-08-18 22:37:03,605 [INFO] [MainThread] [root/api.py:69]: Fetching new weather data at 2026-08-18 22:37:03.605838
2026-08-18 22:47:03,580 [INFO] [MainThread] [root/api.py:69]: Fetching new weather data at 2026-08-18 22:47:03.580270
2026-08-18 22:57:03,693 [INFO] [MainThread] [root/api.py:69]: Fetching new weather data at 2026-08-18 22:57:03.693150
2026-08-18 23:07:03,578 [INFO] [MainThread] [root/api.py:69]: Fetching new weather data at 2026-08-18 23:07:03.578857
2026-08-18 23:17:03,596 [INFO] [MainThread] [root/api.py:69]: Fetching new weather data at 2026-08-18 23:17:03.596244
2026-08-18 23:27:03,581 [INFO] [MainThread] [root/api.py:69]: Fetching new weather data at 2026-08-18 23:27:03.581697
2026-08-18 23:37:03,564 [INFO] [MainThread] [root/api.py:69]: Fetching new weather data at 2026-08-18 23:37:03.564738
2026-08-18 23:47:03,728 [INFO] [MainThread] [root/api.py:69]: Fetching new weather data at 2026-08-18 23:47:03.728002
2026-08-18 23:57:03,566 [INFO] [MainThread] [root/api.py:69]: Fetching new weather data at 2026-08-18 23:57:03.566122
2026-08-19 00:07:03,570 [INFO] [MainThread] [root/api.py:69]: Fetching new weather data at 2026-08-19 00:07:03.570110
2026-08-19 00:17:03,566 [INFO] [MainThread] [root/api.py:69]: Fetching new weather data at 2026-08-19 00:17:03.566168
2026-08-19 00:27:03,571 [INFO] [MainThread] [root/api.py:69]: Fetching new weather data at 2026-08-19 00:27:03.571303
2026-08-19 00:37:03,568 [INFO] [MainThread] [root/api.py:69]: Fetching new weather data at 2026-08-19 00:37:03.568184
2026-08-19 00:47:03,573 [INFO] [MainThread] [root/api.py:69]: Fetching new weather data at 2026-08-19 00:47:03.573633
2026-08-19 00:57:03,573 [INFO] [MainThread] [root/api.py:69]: Fetching new weather data at 2026-08-19 00:57:03.573577
2026-08-19 01:07:03,583 [INFO] [MainThread] [root/api.py:69]: Fetching new weather data at 2026-08-19 01:07:03.583743
2026-08-19 01:17:03,569 [INFO] [MainThread] [root/api.py:69]: Fetching new weather data at 2026-08-19 01:17:03.569483
2026-08-19 01:27:03,569 [INFO] [MainThread] [root/api.py:69]: Fetching new weather data at 2026-08-19 01:27:03.569405
2026-08-19 01:37:03,564 [INFO] [MainThread] [root/api.py:69]: Fetching new weather data at 2026-08-19 01:37:03.564687
2026-08-19 01:47:03,572 [INFO] [MainThread] [root/api.py:69]: Fetching new weather data at 2026-08-19 01:47:03.572274
2026-08-19 01:57:03,613 [INFO] [MainThread] [root/api.py:69]: Fetching new weather data at 2026-08-19 01:57:03.613831
2026-08-19 02:07:03,564 [INFO] [MainThread] [root/api.py:69]: Fetching new weather data at 2026-08-19 02:07:03.564523
2026-08-19 02:17:03,571 [INFO] [MainThread] [root/api.py:69]: Fetching new weather data at 2026-08-19 02:17:03.571470
2026-08-19 02:27:04,273 [INFO] [MainThread] [root/api.py:69]: Fetching new weather data at 2026-08-19 02:27:04.273768
2026-08-19 02:37:03,569 [INFO] [MainThread] [root/api.py:69]: Fetching new weather data at 2026-08-19 02:37:03.569623
2026-08-19 02:47:03,573 [INFO] [MainThread] [root/api.py:69]: Fetching new weather data at 2026-08-19 02:47:03.573294
2026-08-19 02:57:03,576 [INFO] [MainThread] [root/api.py:69]: Fetching new weather data at 2026-08-19 02:57:03.575984
2026-08-19 03:07:03,581 [INFO] [MainThread] [root/api.py:69]: Fetching new weather data at 2026-08-19 03:07:03.581498
2026-08-19 03:17:03,736 [INFO] [MainThread] [root/api.py:69]: Fetching new weather data at 2026-08-19 03:17:03.736081
2026-08-19 03:27:03,577 [INFO] [MainThread] [root/api.py:69]: Fetching new weather data at 2026-08-19 03:27:03.577299
2026-08-19 03:37:03,571 [INFO] [MainThread] [root/api.py:69]: Fetching new weather data at 2026-08-19 03:37:03.571562
2026-08-19 03:47:03,566 [INFO] [MainThread] [root/api.py:69]: Fetching new weather data at 2026-08-19 03:47:03.566162
2026-08-19 03:57:03,562 [INFO] [MainThread] [root/api.py:69]: Fetching new weather data at 2026-08-19 03:57:03.562379
2026-08-19 04:07:03,580 [INFO] [MainThread] [root/api.py:69]: Fetching new weather data at 2026-08-19 04:07:03.580151
2026-08-19 04:17:03,574 [INFO] [MainThread] [root/api.py:69]: Fetching new weather data at 2026-08-19 04:17:03.574805
2026-08-19 04:27:03,769 [INFO] [MainThread] [root/api.py:69]: Fetching new weather data at 2026-08-19 04:27:03.769155
2026-08-19 04:37:03,585 [INFO] [MainThread] [root/api.py:69]: Fetching new weather data at 2026-08-19 04:37:03.585302
2026-08-19 04:47:03,581 [INFO] [MainThread] [root/api.py:69]: Fetching new weather data at 2026-08-19 04:47:03.581210
2026-08-19 04:57:03,763 [INFO] [MainThread] [root/api.py:69]: Fetching new weather data at 2026-08-19 04:57:03.762995
2026-08-19 05:07:03,581 [INFO] [MainThread] [root/api.py:69]: Fetching new weather data at 2026-08-19 05:07:03.581217
2026-08-19 05:17:04,036 [INFO] [MainThread] [root/api.py:69]: Fetching new weather data at 2026-08-19 05:17:04.036265
2026-08-19 05:27:03,592 [INFO] [MainThread] [root/api.py:69]: Fetching new weather data at 2026-08-19 05:27:03.592762
2026-08-19 05:37:03,588 [INFO] [MainThread] [root/api.py:69]: Fetching new weather data at 2026-08-19 05:37:03.588824
2026-08-19 05:47:03,598 [INFO] [MainThread] [root/api.py:69]: Fetching new weather data at 2026-08-19 05:47:03.598830
2026-08-19 05:57:03,576 [INFO] [MainThread] [root/api.py:69]: Fetching new weather data at 2026-08-19 05:57:03.576764
2026-08-19 06:07:03,592 [INFO] [MainThread] [root/api.py:69]: Fetching new weather data at 2026-08-19 06:07:03.592364
2026-08-19 06:17:03,598 [INFO] [MainThread] [root/api.py:69]: Fetching new weather data at 2026-08-19 06:17:03.598918
2026-08-19 06:27:03,920 [INFO] [MainThread] [root/api.py:69]: Fetching new weather data at 2026-08-19 06:27:03.920067
2026-08-19 06:37:03,720 [INFO] [MainThread] [root/api.py:69]: Fetching new weather data at 2026-08-19 06:37:03.720487
2026-08-19 06:47:03,588 [INFO] [MainThread] [root/api.py:69]: Fetching new weather data at 2026-08-19 06:47:03.588537
2026-08-19 06:57:03,591 [INFO] [MainThread] [root/api.py:69]: Fetching new weather data at 2026-08-19 06:57:03.591635
2026-08-19 07:07:03,584 [INFO] [MainThread] [root/api.py:69]: Fetching new weather data at 2026-08-19 07:07:03.584698
2026-08-19 07:17:03,598 [INFO] [MainThread] [root/api.py:69]: Fetching new weather data at 2026-08-19 07:17:03.598609
2026-08-19 07:27:03,584 [INFO] [MainThread] [root/api.py:69]: Fetching new weather data at 2026-08-19 07:27:03.583959
2026-08-19 07:37:03,595 [INFO] [MainThread] [root/api.py:69]: Fetching new weather data at 2026-08-19 07:37:03.595666
2026-08-19 07:47:03,666 [INFO] [MainThread] [root/api.py:69]: Fetching new weather data at 2026-08-19 07:47:03.666889
2026-08-19 07:57:03,587 [INFO] [MainThread] [root/api.py:69]: Fetching new weather data at 2026-08-19 07:57:03.587195
2026-08-19 08:07:03,722 [INFO] [MainThread] [root/api.py:69]: Fetching new weather data at 2026-08-19 08:07:03.722864
2026-08-19 08:17:03,601 [INFO] [MainThread] [root/api.py:69]: Fetching new weather data at 2026-08-19 08:17:03.601681
2026-08-19 08:27:03,594 [INFO] [MainThread] [root/api.py:69]: Fetching new weather data at 2026-08-19 08:27:03.594217
2026-08-19 08:37:03,604 [INFO] [MainThread] [root/api.py:69]: Fetching new weather data at 2026-08-19 08:37:03.604004
2026-08-19 08:47:03,701 [INFO] [MainThread] [root/api.py:69]: Fetching new weather data at 2026-08-19 08:47:03.701179
2026-08-19 08:57:03,779 [INFO] [MainThread] [root/api.py:69]: Fetching new weather data at 2026-08-19 08:57:03.779420
2026-08-19 09:07:03,580 [INFO] [MainThread] [root/api.py:69]: Fetching new weather data at 2026-08-19 09:07:03.580866
2026-08-19 09:17:03,585 [INFO] [MainThread] [root/api.py:69]: Fetching new weather data at 2026-08-19 09:17:03.585952
2026-08-19 09:27:03,765 [INFO] [MainThread] [root/api.py:69]: Fetching new weather data at 2026-08-19 09:27:03.765591
2026-08-19 09:37:03,590 [INFO] [MainThread] [root/api.py:69]: Fetching new weather data at 2026-08-19 09:37:03.590195
2026-08-19 09:47:03,605 [INFO] [MainThread] [root/api.py:69]: Fetching new weather data at 2026-08-19 09:47:03.605492
2026-08-19 09:57:03,633 [INFO] [MainThread] [root/api.py:69]: Fetching new weather data at 2026-08-19 09:57:03.633763
2026-08-19 10:07:03,588 [INFO] [MainThread] [root/api.py:69]: Fetching new weather data at 2026-08-19 10:07:03.588020
2026-08-19 10:17:03,592 [INFO] [MainThread] [root/api.py:69]: Fetching new weather data at 2026-08-19 10:17:03.592790
2026-08-19 10:27:03,592 [INFO] [MainThread] [root/api.py:69]: Fetching new weather data at 2026-08-19 10:27:03.592336
2026-08-19 10:37:03,582 [INFO] [MainThread] [root/api.py:69]: Fetching new weather data at 2026-08-19 10:37:03.582484
2026-08-19 10:47:03,595 [INFO] [MainThread] [root/api.py:69]: Fetching new weather data at 2026-08-19 10:47:03.595506
2026-08-19 10:57:03,594 [INFO] [MainThread] [root/api.py:69]: Fetching new weather data at 2026-08-19 10:57:03.594587
2026-08-19 11:07:03,590 [INFO] [MainThread] [root/api.py:69]: Fetching new weather data at 2026-08-19 11:07:03.590729
2026-08-19 11:17:03,587 [INFO] [MainThread] [root/api.py:69]: Fetching new weather data at 2026-08-19 11:17:03.587795
2026-08-19 11:27:03,592 [INFO] [MainThread] [root/api.py:69]: Fetching new weather data at 2026-08-19 11:27:03.592139
2026-08-19 11:37:03,581 [INFO] [MainThread] [root/api.py:69]: Fetching new weather data at 2026-08-19 11:37:03.581846
2026-08-19 11:47:03,595 [INFO] [MainThread] [root/api.py:69]: Fetching new weather data at 2026-08-19 11:47:03.595254
2026-08-19 11:57:03,600 [INFO] [MainThread] [root/api.py:69]: Fetching new weather data at 2026-08-19 11:57:03.600850
2026-08-19 12:07:03,642 [INFO] [MainThread] [root/api.py:69]: Fetching new weather data at 2026-08-19 12:07:03.642420
2026-08-19 12:17:03,584 [INFO] [MainThread] [root/api.py:69]: Fetching new weather data at 2026-08-19 12:17:03.584033
2026-08-19 12:27:03,610 [INFO] [MainThread] [root/api.py:69]: Fetching new weather data at 2026-08-19 12:27:03.610113
2026-08-19 12:37:03,588 [INFO] [MainThread] [root/api.py:69]: Fetching new weather data at 2026-08-19 12:37:03.588449
2026-08-19 12:47:03,588 [INFO] [MainThread] [root/api.py:69]: Fetching new weather data at 2026-08-19 12:47:03.588731
2026-08-19 12:57:03,593 [INFO] [MainThread] [root/api.py:69]: Fetching new weather data at 2026-08-19 12:57:03.593056
2026-08-19 13:07:03,609 [INFO] [MainThread] [root/api.py:69]: Fetching new weather data at 2026-08-19 13:07:03.609736
2026-08-19 13:17:03,583 [INFO] [MainThread] [root/api.py:69]: Fetching new weather data at 2026-08-19 13:17:03.583661
2026-08-19 13:27:03,679 [INFO] [MainThread] [root/api.py:69]: Fetching new weather data at 2026-08-19 13:27:03.679092
2026-08-19 13:37:03,581 [INFO] [MainThread] [root/api.py:69]: Fetching new weather data at 2026-08-19 13:37:03.581673
2026-08-19 13:47:03,594 [INFO] [MainThread] [root/api.py:69]: Fetching new weather data at 2026-08-19 13:47:03.594028
2026-08-19 13:57:03,604 [INFO] [MainThread] [root/api.py:69]: Fetching new weather data at 2026-08-19 13:57:03.604493
2026-08-19 14:07:03,581 [INFO] [MainThread] [root/api.py:69]: Fetching new weather data at 2026-08-19 14:07:03.581457
2026-08-19 14:17:03,759 [INFO] [MainThread] [root/api.py:69]: Fetching new weather data at 2026-08-19 14:17:03.758982
2026-08-19 14:27:03,585 [INFO] [MainThread] [root/api.py:69]: Fetching new weather data at 2026-08-19 14:27:03.585118
2026-08-19 14:37:03,618 [INFO] [MainThread] [root/api.py:69]: Fetching new weather data at 2026-08-19 14:37:03.618884
2026-08-19 14:47:03,600 [INFO] [MainThread] [root/api.py:69]: Fetching new weather data at 2026-08-19 14:47:03.600239
2026-08-19 14:57:03,585 [INFO] [MainThread] [root/api.py:69]: Fetching new weather data at 2026-08-19 14:57:03.584982
2026-08-19 15:07:03,619 [INFO] [MainThread] [root/api.py:69]: Fetching new weather data at 2026-08-19 15:07:03.619908
2026-08-19 15:17:03,599 [INFO] [MainThread] [root/api.py:69]: Fetching new weather data at 2026-08-19 15:17:03.599122
2026-08-19 15:27:03,581 [INFO] [MainThread] [root/api.py:69]: Fetching new weather data at 2026-08-19 15:27:03.581471
2026-08-19 15:37:03,588 [INFO] [MainThread] [root/api.py:69]: Fetching new weather data at 2026-08-19 15:37:03.588587
2026-08-19 15:47:03,731 [INFO] [MainThread] [root/api.py:69]: Fetching new weather data at 2026-08-19 15:47:03.731641
2026-08-19 15:57:03,584 [INFO] [MainThread] [root/api.py:69]: Fetching new weather data at 2026-08-19 15:57:03.584629
2026-08-19 16:07:03,594 [INFO] [MainThread] [root/api.py:69]: Fetching new weather data at 2026-08-19 16:07:03.594853
2026-08-19 16:17:03,621 [INFO] [MainThread] [root/api.py:69]: Fetching new weather data at 2026-08-19 16:17:03.621451
2026-08-19 16:27:03,588 [INFO] [MainThread] [root/api.py:69]: Fetching new weather data at 2026-08-19 16:27:03.588172
2026-08-19 16:37:03,588 [INFO] [MainThread] [root/api.py:69]: Fetching new weather data at 2026-08-19 16:37:03.588441
2026-08-19 16:47:03,584 [INFO] [MainThread] [root/api.py:69]: Fetching new weather data at 2026-08-19 16:47:03.584508
2026-08-19 16:57:03,639 [INFO] [MainThread] [root/api.py:69]: Fetching new weather data at 2026-08-19 16:57:03.639056
2026-08-19 17:07:03,608 [INFO] [MainThread] [root/api.py:69]: Fetching new weather data at 2026-08-19 17:07:03.608587
2026-08-19 17:17:03,609 [INFO] [MainThread] [root/api.py:69]: Fetching new weather data at 2026-08-19 17:17:03.609576
2026-08-19 17:27:03,602 [INFO] [MainThread] [root/api.py:69]: Fetching new weather data at 2026-08-19 17:27:03.602794
2026-08-19 17:37:03,588 [INFO] [MainThread] [root/api.py:69]: Fetching new weather data at 2026-08-19 17:37:03.588608
2026-08-19 17:47:03,625 [INFO] [MainThread] [root/api.py:69]: Fetching new weather data at 2026-08-19 17:47:03.625897
2026-08-19 17:57:05,992 [INFO] [MainThread] [root/api.py:69]: Fetching new weather data at 2026-08-19 17:57:05.992874
2026-08-19 18:07:06,028 [INFO] [MainThread] [root/api.py:69]: Fetching new weather data at 2026-08-19 18:07:06.028466
2026-08-19 18:17:06,101 [INFO] [MainThread] [root/api.py:69]: Fetching new weather data at 2026-08-19 18:17:06.101442
2026-08-19 18:27:06,017 [INFO] [MainThread] [root/api.py:69]: Fetching new weather data at 2026-08-19 18:27:06.017732
2026-08-19 18:37:06,014 [INFO] [MainThread] [root/api.py:69]: Fetching new weather data at 2026-08-19 18:37:06.014596
2026-08-19 18:47:06,017 [INFO] [MainThread] [root/api.py:69]: Fetching new weather data at 2026-08-19 18:47:06.017319
2026-08-19 18:57:06,027 [INFO] [MainThread] [root/api.py:69]: Fetching new weather data at 2026-08-19 18:57:06.027735
2026-08-19 19:07:06,020 [INFO] [MainThread] [root/api.py:69]: Fetching new weather data at 2026-08-19 19:07:06.020627
2026-08-19 19:17:06,012 [INFO] [MainThread] [root/api.py:69]: Fetching new weather data at 2026-08-19 19:17:06.012688
2026-08-19 19:27:06,018 [INFO] [MainThread] [root/api.py:69]: Fetching new weather data at 2026-08-19 19:27:06.018896
2026-08-19 19:37:06,071 [INFO] [MainThread] [root/api.py:69]: Fetching new weather data at 2026-08-19 19:37:06.071690
2026-08-19 19:47:06,033 [INFO] [MainThread] [root/api.py:69]: Fetching new weather data at 2026-08-19 19:47:06.033199
2026-08-19 19:57:06,026 [INFO] [MainThread] [root/api.py:69]: Fetching new weather data at 2026-08-19 19:57:06.026829
2026-08-19 20:07:06,034 [INFO] [MainThread] [root/api.py:69]: Fetching new weather data at 2026-08-19 20:07:06.034827
2026-08-19 20:17:06,010 [INFO] [MainThread] [root/api.py:69]: Fetching new weather data at 2026-08-19 20:17:06.010652
2026-08-19 20:27:06,026 [INFO] [MainThread] [root/api.py:69]: Fetching new weather data at 2026-08-19 20:27:06.026173
2026-08-19 20:37:06,017 [INFO] [MainThread] [root/api.py:69]: Fetching new weather data at 2026-08-19 20:37:06.017306
2026-08-19 20:47:06,016 [INFO] [MainThread] [root/api.py:69]: Fetching new weather data at 2026-08-19 20:47:06.016399
2026-08-19 20:57:06,067 [INFO] [MainThread] [root/api.py:69]: Fetching new weather data at 2026-08-19 20:57:06.067429
2026-08-19 21:07:06,033 [INFO] [MainThread] [root/api.py:69]: Fetching new weather data at 2026-08-19 21:07:06.033566
2026-08-19 21:17:05,992 [INFO] [MainThread] [root/api.py:69]: Fetching new weather data at 2026-08-19 21:17:05.992329
2026-08-19 21:27:06,013 [INFO] [MainThread] [root/api.py:69]: Fetching new weather data at 2026-08-19 21:27:06.013566
2026-08-19 21:37:05,995 [INFO] [MainThread] [root/api.py:69]: Fetching new weather data at 2026-08-19 21:37:05.995892
2026-08-19 21:47:05,988 [INFO] [MainThread] [root/api.py:69]: Fetching new weather data at 2026-08-19 21:47:05.988673
2026-08-19 21:57:05,990 [INFO] [MainThread] [root/api.py:69]: Fetching new weather data at 2026-08-19 21:57:05.989974
2026-08-19 22:07:06,015 [INFO] [MainThread] [root/api.py:69]: Fetching new weather data at 2026-08-19 22:07:06.015376
2026-08-19 22:17:05,998 [INFO] [MainThread] [root/api.py:69]: Fetching new weather data at 2026-08-19 22:17:05.998753
2026-08-19 22:27:06,012 [INFO] [MainThread] [root/api.py:69]: Fetching new weather data at 2026-08-19 22:27:06.012487
2026-08-19 22:37:05,997 [INFO] [MainThread] [root/api.py:69]: Fetching new weather data at 2026-08-19 22:37:05.997529
2026-08-19 22:47:05,996 [INFO] [MainThread] [root/api.py:69]: Fetching new weather data at 2026-08-19 22:47:05.996144
2026-08-19 22:57:05,988 [INFO] [MainThread] [root/api.py:69]: Fetching new weather data at 2026-08-19 22:57:05.988127
2026-08-19 23:07:05,986 [INFO] [MainThread] [root/api.py:69]: Fetching new weather data at 2026-08-19 23:07:05.986268
2026-08-19 23:17:05,995 [INFO] [MainThread] [root/api.py:69]: Fetching new weather data at 2026-08-19 23:17:05.995271
2026-08-19 23:27:05,993 [INFO] [MainThread] [root/api.py:69]: Fetching new weather data at 2026-08-19 23:27:05.993053
2026-08-19 23:37:05,993 [INFO] [MainThread] [root/api.py:69]: Fetching new weather data at 2026-08-19 23:37:05.993315
2026-08-19 23:47:05,994 [INFO] [MainThread] [root/api.py:69]: Fetching new weather data at 2026-08-19 23:47:05.994940
2026-08-19 23:57:05,976 [INFO] [MainThread] [root/api.py:69]: Fetching new weather data at 2026-08-19 23:57:05.976124
2026-08-20 00:07:05,979 [INFO] [MainThread] [root/api.py:69]: Fetching new weather data at 2026-08-20 00:07:05.979616
2026-08-20 00:17:05,991 [INFO] [MainThread] [root/api.py:69]: Fetching new weather data at 2026-08-20 00:17:05.991897
2026-08-20 00:27:05,993 [INFO] [MainThread] [root/api.py:69]: Fetching new weather data at 2026-08-20 00:27:05.993105
2026-08-20 00:37:05,983 [INFO] [MainThread] [root/api.py:69]: Fetching new weather data at 2026-08-20 00:37:05.983449
2026-08-20 00:47:05,983 [INFO] [MainThread] [root/api.py:69]: Fetching new weather data at 2026-08-20 00:47:05.983140
2026-08-20 00:57:06,011 [INFO] [MainThread] [root/api.py:69]: Fetching new weather data at 2026-08-20 00:57:06.011115
2026-08-20 01:07:05,990 [INFO] [MainThread] [root/api.py:69]: Fetching new weather data at 2026-08-20 01:07:05.990657
2026-08-20 01:17:05,994 [INFO] [MainThread] [root/api.py:69]: Fetching new weather data at 2026-08-20 01:17:05.994956
2026-08-20 01:27:06,000 [INFO] [MainThread] [root/api.py:69]: Fetching new weather data at 2026-08-20 01:27:06.000178
2026-08-20 01:37:06,014 [INFO] [MainThread] [root/api.py:69]: Fetching new weather data at 2026-08-20 01:37:06.014365
2026-08-20 01:47:05,999 [INFO] [MainThread] [root/api.py:69]: Fetching new weather data at 2026-08-20 01:47:05.999305
2026-08-20 01:53:42,152 [INFO] [MainThread] [root/bar_manager.py:119]: Stopping SystemEventListener...
2026-08-20 05:24:47,964 [INFO] [MainThread] [root/log.py:104]: YASB v2.0.6
2026-08-20 05:24:47,965 [INFO] [CLIPipeServer] [cli_server/cli_server.py:216]: CLI server started v1.1.7
2026-08-20 05:24:47,965 [INFO] [MainThread] [cli_server/cli_server.py:106]: Log pipe server started
2026-08-20 05:24:48,387 [INFO] [MainThread] [root/service.py:52]: AudioOutputService starting...
2026-08-20 05:24:48,596 [INFO] [MainThread] [root/bar_manager.py:103]: Starting SystemEventListener...
2026-08-20 05:24:48,597 [INFO] [MainThread] [root/watcher.py:65]: Watching directory: c:\users\erick\.config\yasb
2026-08-20 05:24:48,597 [INFO] [MainThread] [root/watcher.py:104]: Created file watcher
2026-08-20 05:24:48,628 [INFO] [MainThread] [root/update_service.py:434]: Background update checker started
2026-08-20 05:24:49,042 [INFO] [MainThread] [root/api.py:69]: Fetching new weather data at 2026-08-20 05:24:49.042871
Windows fatal exception: code 0x8001010d

Thread 0x00004910 [Thread-5] (most recent call first):
  File "C:\hostedtoolcache\windows\Python\3.14.6\x64\Lib\threading.py", line 369 in wait
  File "C:\hostedtoolcache\windows\Python\3.14.6\x64\Lib\queue.py", line 199 in get
  File "D:\a\yasb\yasb\venv\Lib\site-packages\watchdog\observers\api.py", line 379 in dispatch_events
  File "D:\a\yasb\yasb\venv\Lib\site-packages\watchdog\observers\api.py", line 213 in run
  File "C:\hostedtoolcache\windows\Python\3.14.6\x64\Lib\threading.py", line 1082 in _bootstrap_inner
  File "C:\hostedtoolcache\windows\Python\3.14.6\x64\Lib\threading.py", line 1044 in _bootstrap

Thread 0x00001c78 [Thread-6] (most recent call first):
  File "D:\a\yasb\yasb\venv\Lib\site-packages\watchdog\observers\winapi.py", line 326 in read_directory_changes
  File "D:\a\yasb\yasb\venv\Lib\site-packages\watchdog\observers\winapi.py", line 380 in read_events
  File "D:\a\yasb\yasb\venv\Lib\site-packages\watchdog\observers\read_directory_changes.py", line 67 in _read_events
  File "D:\a\yasb\yasb\venv\Lib\site-packages\watchdog\observers\read_directory_changes.py", line 70 in queue_events
  File "D:\a\yasb\yasb\venv\Lib\site-packages\watchdog\observers\api.py", line 158 in run
  File "C:\hostedtoolcache\windows\Python\3.14.6\x64\Lib\threading.py", line 1082 in _bootstrap_inner
  File "C:\hostedtoolcache\windows\Python\3.14.6\x64\Lib\threading.py", line 1044 in _bootstrap

Thread 0x0000490c [SystemEventListener] (most recent call first):
  File "D:\a\yasb\yasb\src\core\utils\win32\event_listener.py", line 69 in run

Thread 0x00002e80 [WiFiWorker] (most recent call first):
  File "C:\hostedtoolcache\windows\Python\3.14.6\x64\Lib\threading.py", line 373 in wait
  File "C:\hostedtoolcache\windows\Python\3.14.6\x64\Lib\threading.py", line 670 in wait
  File "D:\a\yasb\yasb\src\core\widgets\services\wifi\wifi_managers.py", line 160 in run

Thread 0x00003c7c [MemoryWorker] (most recent call first):
  File "C:\hostedtoolcache\windows\Python\3.14.6\x64\Lib\threading.py", line 373 in wait
  File "C:\hostedtoolcache\windows\Python\3.14.6\x64\Lib\threading.py", line 670 in wait
  File "D:\a\yasb\yasb\src\core\widgets\services\memory\memory_api.py", line 247 in run

Thread 0x00000904 [_EventWorker] (most recent call first):
  File "D:\a\yasb\yasb\venv\Lib\site-packages\qasync\_windows.py", line 147 in _poll
  File "D:\a\yasb\yasb\venv\Lib\site-packages\qasync\_windows.py", line 72 in select
  File "D:\a\yasb\yasb\venv\Lib\site-packages\qasync\_windows.py", line 199 in run

Thread 0x00004a6c [LogPipeServer] (most recent call first):
  File "D:\a\yasb\yasb\src\core\utils\win32\bindings\kernel32.py", line 291 in ConnectNamedPipe
  File "D:\a\yasb\yasb\src\core\utils\cli_server.py", line 138 in _run_server
  File "C:\hostedtoolcache\windows\Python\3.14.6\x64\Lib\threading.py", line 1024 in run
  File "C:\hostedtoolcache\windows\Python\3.14.6\x64\Lib\threading.py", line 1082 in _bootstrap_inner
  File "C:\hostedtoolcache\windows\Python\3.14.6\x64\Lib\threading.py", line 1044 in _bootstrap

Thread 0x00004a74 [CLIPipeServer] (most recent call first):
  File "D:\a\yasb\yasb\src\core\utils\win32\bindings\kernel32.py", line 291 in ConnectNamedPipe
  File "D:\a\yasb\yasb\src\core\utils\cli_server.py", line 235 in _run_server
  File "C:\hostedtoolcache\windows\Python\3.14.6\x64\Lib\threading.py", line 1024 in run
  File "C:\hostedtoolcache\windows\Python\3.14.6\x64\Lib\threading.py", line 1082 in _bootstrap_inner
  File "C:\hostedtoolcache\windows\Python\3.14.6\x64\Lib\threading.py", line 1044 in _bootstrap

Current thread 0x00004824 (most recent call first):
  File "D:\a\yasb\yasb\venv\Lib\site-packages\qasync\__init__.py", line 404 in run_forever
  File "D:\a\yasb\yasb\venv\Lib\site-packages\qasync\__init__.py", line 428 in run_until_complete
  File "main.py", line 100 in main
  File "main.py", line 203 in <module>
  File "D:\a\yasb\yasb\venv\Lib\site-packages\freeze_core\initscripts\console.py", line 43 in run
  File "src/freeze_core/initscripts/__startup__.py", line 147 in run
2026-08-20 05:34:48,542 [INFO] [MainThread] [root/api.py:69]: Fetching new weather data at 2026-08-20 05:34:48.542268
2026-08-20 05:44:48,690 [INFO] [MainThread] [root/api.py:69]: Fetching new weather data at 2026-08-20 05:44:48.690545
2026-08-20 05:54:48,547 [INFO] [MainThread] [root/api.py:69]: Fetching new weather data at 2026-08-20 05:54:48.546981
2026-08-20 06:04:48,537 [INFO] [MainThread] [root/api.py:69]: Fetching new weather data at 2026-08-20 06:04:48.537787
2026-08-20 06:14:48,535 [INFO] [MainThread] [root/api.py:69]: Fetching new weather data at 2026-08-20 06:14:48.534971
2026-08-20 06:24:48,530 [INFO] [MainThread] [root/api.py:69]: Fetching new weather data at 2026-08-20 06:24:48.530208
2026-08-20 06:34:48,538 [INFO] [MainThread] [root/api.py:69]: Fetching new weather data at 2026-08-20 06:34:48.538453
2026-08-20 06:44:48,693 [INFO] [MainThread] [root/api.py:69]: Fetching new weather data at 2026-08-20 06:44:48.693339
2026-08-20 06:54:48,535 [INFO] [MainThread] [root/api.py:69]: Fetching new weather data at 2026-08-20 06:54:48.535622
2026-08-20 07:04:48,546 [INFO] [MainThread] [root/api.py:69]: Fetching new weather data at 2026-08-20 07:04:48.546664
2026-08-20 07:14:48,549 [INFO] [MainThread] [root/api.py:69]: Fetching new weather data at 2026-08-20 07:14:48.549145
2026-08-20 07:24:48,533 [INFO] [MainThread] [root/api.py:69]: Fetching new weather data at 2026-08-20 07:24:48.533877
2026-08-20 07:34:48,549 [INFO] [MainThread] [root/api.py:69]: Fetching new weather data at 2026-08-20 07:34:48.549886
2026-08-20 07:44:48,562 [INFO] [MainThread] [root/api.py:69]: Fetching new weather data at 2026-08-20 07:44:48.562417
2026-08-20 07:54:48,568 [INFO] [MainThread] [root/api.py:69]: Fetching new weather data at 2026-08-20 07:54:48.567978
2026-08-20 08:04:48,543 [INFO] [MainThread] [root/api.py:69]: Fetching new weather data at 2026-08-20 08:04:48.543594
2026-08-20 08:14:48,536 [INFO] [MainThread] [root/api.py:69]: Fetching new weather data at 2026-08-20 08:14:48.536129
2026-08-20 08:24:48,536 [INFO] [MainThread] [root/api.py:69]: Fetching new weather data at 2026-08-20 08:24:48.536907
2026-08-20 08:34:48,556 [INFO] [MainThread] [root/api.py:69]: Fetching new weather data at 2026-08-20 08:34:48.556070
2026-08-20 08:44:48,541 [INFO] [MainThread] [root/api.py:69]: Fetching new weather data at 2026-08-20 08:44:48.541829
2026-08-20 08:45:48,912 [INFO] [MainThread] [root/bar_helper.py:594]: AppBarManager need to re-register 2 bars
2026-08-20 08:45:49,203 [INFO] [MainThread] [root/bar_helper.py:603]: Re-registered AppBar for primary-bar_24G50F_fd06896b (space reservation + fullscreen)
2026-08-20 08:45:49,303 [INFO] [MainThread] [root/bar_helper.py:603]: Re-registered AppBar for primary-bar_BenQ RL2755_92c6755a (space reservation + fullscreen)
2026-08-20 08:54:48,534 [INFO] [MainThread] [root/api.py:69]: Fetching new weather data at 2026-08-20 08:54:48.534893
2026-08-20 09:04:48,549 [INFO] [MainThread] [root/api.py:69]: Fetching new weather data at 2026-08-20 09:04:48.549421
2026-08-20 09:14:48,534 [INFO] [MainThread] [root/api.py:69]: Fetching new weather data at 2026-08-20 09:14:48.534537
2026-08-20 09:24:48,564 [INFO] [MainThread] [root/api.py:69]: Fetching new weather data at 2026-08-20 09:24:48.564794
2026-08-20 09:34:48,706 [INFO] [MainThread] [root/api.py:69]: Fetching new weather data at 2026-08-20 09:34:48.706191
2026-08-20 09:38:05,015 [INFO] [MainThread] [root/bar_manager.py:119]: Stopping SystemEventListener...
2026-08-20 09:39:32,096 [INFO] [MainThread] [root/log.py:104]: YASB v2.0.6
2026-08-20 09:39:32,098 [INFO] [CLIPipeServer] [cli_server/cli_server.py:216]: CLI server started v1.1.7
2026-08-20 09:39:32,098 [INFO] [MainThread] [cli_server/cli_server.py:106]: Log pipe server started
2026-08-20 09:39:32,526 [INFO] [MainThread] [root/service.py:52]: AudioOutputService starting...
2026-08-20 09:39:32,753 [INFO] [MainThread] [root/bar_manager.py:103]: Starting SystemEventListener...
2026-08-20 09:39:32,755 [INFO] [MainThread] [root/watcher.py:65]: Watching directory: c:\users\erick\.config\yasb
2026-08-20 09:39:32,755 [INFO] [MainThread] [root/watcher.py:104]: Created file watcher
2026-08-20 09:39:32,826 [INFO] [MainThread] [root/update_service.py:434]: Background update checker started
2026-08-20 09:39:33,278 [INFO] [MainThread] [root/api.py:69]: Fetching new weather data at 2026-08-20 09:39:33.278865
Windows fatal exception: code 0x8001010d

Thread 0x00004f10 [Thread-5] (most recent call first):
  File "C:\hostedtoolcache\windows\Python\3.14.6\x64\Lib\threading.py", line 369 in wait
  File "C:\hostedtoolcache\windows\Python\3.14.6\x64\Lib\queue.py", line 199 in get
  File "D:\a\yasb\yasb\venv\Lib\site-packages\watchdog\observers\api.py", line 379 in dispatch_events
  File "D:\a\yasb\yasb\venv\Lib\site-packages\watchdog\observers\api.py", line 213 in run
  File "C:\hostedtoolcache\windows\Python\3.14.6\x64\Lib\threading.py", line 1082 in _bootstrap_inner
  File "C:\hostedtoolcache\windows\Python\3.14.6\x64\Lib\threading.py", line 1044 in _bootstrap

Thread 0x00003e28 [Thread-6] (most recent call first):
  File "D:\a\yasb\yasb\venv\Lib\site-packages\watchdog\observers\winapi.py", line 326 in read_directory_changes
  File "D:\a\yasb\yasb\venv\Lib\site-packages\watchdog\observers\winapi.py", line 380 in read_events
  File "D:\a\yasb\yasb\venv\Lib\site-packages\watchdog\observers\read_directory_changes.py", line 67 in _read_events
  File "D:\a\yasb\yasb\venv\Lib\site-packages\watchdog\observers\read_directory_changes.py", line 70 in queue_events
  File "D:\a\yasb\yasb\venv\Lib\site-packages\watchdog\observers\api.py", line 158 in run
  File "C:\hostedtoolcache\windows\Python\3.14.6\x64\Lib\threading.py", line 1082 in _bootstrap_inner
  File "C:\hostedtoolcache\windows\Python\3.14.6\x64\Lib\threading.py", line 1044 in _bootstrap

Thread 0x00004ef0 [SystemEventListener] (most recent call first):
  File "D:\a\yasb\yasb\src\core\utils\win32\event_listener.py", line 69 in run

Thread 0x00004d9c [WiFiWorker] (most recent call first):
  File "C:\hostedtoolcache\windows\Python\3.14.6\x64\Lib\threading.py", line 373 in wait
  File "C:\hostedtoolcache\windows\Python\3.14.6\x64\Lib\threading.py", line 670 in wait
  File "D:\a\yasb\yasb\src\core\widgets\services\wifi\wifi_managers.py", line 160 in run

Thread 0x00004c68 [MemoryWorker] (most recent call first):
  File "C:\hostedtoolcache\windows\Python\3.14.6\x64\Lib\threading.py", line 373 in wait
  File "C:\hostedtoolcache\windows\Python\3.14.6\x64\Lib\threading.py", line 670 in wait
  File "D:\a\yasb\yasb\src\core\widgets\services\memory\memory_api.py", line 247 in run

Thread 0x00004f18 [_EventWorker] (most recent call first):
  File "D:\a\yasb\yasb\venv\Lib\site-packages\qasync\_windows.py", line 147 in _poll
  File "D:\a\yasb\yasb\venv\Lib\site-packages\qasync\_windows.py", line 72 in select
  File "D:\a\yasb\yasb\venv\Lib\site-packages\qasync\_windows.py", line 199 in run

Thread 0x00004f40 [LogPipeServer] (most recent call first):
  File "D:\a\yasb\yasb\src\core\utils\win32\bindings\kernel32.py", line 291 in ConnectNamedPipe
  File "D:\a\yasb\yasb\src\core\utils\cli_server.py", line 138 in _run_server
  File "C:\hostedtoolcache\windows\Python\3.14.6\x64\Lib\threading.py", line 1024 in run
  File "C:\hostedtoolcache\windows\Python\3.14.6\x64\Lib\threading.py", line 1082 in _bootstrap_inner
  File "C:\hostedtoolcache\windows\Python\3.14.6\x64\Lib\threading.py", line 1044 in _bootstrap

Thread 0x0000402c [CLIPipeServer] (most recent call first):
  File "D:\a\yasb\yasb\src\core\utils\win32\bindings\kernel32.py", line 291 in ConnectNamedPipe
  File "D:\a\yasb\yasb\src\core\utils\cli_server.py", line 235 in _run_server
  File "C:\hostedtoolcache\windows\Python\3.14.6\x64\Lib\threading.py", line 1024 in run
  File "C:\hostedtoolcache\windows\Python\3.14.6\x64\Lib\threading.py", line 1082 in _bootstrap_inner
  File "C:\hostedtoolcache\windows\Python\3.14.6\x64\Lib\threading.py", line 1044 in _bootstrap

Current thread 0x00004f74 (most recent call first):
  File "D:\a\yasb\yasb\venv\Lib\site-packages\qasync\__init__.py", line 404 in run_forever
  File "D:\a\yasb\yasb\venv\Lib\site-packages\qasync\__init__.py", line 428 in run_until_complete
  File "main.py", line 100 in main
  File "main.py", line 203 in <module>
  File "D:\a\yasb\yasb\venv\Lib\site-packages\freeze_core\initscripts\console.py", line 43 in run
  File "src/freeze_core/initscripts/__startup__.py", line 147 in run
2026-08-20 09:49:32,661 [INFO] [MainThread] [root/api.py:69]: Fetching new weather data at 2026-08-20 09:49:32.661699
2026-08-20 09:59:32,678 [INFO] [MainThread] [root/api.py:69]: Fetching new weather data at 2026-08-20 09:59:32.678924
2026-08-20 10:09:32,667 [INFO] [MainThread] [root/api.py:69]: Fetching new weather data at 2026-08-20 10:09:32.667572
2026-08-20 10:19:32,677 [INFO] [MainThread] [root/api.py:69]: Fetching new weather data at 2026-08-20 10:19:32.677453
2026-08-20 10:29:32,682 [INFO] [MainThread] [root/api.py:69]: Fetching new weather data at 2026-08-20 10:29:32.682839
2026-08-20 10:39:32,681 [INFO] [MainThread] [root/api.py:69]: Fetching new weather data at 2026-08-20 10:39:32.681461
2026-08-20 10:49:32,674 [INFO] [MainThread] [root/api.py:69]: Fetching new weather data at 2026-08-20 10:49:32.674441
2026-08-20 10:59:32,674 [INFO] [MainThread] [root/api.py:69]: Fetching new weather data at 2026-08-20 10:59:32.674765
2026-08-20 11:09:32,830 [INFO] [MainThread] [root/api.py:69]: Fetching new weather data at 2026-08-20 11:09:32.830664
2026-08-20 11:19:33,107 [INFO] [MainThread] [root/api.py:69]: Fetching new weather data at 2026-08-20 11:19:33.107233
2026-08-20 11:29:32,702 [INFO] [MainThread] [root/api.py:69]: Fetching new weather data at 2026-08-20 11:29:32.702699
2026-08-20 11:31:54,057 [INFO] [MainThread] [root/bar_helper.py:594]: AppBarManager need to re-register 2 bars
2026-08-20 11:31:54,400 [INFO] [MainThread] [root/bar_helper.py:603]: Re-registered AppBar for primary-bar_24G50F_d26ea427 (space reservation + fullscreen)
2026-08-20 11:31:54,557 [INFO] [MainThread] [root/bar_helper.py:603]: Re-registered AppBar for primary-bar_BenQ RL2755_05f2ad9e (space reservation + fullscreen)
2026-08-20 11:39:32,689 [INFO] [MainThread] [root/api.py:69]: Fetching new weather data at 2026-08-20 11:39:32.689897
2026-08-20 11:49:32,677 [INFO] [MainThread] [root/api.py:69]: Fetching new weather data at 2026-08-20 11:49:32.677787
2026-08-20 11:59:32,680 [INFO] [MainThread] [root/api.py:69]: Fetching new weather data at 2026-08-20 11:59:32.680631
2026-08-20 12:09:32,687 [INFO] [MainThread] [root/api.py:69]: Fetching new weather data at 2026-08-20 12:09:32.687751
2026-08-20 12:19:32,684 [INFO] [MainThread] [root/api.py:69]: Fetching new weather data at 2026-08-20 12:19:32.684250
2026-08-20 12:29:32,848 [INFO] [MainThread] [root/api.py:69]: Fetching new weather data at 2026-08-20 12:29:32.848153
2026-08-20 12:39:32,686 [INFO] [MainThread] [root/api.py:69]: Fetching new weather data at 2026-08-20 12:39:32.686571
2026-08-20 12:49:32,708 [INFO] [MainThread] [root/api.py:69]: Fetching new weather data at 2026-08-20 12:49:32.708333
2026-08-20 12:59:32,684 [INFO] [MainThread] [root/api.py:69]: Fetching new weather data at 2026-08-20 12:59:32.684214
2026-08-20 13:09:32,676 [INFO] [MainThread] [root/api.py:69]: Fetching new weather data at 2026-08-20 13:09:32.675935
2026-08-20 13:19:32,681 [INFO] [MainThread] [root/api.py:69]: Fetching new weather data at 2026-08-20 13:19:32.681877
2026-08-20 13:29:32,707 [INFO] [MainThread] [root/api.py:69]: Fetching new weather data at 2026-08-20 13:29:32.707014
2026-08-20 13:35:08,152 [INFO] [MainThread] [root/bar_helper.py:594]: AppBarManager need to re-register 2 bars
2026-08-20 13:35:08,242 [INFO] [MainThread] [root/bar_helper.py:603]: Re-registered AppBar for primary-bar_24G50F_d26ea427 (space reservation + fullscreen)
2026-08-20 13:35:08,409 [INFO] [MainThread] [root/bar_helper.py:603]: Re-registered AppBar for primary-bar_BenQ RL2755_05f2ad9e (space reservation + fullscreen)
2026-08-20 13:39:32,688 [INFO] [MainThread] [root/api.py:69]: Fetching new weather data at 2026-08-20 13:39:32.688317
2026-08-20 13:49:32,719 [INFO] [MainThread] [root/api.py:69]: Fetching new weather data at 2026-08-20 13:49:32.719640
2026-08-20 13:59:32,691 [INFO] [MainThread] [root/api.py:69]: Fetching new weather data at 2026-08-20 13:59:32.691433
2026-08-20 14:09:32,692 [INFO] [MainThread] [root/api.py:69]: Fetching new weather data at 2026-08-20 14:09:32.692841
2026-08-20 14:19:32,690 [INFO] [MainThread] [root/api.py:69]: Fetching new weather data at 2026-08-20 14:19:32.690575
2026-08-20 14:29:32,679 [INFO] [MainThread] [root/api.py:69]: Fetching new weather data at 2026-08-20 14:29:32.679241
2026-08-20 14:39:32,681 [INFO] [MainThread] [root/api.py:69]: Fetching new weather data at 2026-08-20 14:39:32.681849
2026-08-20 14:49:32,680 [INFO] [MainThread] [root/api.py:69]: Fetching new weather data at 2026-08-20 14:49:32.680315
2026-08-20 14:59:32,676 [INFO] [MainThread] [root/api.py:69]: Fetching new weather data at 2026-08-20 14:59:32.676819
2026-08-20 15:09:32,684 [INFO] [MainThread] [root/api.py:69]: Fetching new weather data at 2026-08-20 15:09:32.684326
2026-08-20 15:19:32,686 [INFO] [MainThread] [root/api.py:69]: Fetching new weather data at 2026-08-20 15:19:32.685067
2026-08-20 15:29:32,734 [INFO] [MainThread] [root/api.py:69]: Fetching new weather data at 2026-08-20 15:29:32.734316
2026-08-20 15:39:32,678 [INFO] [MainThread] [root/api.py:69]: Fetching new weather data at 2026-08-20 15:39:32.678728
2026-08-20 15:49:32,673 [INFO] [MainThread] [root/api.py:69]: Fetching new weather data at 2026-08-20 15:49:32.673327
2026-08-20 15:59:32,693 [INFO] [MainThread] [root/api.py:69]: Fetching new weather data at 2026-08-20 15:59:32.692946
2026-08-20 16:09:32,676 [INFO] [MainThread] [root/api.py:69]: Fetching new weather data at 2026-08-20 16:09:32.676197
2026-08-20 16:19:32,674 [INFO] [MainThread] [root/api.py:69]: Fetching new weather data at 2026-08-20 16:19:32.673960
2026-08-20 16:29:32,678 [INFO] [MainThread] [root/api.py:69]: Fetching new weather data at 2026-08-20 16:29:32.678207
2026-08-20 16:39:32,681 [INFO] [MainThread] [root/api.py:69]: Fetching new weather data at 2026-08-20 16:39:32.681145
2026-08-20 16:49:32,672 [INFO] [MainThread] [root/api.py:69]: Fetching new weather data at 2026-08-20 16:49:32.672183
2026-08-20 16:59:32,857 [INFO] [MainThread] [root/api.py:69]: Fetching new weather data at 2026-08-20 16:59:32.857514
2026-08-20 17:09:32,671 [INFO] [MainThread] [root/api.py:69]: Fetching new weather data at 2026-08-20 17:09:32.671352
2026-08-20 17:19:32,677 [INFO] [MainThread] [root/api.py:69]: Fetching new weather data at 2026-08-20 17:19:32.677156
2026-08-20 17:29:32,680 [INFO] [MainThread] [root/api.py:69]: Fetching new weather data at 2026-08-20 17:29:32.680533
2026-08-20 17:39:32,682 [INFO] [MainThread] [root/api.py:69]: Fetching new weather data at 2026-08-20 17:39:32.682349
2026-08-20 17:49:32,677 [INFO] [MainThread] [root/api.py:69]: Fetching new weather data at 2026-08-20 17:49:32.677583
2026-08-20 17:59:32,684 [INFO] [MainThread] [root/api.py:69]: Fetching new weather data at 2026-08-20 17:59:32.683969
2026-08-20 18:09:32,667 [INFO] [MainThread] [root/api.py:69]: Fetching new weather data at 2026-08-20 18:09:32.667928
2026-08-20 18:19:32,673 [INFO] [MainThread] [root/api.py:69]: Fetching new weather data at 2026-08-20 18:19:32.673436
2026-08-20 18:29:32,678 [INFO] [MainThread] [root/api.py:69]: Fetching new weather data at 2026-08-20 18:29:32.678259
2026-08-20 18:39:32,680 [INFO] [MainThread] [root/api.py:69]: Fetching new weather data at 2026-08-20 18:39:32.680531
2026-08-20 18:49:32,672 [INFO] [MainThread] [root/api.py:69]: Fetching new weather data at 2026-08-20 18:49:32.672252
2026-08-20 18:59:32,672 [INFO] [MainThread] [root/api.py:69]: Fetching new weather data at 2026-08-20 18:59:32.672506
2026-08-20 19:09:32,670 [INFO] [MainThread] [root/api.py:69]: Fetching new weather data at 2026-08-20 19:09:32.670759
2026-08-20 19:19:32,685 [INFO] [MainThread] [root/api.py:69]: Fetching new weather data at 2026-08-20 19:19:32.685043
2026-08-20 19:29:32,689 [INFO] [MainThread] [root/api.py:69]: Fetching new weather data at 2026-08-20 19:29:32.689190
2026-08-20 19:39:32,700 [INFO] [MainThread] [root/api.py:69]: Fetching new weather data at 2026-08-20 19:39:32.700075
2026-08-20 19:49:32,685 [INFO] [MainThread] [root/api.py:69]: Fetching new weather data at 2026-08-20 19:49:32.685673
2026-08-20 19:59:32,689 [INFO] [MainThread] [root/api.py:69]: Fetching new weather data at 2026-08-20 19:59:32.689570
2026-08-20 20:09:32,699 [INFO] [MainThread] [root/api.py:69]: Fetching new weather data at 2026-08-20 20:09:32.699021
2026-08-20 20:19:32,692 [INFO] [MainThread] [root/api.py:69]: Fetching new weather data at 2026-08-20 20:19:32.692740
2026-08-20 20:29:32,693 [INFO] [MainThread] [root/api.py:69]: Fetching new weather data at 2026-08-20 20:29:32.693870
2026-08-20 20:39:32,680 [INFO] [MainThread] [root/api.py:69]: Fetching new weather data at 2026-08-20 20:39:32.680916
2026-08-20 20:49:32,733 [INFO] [MainThread] [root/api.py:69]: Fetching new weather data at 2026-08-20 20:49:32.733047
2026-08-20 20:59:32,688 [INFO] [MainThread] [root/api.py:69]: Fetching new weather data at 2026-08-20 20:59:32.688169
2026-08-20 21:09:32,695 [INFO] [MainThread] [root/api.py:69]: Fetching new weather data at 2026-08-20 21:09:32.695876
2026-08-20 21:19:32,688 [INFO] [MainThread] [root/api.py:69]: Fetching new weather data at 2026-08-20 21:19:32.688840
2026-08-20 21:29:32,711 [INFO] [MainThread] [root/api.py:69]: Fetching new weather data at 2026-08-20 21:29:32.711926
2026-08-20 21:39:32,690 [INFO] [MainThread] [root/api.py:69]: Fetching new weather data at 2026-08-20 21:39:32.690143
2026-08-20 21:49:32,716 [INFO] [MainThread] [root/api.py:69]: Fetching new weather data at 2026-08-20 21:49:32.716191
2026-08-20 21:59:32,678 [INFO] [MainThread] [root/api.py:69]: Fetching new weather data at 2026-08-20 21:59:32.678164
2026-08-20 22:09:32,709 [INFO] [MainThread] [root/api.py:69]: Fetching new weather data at 2026-08-20 22:09:32.709511
2026-08-20 22:19:32,688 [INFO] [MainThread] [root/api.py:69]: Fetching new weather data at 2026-08-20 22:19:32.688051
2026-08-20 22:29:32,698 [INFO] [MainThread] [root/api.py:69]: Fetching new weather data at 2026-08-20 22:29:32.698332
2026-08-20 22:39:32,714 [INFO] [MainThread] [root/api.py:69]: Fetching new weather data at 2026-08-20 22:39:32.714668
2026-08-20 22:49:32,694 [INFO] [MainThread] [root/api.py:69]: Fetching new weather data at 2026-08-20 22:49:32.694244
2026-08-20 22:59:32,708 [INFO] [MainThread] [root/api.py:69]: Fetching new weather data at 2026-08-20 22:59:32.708509
2026-08-20 23:09:32,697 [INFO] [MainThread] [root/api.py:69]: Fetching new weather data at 2026-08-20 23:09:32.697778
2026-08-20 23:19:32,681 [INFO] [MainThread] [root/api.py:69]: Fetching new weather data at 2026-08-20 23:19:32.681394
2026-08-20 23:29:32,838 [INFO] [MainThread] [root/api.py:69]: Fetching new weather data at 2026-08-20 23:29:32.838171
2026-08-20 23:39:32,691 [INFO] [MainThread] [root/api.py:69]: Fetching new weather data at 2026-08-20 23:39:32.691309
2026-08-20 23:49:32,691 [INFO] [MainThread] [root/api.py:69]: Fetching new weather data at 2026-08-20 23:49:32.691689
2026-08-20 23:59:32,700 [INFO] [MainThread] [root/api.py:69]: Fetching new weather data at 2026-08-20 23:59:32.700917
2026-08-21 00:09:32,849 [INFO] [MainThread] [root/api.py:69]: Fetching new weather data at 2026-08-21 00:09:32.849912
2026-08-21 00:19:32,734 [INFO] [MainThread] [root/api.py:69]: Fetching new weather data at 2026-08-21 00:19:32.728624
2026-08-21 00:29:32,732 [INFO] [MainThread] [root/api.py:69]: Fetching new weather data at 2026-08-21 00:29:32.732882
2026-08-21 00:39:32,693 [INFO] [MainThread] [root/api.py:69]: Fetching new weather data at 2026-08-21 00:39:32.693358
2026-08-21 00:49:32,704 [INFO] [MainThread] [root/api.py:69]: Fetching new weather data at 2026-08-21 00:49:32.704646
2026-08-21 00:59:32,701 [INFO] [MainThread] [root/api.py:69]: Fetching new weather data at 2026-08-21 00:59:32.701872
2026-08-21 01:09:32,701 [INFO] [MainThread] [root/api.py:69]: Fetching new weather data at 2026-08-21 01:09:32.701823
2026-08-21 01:19:32,692 [INFO] [MainThread] [root/api.py:69]: Fetching new weather data at 2026-08-21 01:19:32.692460
2026-08-21 01:29:32,914 [INFO] [MainThread] [root/api.py:69]: Fetching new weather data at 2026-08-21 01:29:32.914099
2026-08-21 01:39:32,690 [INFO] [MainThread] [root/api.py:69]: Fetching new weather data at 2026-08-21 01:39:32.690736
2026-08-21 01:49:32,715 [INFO] [MainThread] [root/api.py:69]: Fetching new weather data at 2026-08-21 01:49:32.715376
2026-08-21 01:53:23,999 [INFO] [MainThread] [root/bar_manager.py:119]: Stopping SystemEventListener...
2026-08-21 07:49:35,917 [INFO] [MainThread] [root/log.py:104]: YASB v2.0.6
2026-08-21 07:49:35,918 [INFO] [CLIPipeServer] [cli_server/cli_server.py:216]: CLI server started v1.1.7
2026-08-21 07:49:35,918 [INFO] [MainThread] [cli_server/cli_server.py:106]: Log pipe server started
2026-08-21 07:49:36,323 [INFO] [MainThread] [root/service.py:52]: AudioOutputService starting...
2026-08-21 07:49:36,558 [INFO] [MainThread] [root/bar_manager.py:103]: Starting SystemEventListener...
2026-08-21 07:49:36,560 [INFO] [MainThread] [root/watcher.py:65]: Watching directory: c:\users\erick\.config\yasb
2026-08-21 07:49:36,561 [INFO] [MainThread] [root/watcher.py:104]: Created file watcher
2026-08-21 07:49:36,664 [INFO] [MainThread] [root/update_service.py:434]: Background update checker started
2026-08-21 07:49:37,053 [INFO] [MainThread] [root/api.py:69]: Fetching new weather data at 2026-08-21 07:49:37.053293
Windows fatal exception: code 0x8001010d

Thread 0x00003268 [Thread-5] (most recent call first):
  File "C:\hostedtoolcache\windows\Python\3.14.6\x64\Lib\threading.py", line 369 in wait
  File "C:\hostedtoolcache\windows\Python\3.14.6\x64\Lib\queue.py", line 199 in get
  File "D:\a\yasb\yasb\venv\Lib\site-packages\watchdog\observers\api.py", line 379 in dispatch_events
  File "D:\a\yasb\yasb\venv\Lib\site-packages\watchdog\observers\api.py", line 213 in run
  File "C:\hostedtoolcache\windows\Python\3.14.6\x64\Lib\threading.py", line 1082 in _bootstrap_inner
  File "C:\hostedtoolcache\windows\Python\3.14.6\x64\Lib\threading.py", line 1044 in _bootstrap

Thread 0x00005610 [Thread-6] (most recent call first):
  File "D:\a\yasb\yasb\venv\Lib\site-packages\watchdog\observers\winapi.py", line 326 in read_directory_changes
  File "D:\a\yasb\yasb\venv\Lib\site-packages\watchdog\observers\winapi.py", line 380 in read_events
  File "D:\a\yasb\yasb\venv\Lib\site-packages\watchdog\observers\read_directory_changes.py", line 67 in _read_events
  File "D:\a\yasb\yasb\venv\Lib\site-packages\watchdog\observers\read_directory_changes.py", line 70 in queue_events
  File "D:\a\yasb\yasb\venv\Lib\site-packages\watchdog\observers\api.py", line 158 in run
  File "C:\hostedtoolcache\windows\Python\3.14.6\x64\Lib\threading.py", line 1082 in _bootstrap_inner
  File "C:\hostedtoolcache\windows\Python\3.14.6\x64\Lib\threading.py", line 1044 in _bootstrap

Thread 0x00005608 [SystemEventListener] (most recent call first):
  File "D:\a\yasb\yasb\src\core\utils\win32\event_listener.py", line 69 in run

Thread 0x000057c4 [WiFiWorker] (most recent call first):
  File "C:\hostedtoolcache\windows\Python\3.14.6\x64\Lib\threading.py", line 373 in wait
  File "C:\hostedtoolcache\windows\Python\3.14.6\x64\Lib\threading.py", line 670 in wait
  File "D:\a\yasb\yasb\src\core\widgets\services\wifi\wifi_managers.py", line 160 in run

Thread 0x00005768 [MemoryWorker] (most recent call first):
  File "C:\hostedtoolcache\windows\Python\3.14.6\x64\Lib\threading.py", line 373 in wait
  File "C:\hostedtoolcache\windows\Python\3.14.6\x64\Lib\threading.py", line 670 in wait
  File "D:\a\yasb\yasb\src\core\widgets\services\memory\memory_api.py", line 247 in run

Thread 0x000056dc [_EventWorker] (most recent call first):
  File "D:\a\yasb\yasb\venv\Lib\site-packages\qasync\_windows.py", line 147 in _poll
  File "D:\a\yasb\yasb\venv\Lib\site-packages\qasync\_windows.py", line 72 in select
  File "D:\a\yasb\yasb\venv\Lib\site-packages\qasync\_windows.py", line 199 in run

Thread 0x00005690 [LogPipeServer] (most recent call first):
  File "D:\a\yasb\yasb\src\core\utils\win32\bindings\kernel32.py", line 291 in ConnectNamedPipe
  File "D:\a\yasb\yasb\src\core\utils\cli_server.py", line 138 in _run_server
  File "C:\hostedtoolcache\windows\Python\3.14.6\x64\Lib\threading.py", line 1024 in run
  File "C:\hostedtoolcache\windows\Python\3.14.6\x64\Lib\threading.py", line 1082 in _bootstrap_inner
  File "C:\hostedtoolcache\windows\Python\3.14.6\x64\Lib\threading.py", line 1044 in _bootstrap

Thread 0x0000567c [CLIPipeServer] (most recent call first):
  File "D:\a\yasb\yasb\src\core\utils\win32\bindings\kernel32.py", line 291 in ConnectNamedPipe
  File "D:\a\yasb\yasb\src\core\utils\cli_server.py", line 235 in _run_server
  File "C:\hostedtoolcache\windows\Python\3.14.6\x64\Lib\threading.py", line 1024 in run
  File "C:\hostedtoolcache\windows\Python\3.14.6\x64\Lib\threading.py", line 1082 in _bootstrap_inner
  File "C:\hostedtoolcache\windows\Python\3.14.6\x64\Lib\threading.py", line 1044 in _bootstrap

Current thread 0x00005770 (most recent call first):
  File "D:\a\yasb\yasb\venv\Lib\site-packages\qasync\__init__.py", line 404 in run_forever
  File "D:\a\yasb\yasb\venv\Lib\site-packages\qasync\__init__.py", line 428 in run_until_complete
  File "main.py", line 100 in main
  File "main.py", line 203 in <module>
  File "D:\a\yasb\yasb\venv\Lib\site-packages\freeze_core\initscripts\console.py", line 43 in run
  File "src/freeze_core/initscripts/__startup__.py", line 147 in run
2026-08-21 07:59:36,496 [INFO] [MainThread] [root/api.py:69]: Fetching new weather data at 2026-08-21 07:59:36.493613
2026-08-21 08:09:36,479 [INFO] [MainThread] [root/api.py:69]: Fetching new weather data at 2026-08-21 08:09:36.479545
2026-08-21 08:19:36,484 [INFO] [MainThread] [root/api.py:69]: Fetching new weather data at 2026-08-21 08:19:36.484931
Windows fatal exception: code 0x800706f7

Thread 0x00003268 [Thread-5] (most recent call first):
  File "C:\hostedtoolcache\windows\Python\3.14.6\x64\Lib\threading.py", line 369 in wait
  File "C:\hostedtoolcache\windows\Python\3.14.6\x64\Lib\queue.py", line 199 in get
  File "D:\a\yasb\yasb\venv\Lib\site-packages\watchdog\observers\api.py", line 379 in dispatch_events
  File "D:\a\yasb\yasb\venv\Lib\site-packages\watchdog\observers\api.py", line 213 in run
  File "C:\hostedtoolcache\windows\Python\3.14.6\x64\Lib\threading.py", line 1082 in _bootstrap_inner
  File "C:\hostedtoolcache\windows\Python\3.14.6\x64\Lib\threading.py", line 1044 in _bootstrap

Thread 0x00005610 [Thread-6] (most recent call first):
  File "D:\a\yasb\yasb\venv\Lib\site-packages\watchdog\observers\winapi.py", line 326 in read_directory_changes
  File "D:\a\yasb\yasb\venv\Lib\site-packages\watchdog\observers\winapi.py", line 380 in read_events
  File "D:\a\yasb\yasb\venv\Lib\site-packages\watchdog\observers\read_directory_changes.py", line 67 in _read_events
  File "D:\a\yasb\yasb\venv\Lib\site-packages\watchdog\observers\read_directory_changes.py", line 70 in queue_events
  File "D:\a\yasb\yasb\venv\Lib\site-packages\watchdog\observers\api.py", line 158 in run
  File "C:\hostedtoolcache\windows\Python\3.14.6\x64\Lib\threading.py", line 1082 in _bootstrap_inner
  File "C:\hostedtoolcache\windows\Python\3.14.6\x64\Lib\threading.py", line 1044 in _bootstrap

Thread 0x00005608 [SystemEventListener] (most recent call first):
  File "D:\a\yasb\yasb\src\core\utils\win32\event_listener.py", line 69 in run

Thread 0x000057c4 [WiFiWorker] (most recent call first):
  File "C:\hostedtoolcache\windows\Python\3.14.6\x64\Lib\threading.py", line 373 in wait
  File "C:\hostedtoolcache\windows\Python\3.14.6\x64\Lib\threading.py", line 670 in wait
  File "D:\a\yasb\yasb\src\core\widgets\services\wifi\wifi_managers.py", line 160 in run

Thread 0x00005768 [MemoryWorker] (most recent call first):
  File "C:\hostedtoolcache\windows\Python\3.14.6\x64\Lib\threading.py", line 373 in wait
  File "C:\hostedtoolcache\windows\Python\3.14.6\x64\Lib\threading.py", line 670 in wait
  File "D:\a\yasb\yasb\src\core\widgets\services\memory\memory_api.py", line 247 in run

Thread 0x000056dc [_EventWorker] (most recent call first):
  File "D:\a\yasb\yasb\venv\Lib\site-packages\qasync\_windows.py", line 147 in _poll
  File "D:\a\yasb\yasb\venv\Lib\site-packages\qasync\_windows.py", line 72 in select
  File "D:\a\yasb\yasb\venv\Lib\site-packages\qasync\_windows.py", line 199 in run

Thread 0x00005690 [LogPipeServer] (most recent call first):
  File "D:\a\yasb\yasb\src\core\utils\win32\bindings\kernel32.py", line 291 in ConnectNamedPipe
  File "D:\a\yasb\yasb\src\core\utils\cli_server.py", line 138 in _run_server
  File "C:\hostedtoolcache\windows\Python\3.14.6\x64\Lib\threading.py", line 1024 in run
  File "C:\hostedtoolcache\windows\Python\3.14.6\x64\Lib\threading.py", line 1082 in _bootstrap_inner
  File "C:\hostedtoolcache\windows\Python\3.14.6\x64\Lib\threading.py", line 1044 in _bootstrap

Thread 0x0000567c [CLIPipeServer] (most recent call first):
  File "D:\a\yasb\yasb\src\core\utils\win32\bindings\kernel32.py", line 291 in ConnectNamedPipe
  File "D:\a\yasb\yasb\src\core\utils\cli_server.py", line 235 in _run_server
  File "C:\hostedtoolcache\windows\Python\3.14.6\x64\Lib\threading.py", line 1024 in run
  File "C:\hostedtoolcache\windows\Python\3.14.6\x64\Lib\threading.py", line 1082 in _bootstrap_inner
  File "C:\hostedtoolcache\windows\Python\3.14.6\x64\Lib\threading.py", line 1044 in _bootstrap

Current thread 0x00005770 (most recent call first):
  File "D:\a\yasb\yasb\src\core\widgets\yasb\active_window.py", line 337 in _update_window_title
  File "D:\a\yasb\yasb\src\core\widgets\yasb\active_window.py", line 237 in _on_focus_change_event
  File "D:\a\yasb\yasb\venv\Lib\site-packages\qasync\__init__.py", line 404 in run_forever
  File "D:\a\yasb\yasb\venv\Lib\site-packages\qasync\__init__.py", line 428 in run_until_complete
  File "main.py", line 100 in main
  File "main.py", line 203 in <module>
  File "D:\a\yasb\yasb\venv\Lib\site-packages\freeze_core\initscripts\console.py", line 43 in run
  File "src/freeze_core/initscripts/__startup__.py", line 147 in run
2026-08-21 08:29:36,478 [INFO] [MainThread] [root/api.py:69]: Fetching new weather data at 2026-08-21 08:29:36.478357
2026-08-21 08:39:36,479 [INFO] [MainThread] [root/api.py:69]: Fetching new weather data at 2026-08-21 08:39:36.479507
2026-08-21 08:49:36,649 [INFO] [MainThread] [root/api.py:69]: Fetching new weather data at 2026-08-21 08:49:36.649262
2026-08-21 08:59:36,496 [INFO] [MainThread] [root/api.py:69]: Fetching new weather data at 2026-08-21 08:59:36.496094
2026-08-21 09:09:36,496 [INFO] [MainThread] [root/api.py:69]: Fetching new weather data at 2026-08-21 09:09:36.496757
2026-08-21 09:19:36,483 [INFO] [MainThread] [root/api.py:69]: Fetching new weather data at 2026-08-21 09:19:36.483786
2026-08-21 09:29:36,478 [INFO] [MainThread] [root/api.py:69]: Fetching new weather data at 2026-08-21 09:29:36.478676
2026-08-21 09:39:36,476 [INFO] [MainThread] [root/api.py:69]: Fetching new weather data at 2026-08-21 09:39:36.476225
2026-08-21 09:49:36,496 [INFO] [MainThread] [root/api.py:69]: Fetching new weather data at 2026-08-21 09:49:36.495988
2026-08-21 09:59:36,486 [INFO] [MainThread] [root/api.py:69]: Fetching new weather data at 2026-08-21 09:59:36.485962
2026-08-21 10:09:36,493 [INFO] [MainThread] [root/api.py:69]: Fetching new weather data at 2026-08-21 10:09:36.493048
2026-08-21 10:19:36,481 [INFO] [MainThread] [root/api.py:69]: Fetching new weather data at 2026-08-21 10:19:36.480900
2026-08-21 10:29:36,492 [INFO] [MainThread] [root/api.py:69]: Fetching new weather data at 2026-08-21 10:29:36.491968
2026-08-21 10:39:36,474 [INFO] [MainThread] [root/api.py:69]: Fetching new weather data at 2026-08-21 10:39:36.474881
2026-08-21 10:49:36,474 [INFO] [MainThread] [root/api.py:69]: Fetching new weather data at 2026-08-21 10:49:36.473952
2026-08-21 10:59:36,493 [INFO] [MainThread] [root/api.py:69]: Fetching new weather data at 2026-08-21 10:59:36.492978
2026-08-21 11:09:36,483 [INFO] [MainThread] [root/api.py:69]: Fetching new weather data at 2026-08-21 11:09:36.483689
2026-08-21 11:19:36,510 [INFO] [MainThread] [root/api.py:69]: Fetching new weather data at 2026-08-21 11:19:36.507542
2026-08-21 11:29:36,495 [INFO] [MainThread] [root/api.py:69]: Fetching new weather data at 2026-08-21 11:29:36.490030
2026-08-21 11:39:36,496 [INFO] [MainThread] [root/api.py:69]: Fetching new weather data at 2026-08-21 11:39:36.496294
2026-08-21 11:49:36,479 [INFO] [MainThread] [root/api.py:69]: Fetching new weather data at 2026-08-21 11:49:36.479667
2026-08-21 11:59:36,485 [INFO] [MainThread] [root/api.py:69]: Fetching new weather data at 2026-08-21 11:59:36.485111
2026-08-21 12:09:36,545 [INFO] [MainThread] [root/api.py:69]: Fetching new weather data at 2026-08-21 12:09:36.545635
2026-08-21 12:19:36,485 [INFO] [MainThread] [root/api.py:69]: Fetching new weather data at 2026-08-21 12:19:36.484987
2026-08-21 12:29:36,473 [INFO] [MainThread] [root/api.py:69]: Fetching new weather data at 2026-08-21 12:29:36.473054
2026-08-21 12:39:36,475 [INFO] [MainThread] [root/api.py:69]: Fetching new weather data at 2026-08-21 12:39:36.475604
2026-08-21 12:49:36,502 [INFO] [MainThread] [root/api.py:69]: Fetching new weather data at 2026-08-21 12:49:36.502541
2026-08-21 12:59:36,480 [INFO] [MainThread] [root/api.py:69]: Fetching new weather data at 2026-08-21 12:59:36.480756
2026-08-21 13:09:36,482 [INFO] [MainThread] [root/api.py:69]: Fetching new weather data at 2026-08-21 13:09:36.482682
2026-08-21 13:19:36,486 [INFO] [MainThread] [root/api.py:69]: Fetching new weather data at 2026-08-21 13:19:36.486661
2026-08-21 13:29:36,521 [INFO] [MainThread] [root/api.py:69]: Fetching new weather data at 2026-08-21 13:29:36.521224
2026-08-21 13:39:36,476 [INFO] [MainThread] [root/api.py:69]: Fetching new weather data at 2026-08-21 13:39:36.476751
2026-08-21 13:49:36,482 [INFO] [MainThread] [root/api.py:69]: Fetching new weather data at 2026-08-21 13:49:36.482035
2026-08-21 13:59:36,479 [INFO] [MainThread] [root/api.py:69]: Fetching new weather data at 2026-08-21 13:59:36.479750
2026-08-21 14:09:36,480 [INFO] [MainThread] [root/api.py:69]: Fetching new weather data at 2026-08-21 14:09:36.480033
2026-08-21 14:19:36,478 [INFO] [MainThread] [root/api.py:69]: Fetching new weather data at 2026-08-21 14:19:36.478092
Windows fatal exception: code 0x800706f7

Thread 0x00003268 [Thread-5] (most recent call first):
  File "C:\hostedtoolcache\windows\Python\3.14.6\x64\Lib\threading.py", line 369 in wait
  File "C:\hostedtoolcache\windows\Python\3.14.6\x64\Lib\queue.py", line 199 in get
  File "D:\a\yasb\yasb\venv\Lib\site-packages\watchdog\observers\api.py", line 379 in dispatch_events
  File "D:\a\yasb\yasb\venv\Lib\site-packages\watchdog\observers\api.py", line 213 in run
  File "C:\hostedtoolcache\windows\Python\3.14.6\x64\Lib\threading.py", line 1082 in _bootstrap_inner
  File "C:\hostedtoolcache\windows\Python\3.14.6\x64\Lib\threading.py", line 1044 in _bootstrap

Thread 0x00005610 [Thread-6] (most recent call first):
  File "D:\a\yasb\yasb\venv\Lib\site-packages\watchdog\observers\winapi.py", line 326 in read_directory_changes
  File "D:\a\yasb\yasb\venv\Lib\site-packages\watchdog\observers\winapi.py", line 380 in read_events
  File "D:\a\yasb\yasb\venv\Lib\site-packages\watchdog\observers\read_directory_changes.py", line 67 in _read_events
  File "D:\a\yasb\yasb\venv\Lib\site-packages\watchdog\observers\read_directory_changes.py", line 70 in queue_events
  File "D:\a\yasb\yasb\venv\Lib\site-packages\watchdog\observers\api.py", line 158 in run
  File "C:\hostedtoolcache\windows\Python\3.14.6\x64\Lib\threading.py", line 1082 in _bootstrap_inner
  File "C:\hostedtoolcache\windows\Python\3.14.6\x64\Lib\threading.py", line 1044 in _bootstrap

Thread 0x00005608 [SystemEventListener] (most recent call first):
  File "D:\a\yasb\yasb\src\core\utils\win32\event_listener.py", line 69 in run

Thread 0x000057c4 [WiFiWorker] (most recent call first):
  File "C:\hostedtoolcache\windows\Python\3.14.6\x64\Lib\threading.py", line 373 in wait
  File "C:\hostedtoolcache\windows\Python\3.14.6\x64\Lib\threading.py", line 670 in wait
  File "D:\a\yasb\yasb\src\core\widgets\services\wifi\wifi_managers.py", line 160 in run

Thread 0x00005768 [MemoryWorker] (most recent call first):
  File "C:\hostedtoolcache\windows\Python\3.14.6\x64\Lib\threading.py", line 373 in wait
  File "C:\hostedtoolcache\windows\Python\3.14.6\x64\Lib\threading.py", line 670 in wait
  File "D:\a\yasb\yasb\src\core\widgets\services\memory\memory_api.py", line 247 in run

Thread 0x000056dc [_EventWorker] (most recent call first):
  File "D:\a\yasb\yasb\venv\Lib\site-packages\qasync\_windows.py", line 147 in _poll
  File "D:\a\yasb\yasb\venv\Lib\site-packages\qasync\_windows.py", line 72 in select
  File "D:\a\yasb\yasb\venv\Lib\site-packages\qasync\_windows.py", line 199 in run

Thread 0x00005690 [LogPipeServer] (most recent call first):
  File "D:\a\yasb\yasb\src\core\utils\win32\bindings\kernel32.py", line 291 in ConnectNamedPipe
  File "D:\a\yasb\yasb\src\core\utils\cli_server.py", line 138 in _run_server
  File "C:\hostedtoolcache\windows\Python\3.14.6\x64\Lib\threading.py", line 1024 in run
  File "C:\hostedtoolcache\windows\Python\3.14.6\x64\Lib\threading.py", line 1082 in _bootstrap_inner
  File "C:\hostedtoolcache\windows\Python\3.14.6\x64\Lib\threading.py", line 1044 in _bootstrap

Thread 0x0000567c [CLIPipeServer] (most recent call first):
  File "D:\a\yasb\yasb\src\core\utils\win32\bindings\kernel32.py", line 291 in ConnectNamedPipe
  File "D:\a\yasb\yasb\src\core\utils\cli_server.py", line 235 in _run_server
  File "C:\hostedtoolcache\windows\Python\3.14.6\x64\Lib\threading.py", line 1024 in run
  File "C:\hostedtoolcache\windows\Python\3.14.6\x64\Lib\threading.py", line 1082 in _bootstrap_inner
  File "C:\hostedtoolcache\windows\Python\3.14.6\x64\Lib\threading.py", line 1044 in _bootstrap

Current thread 0x00005770 (most recent call first):
  File "D:\a\yasb\yasb\src\core\widgets\yasb\active_window.py", line 337 in _update_window_title
  File "D:\a\yasb\yasb\src\core\widgets\yasb\active_window.py", line 237 in _on_focus_change_event
  File "D:\a\yasb\yasb\venv\Lib\site-packages\qasync\__init__.py", line 404 in run_forever
  File "D:\a\yasb\yasb\venv\Lib\site-packages\qasync\__init__.py", line 428 in run_until_complete
  File "main.py", line 100 in main
  File "main.py", line 203 in <module>
  File "D:\a\yasb\yasb\venv\Lib\site-packages\freeze_core\initscripts\console.py", line 43 in run
  File "src/freeze_core/initscripts/__startup__.py", line 147 in run
2026-08-21 14:29:36,481 [INFO] [MainThread] [root/api.py:69]: Fetching new weather data at 2026-08-21 14:29:36.481505
2026-08-21 14:39:36,476 [INFO] [MainThread] [root/api.py:69]: Fetching new weather data at 2026-08-21 14:39:36.476494
2026-08-21 14:49:36,471 [INFO] [MainThread] [root/api.py:69]: Fetching new weather data at 2026-08-21 14:49:36.471005
2026-08-21 14:59:36,487 [INFO] [MainThread] [root/api.py:69]: Fetching new weather data at 2026-08-21 14:59:36.487071
2026-08-21 15:09:36,510 [INFO] [MainThread] [root/api.py:69]: Fetching new weather data at 2026-08-21 15:09:36.505469
2026-08-21 15:19:36,476 [INFO] [MainThread] [root/api.py:69]: Fetching new weather data at 2026-08-21 15:19:36.476307
2026-08-21 15:29:36,474 [INFO] [MainThread] [root/api.py:69]: Fetching new weather data at 2026-08-21 15:29:36.474543
2026-08-21 15:39:36,624 [INFO] [MainThread] [root/api.py:69]: Fetching new weather data at 2026-08-21 15:39:36.622242
2026-08-21 15:49:36,495 [INFO] [MainThread] [root/api.py:69]: Fetching new weather data at 2026-08-21 15:49:36.487474
2026-08-21 15:59:36,605 [INFO] [MainThread] [root/api.py:69]: Fetching new weather data at 2026-08-21 15:59:36.605056
Windows fatal exception: code 0x800706f7

Thread 0x00003268 [Thread-5] (most recent call first):
  File "C:\hostedtoolcache\windows\Python\3.14.6\x64\Lib\threading.py", line 369 in wait
  File "C:\hostedtoolcache\windows\Python\3.14.6\x64\Lib\queue.py", line 199 in get
  File "D:\a\yasb\yasb\venv\Lib\site-packages\watchdog\observers\api.py", line 379 in dispatch_events
  File "D:\a\yasb\yasb\venv\Lib\site-packages\watchdog\observers\api.py", line 213 in run
  File "C:\hostedtoolcache\windows\Python\3.14.6\x64\Lib\threading.py", line 1082 in _bootstrap_inner
  File "C:\hostedtoolcache\windows\Python\3.14.6\x64\Lib\threading.py", line 1044 in _bootstrap

Thread 0x00005610 [Thread-6] (most recent call first):
  File "D:\a\yasb\yasb\venv\Lib\site-packages\watchdog\observers\winapi.py", line 326 in read_directory_changes
  File "D:\a\yasb\yasb\venv\Lib\site-packages\watchdog\observers\winapi.py", line 380 in read_events
  File "D:\a\yasb\yasb\venv\Lib\site-packages\watchdog\observers\read_directory_changes.py", line 67 in _read_events
  File "D:\a\yasb\yasb\venv\Lib\site-packages\watchdog\observers\read_directory_changes.py", line 70 in queue_events
  File "D:\a\yasb\yasb\venv\Lib\site-packages\watchdog\observers\api.py", line 158 in run
  File "C:\hostedtoolcache\windows\Python\3.14.6\x64\Lib\threading.py", line 1082 in _bootstrap_inner
  File "C:\hostedtoolcache\windows\Python\3.14.6\x64\Lib\threading.py", line 1044 in _bootstrap

Thread 0x00005608 [SystemEventListener] (most recent call first):
  File "D:\a\yasb\yasb\src\core\utils\win32\event_listener.py", line 69 in run

Thread 0x000057c4 [WiFiWorker] (most recent call first):
  File "C:\hostedtoolcache\windows\Python\3.14.6\x64\Lib\threading.py", line 373 in wait
  File "C:\hostedtoolcache\windows\Python\3.14.6\x64\Lib\threading.py", line 670 in wait
  File "D:\a\yasb\yasb\src\core\widgets\services\wifi\wifi_managers.py", line 160 in run

Thread 0x00005768 [MemoryWorker] (most recent call first):
  File "C:\hostedtoolcache\windows\Python\3.14.6\x64\Lib\threading.py", line 373 in wait
  File "C:\hostedtoolcache\windows\Python\3.14.6\x64\Lib\threading.py", line 670 in wait
  File "D:\a\yasb\yasb\src\core\widgets\services\memory\memory_api.py", line 247 in run

Thread 0x000056dc [_EventWorker] (most recent call first):
  File "D:\a\yasb\yasb\venv\Lib\site-packages\qasync\_windows.py", line 147 in _poll
  File "D:\a\yasb\yasb\venv\Lib\site-packages\qasync\_windows.py", line 72 in select
  File "D:\a\yasb\yasb\venv\Lib\site-packages\qasync\_windows.py", line 199 in run

Thread 0x00005690 [LogPipeServer] (most recent call first):
  File "D:\a\yasb\yasb\src\core\utils\win32\bindings\kernel32.py", line 291 in ConnectNamedPipe
  File "D:\a\yasb\yasb\src\core\utils\cli_server.py", line 138 in _run_server
  File "C:\hostedtoolcache\windows\Python\3.14.6\x64\Lib\threading.py", line 1024 in run
  File "C:\hostedtoolcache\windows\Python\3.14.6\x64\Lib\threading.py", line 1082 in _bootstrap_inner
  File "C:\hostedtoolcache\windows\Python\3.14.6\x64\Lib\threading.py", line 1044 in _bootstrap

Thread 0x0000567c [CLIPipeServer] (most recent call first):
  File "D:\a\yasb\yasb\src\core\utils\win32\bindings\kernel32.py", line 291 in ConnectNamedPipe
  File "D:\a\yasb\yasb\src\core\utils\cli_server.py", line 235 in _run_server
  File "C:\hostedtoolcache\windows\Python\3.14.6\x64\Lib\threading.py", line 1024 in run
  File "C:\hostedtoolcache\windows\Python\3.14.6\x64\Lib\threading.py", line 1082 in _bootstrap_inner
  File "C:\hostedtoolcache\windows\Python\3.14.6\x64\Lib\threading.py", line 1044 in _bootstrap

Current thread 0x00005770 (most recent call first):
  File "D:\a\yasb\yasb\src\core\widgets\yasb\active_window.py", line 337 in _update_window_title
  File "D:\a\yasb\yasb\src\core\widgets\yasb\active_window.py", line 237 in _on_focus_change_event
  File "D:\a\yasb\yasb\venv\Lib\site-packages\qasync\__init__.py", line 404 in run_forever
  File "D:\a\yasb\yasb\venv\Lib\site-packages\qasync\__init__.py", line 428 in run_until_complete
  File "main.py", line 100 in main
  File "main.py", line 203 in <module>
  File "D:\a\yasb\yasb\venv\Lib\site-packages\freeze_core\initscripts\console.py", line 43 in run
  File "src/freeze_core/initscripts/__startup__.py", line 147 in run
2026-08-21 16:09:36,480 [INFO] [MainThread] [root/api.py:69]: Fetching new weather data at 2026-08-21 16:09:36.480953
2026-08-21 16:19:36,493 [INFO] [MainThread] [root/api.py:69]: Fetching new weather data at 2026-08-21 16:19:36.493555
2026-08-21 16:29:36,564 [INFO] [MainThread] [root/api.py:69]: Fetching new weather data at 2026-08-21 16:29:36.564031
2026-08-21 16:39:36,477 [INFO] [MainThread] [root/api.py:69]: Fetching new weather data at 2026-08-21 16:39:36.477211
2026-08-21 16:49:36,494 [INFO] [MainThread] [root/api.py:69]: Fetching new weather data at 2026-08-21 16:49:36.494001
2026-08-21 16:59:36,486 [INFO] [MainThread] [root/api.py:69]: Fetching new weather data at 2026-08-21 16:59:36.486756
2026-08-21 17:09:36,490 [INFO] [MainThread] [root/api.py:69]: Fetching new weather data at 2026-08-21 17:09:36.490833
2026-08-21 17:19:36,486 [INFO] [MainThread] [root/api.py:69]: Fetching new weather data at 2026-08-21 17:19:36.486747
2026-08-21 17:29:36,475 [INFO] [MainThread] [root/api.py:69]: Fetching new weather data at 2026-08-21 17:29:36.474982
2026-08-21 17:39:36,474 [INFO] [MainThread] [root/api.py:69]: Fetching new weather data at 2026-08-21 17:39:36.474757
2026-08-21 17:49:36,494 [INFO] [MainThread] [root/api.py:69]: Fetching new weather data at 2026-08-21 17:49:36.494516
2026-08-21 17:59:36,483 [INFO] [MainThread] [root/api.py:69]: Fetching new weather data at 2026-08-21 17:59:36.483122
2026-08-21 18:09:36,493 [INFO] [MainThread] [root/api.py:69]: Fetching new weather data at 2026-08-21 18:09:36.493625
2026-08-21 18:19:36,518 [INFO] [MainThread] [root/api.py:69]: Fetching new weather data at 2026-08-21 18:19:36.518543
2026-08-21 18:29:37,801 [INFO] [MainThread] [root/api.py:69]: Fetching new weather data at 2026-08-21 18:29:37.801765
2026-08-21 18:39:37,834 [INFO] [MainThread] [root/api.py:69]: Fetching new weather data at 2026-08-21 18:39:37.834497
2026-08-21 18:45:13,402 [INFO] [MainThread] [root/controller.py:43]: Exiting Application...
2026-08-21 18:45:13,507 [INFO] [MainThread] [cli_server/cli_server.py:114]: Log pipe server stopped
2026-08-21 18:45:13,754 [INFO] [MainThread] [root/bar_manager.py:119]: Stopping SystemEventListener...
2026-08-22 04:03:15,489 [INFO] [MainThread] [root/log.py:104]: YASB v2.0.6
2026-08-22 04:03:15,490 [INFO] [CLIPipeServer] [cli_server/cli_server.py:216]: CLI server started v1.1.7
2026-08-22 04:03:15,491 [INFO] [MainThread] [cli_server/cli_server.py:106]: Log pipe server started
2026-08-22 04:03:15,973 [INFO] [MainThread] [root/service.py:52]: AudioOutputService starting...
2026-08-22 04:03:16,279 [INFO] [MainThread] [root/bar_manager.py:103]: Starting SystemEventListener...
2026-08-22 04:03:16,281 [INFO] [MainThread] [root/watcher.py:65]: Watching directory: c:\users\erick\.config\yasb
2026-08-22 04:03:16,281 [INFO] [MainThread] [root/watcher.py:104]: Created file watcher
2026-08-22 04:03:16,375 [INFO] [MainThread] [root/update_service.py:434]: Background update checker started
2026-08-22 04:03:16,752 [INFO] [MainThread] [root/api.py:69]: Fetching new weather data at 2026-08-22 04:03:16.752146
Windows fatal exception: code 0x8001010d

Thread 0x0000148c [SystemEventListener] (most recent call first):
  File "D:\a\yasb\yasb\src\core\utils\win32\event_listener.py", line 69 in run

Thread 0x000014b0 [Thread-5] (most recent call first):
  File "C:\hostedtoolcache\windows\Python\3.14.6\x64\Lib\threading.py", line 369 in wait
  File "C:\hostedtoolcache\windows\Python\3.14.6\x64\Lib\queue.py", line 199 in get
  File "D:\a\yasb\yasb\venv\Lib\site-packages\watchdog\observers\api.py", line 379 in dispatch_events
  File "D:\a\yasb\yasb\venv\Lib\site-packages\watchdog\observers\api.py", line 213 in run
  File "C:\hostedtoolcache\windows\Python\3.14.6\x64\Lib\threading.py", line 1082 in _bootstrap_inner
  File "C:\hostedtoolcache\windows\Python\3.14.6\x64\Lib\threading.py", line 1044 in _bootstrap

Thread 0x000014ac [Thread-6] (most recent call first):
  File "D:\a\yasb\yasb\venv\Lib\site-packages\watchdog\observers\winapi.py", line 326 in read_directory_changes
  File "D:\a\yasb\yasb\venv\Lib\site-packages\watchdog\observers\winapi.py", line 380 in read_events
  File "D:\a\yasb\yasb\venv\Lib\site-packages\watchdog\observers\read_directory_changes.py", line 67 in _read_events
  File "D:\a\yasb\yasb\venv\Lib\site-packages\watchdog\observers\read_directory_changes.py", line 70 in queue_events
  File "D:\a\yasb\yasb\venv\Lib\site-packages\watchdog\observers\api.py", line 158 in run
  File "C:\hostedtoolcache\windows\Python\3.14.6\x64\Lib\threading.py", line 1082 in _bootstrap_inner
  File "C:\hostedtoolcache\windows\Python\3.14.6\x64\Lib\threading.py", line 1044 in _bootstrap

Thread 0x000008b4 [WiFiWorker] (most recent call first):
  File "C:\hostedtoolcache\windows\Python\3.14.6\x64\Lib\threading.py", line 373 in wait
  File "C:\hostedtoolcache\windows\Python\3.14.6\x64\Lib\threading.py", line 670 in wait
  File "D:\a\yasb\yasb\src\core\widgets\services\wifi\wifi_managers.py", line 160 in run

Thread 0x00001a38 [MemoryWorker] (most recent call first):
  File "C:\hostedtoolcache\windows\Python\3.14.6\x64\Lib\threading.py", line 373 in wait
  File "C:\hostedtoolcache\windows\Python\3.14.6\x64\Lib\threading.py", line 670 in wait
  File "D:\a\yasb\yasb\src\core\widgets\services\memory\memory_api.py", line 247 in run

Thread 0x0000084c [_EventWorker] (most recent call first):
  File "D:\a\yasb\yasb\venv\Lib\site-packages\qasync\_windows.py", line 147 in _poll
  File "D:\a\yasb\yasb\venv\Lib\site-packages\qasync\_windows.py", line 72 in select
  File "D:\a\yasb\yasb\venv\Lib\site-packages\qasync\_windows.py", line 199 in run

Thread 0x00000618 [LogPipeServer] (most recent call first):
  File "D:\a\yasb\yasb\src\core\utils\win32\bindings\kernel32.py", line 291 in ConnectNamedPipe
  File "D:\a\yasb\yasb\src\core\utils\cli_server.py", line 138 in _run_server
  File "C:\hostedtoolcache\windows\Python\3.14.6\x64\Lib\threading.py", line 1024 in run
  File "C:\hostedtoolcache\windows\Python\3.14.6\x64\Lib\threading.py", line 1082 in _bootstrap_inner
  File "C:\hostedtoolcache\windows\Python\3.14.6\x64\Lib\threading.py", line 1044 in _bootstrap

Thread 0x000040f8 [CLIPipeServer] (most recent call first):
  File "D:\a\yasb\yasb\src\core\utils\win32\bindings\kernel32.py", line 291 in ConnectNamedPipe
  File "D:\a\yasb\yasb\src\core\utils\cli_server.py", line 235 in _run_server
  File "C:\hostedtoolcache\windows\Python\3.14.6\x64\Lib\threading.py", line 1024 in run
  File "C:\hostedtoolcache\windows\Python\3.14.6\x64\Lib\threading.py", line 1082 in _bootstrap_inner
  File "C:\hostedtoolcache\windows\Python\3.14.6\x64\Lib\threading.py", line 1044 in _bootstrap

Current thread 0x000007d8 (most recent call first):
  File "D:\a\yasb\yasb\venv\Lib\site-packages\qasync\__init__.py", line 404 in run_forever
  File "D:\a\yasb\yasb\venv\Lib\site-packages\qasync\__init__.py", line 428 in run_until_complete
  File "main.py", line 100 in main
  File "main.py", line 203 in <module>
  File "D:\a\yasb\yasb\venv\Lib\site-packages\freeze_core\initscripts\console.py", line 43 in run
  File "src/freeze_core/initscripts/__startup__.py", line 147 in run
2026-08-22 04:13:16,097 [INFO] [MainThread] [root/api.py:69]: Fetching new weather data at 2026-08-22 04:13:16.097670
2026-08-22 04:23:16,105 [INFO] [MainThread] [root/api.py:69]: Fetching new weather data at 2026-08-22 04:23:16.105541
2026-08-22 04:33:16,839 [INFO] [MainThread] [root/api.py:69]: Fetching new weather data at 2026-08-22 04:33:16.839034
2026-08-22 04:43:16,101 [INFO] [MainThread] [root/api.py:69]: Fetching new weather data at 2026-08-22 04:43:16.101282
2026-08-22 04:53:16,565 [INFO] [MainThread] [root/api.py:69]: Fetching new weather data at 2026-08-22 04:53:16.565497
2026-08-22 05:03:16,105 [INFO] [MainThread] [root/api.py:69]: Fetching new weather data at 2026-08-22 05:03:16.105303
2026-08-22 05:13:16,133 [INFO] [MainThread] [root/api.py:69]: Fetching new weather data at 2026-08-22 05:13:16.133599
2026-08-22 05:23:16,103 [INFO] [MainThread] [root/api.py:69]: Fetching new weather data at 2026-08-22 05:23:16.103637
2026-08-22 05:33:16,195 [INFO] [MainThread] [root/api.py:69]: Fetching new weather data at 2026-08-22 05:33:16.195366
2026-08-22 05:43:16,101 [INFO] [MainThread] [root/api.py:69]: Fetching new weather data at 2026-08-22 05:43:16.101670
2026-08-22 05:53:16,100 [INFO] [MainThread] [root/api.py:69]: Fetching new weather data at 2026-08-22 05:53:16.100920
2026-08-22 06:03:16,560 [INFO] [MainThread] [root/api.py:69]: Fetching new weather data at 2026-08-22 06:03:16.560537
2026-08-22 06:13:16,278 [INFO] [MainThread] [root/api.py:69]: Fetching new weather data at 2026-08-22 06:13:16.278153
2026-08-22 06:23:16,117 [INFO] [MainThread] [root/api.py:69]: Fetching new weather data at 2026-08-22 06:23:16.117394
2026-08-22 06:33:16,106 [INFO] [MainThread] [root/api.py:69]: Fetching new weather data at 2026-08-22 06:33:16.106026
2026-08-22 06:43:16,106 [INFO] [MainThread] [root/api.py:69]: Fetching new weather data at 2026-08-22 06:43:16.106830
2026-08-22 06:53:16,105 [INFO] [MainThread] [root/api.py:69]: Fetching new weather data at 2026-08-22 06:53:16.105684
2026-08-22 07:03:16,098 [INFO] [MainThread] [root/api.py:69]: Fetching new weather data at 2026-08-22 07:03:16.098054
2026-08-22 07:13:16,106 [INFO] [MainThread] [root/api.py:69]: Fetching new weather data at 2026-08-22 07:13:16.106584
2026-08-22 07:23:16,457 [INFO] [MainThread] [root/api.py:69]: Fetching new weather data at 2026-08-22 07:23:16.457671
2026-08-22 07:33:16,138 [INFO] [MainThread] [root/api.py:69]: Fetching new weather data at 2026-08-22 07:33:16.138358
2026-08-22 07:43:16,108 [INFO] [MainThread] [root/api.py:69]: Fetching new weather data at 2026-08-22 07:43:16.108191
2026-08-22 07:53:16,107 [INFO] [MainThread] [root/api.py:69]: Fetching new weather data at 2026-08-22 07:53:16.107251
2026-08-22 08:03:16,105 [INFO] [MainThread] [root/api.py:69]: Fetching new weather data at 2026-08-22 08:03:16.105677
2026-08-22 08:13:16,114 [INFO] [MainThread] [root/api.py:69]: Fetching new weather data at 2026-08-22 08:13:16.113758
2026-08-22 08:23:16,104 [INFO] [MainThread] [root/api.py:69]: Fetching new weather data at 2026-08-22 08:23:16.104765
2026-08-22 08:33:16,106 [INFO] [MainThread] [root/api.py:69]: Fetching new weather data at 2026-08-22 08:33:16.106210
2026-08-22 08:43:16,106 [INFO] [MainThread] [root/api.py:69]: Fetching new weather data at 2026-08-22 08:43:16.106119
2026-08-22 08:53:16,108 [INFO] [MainThread] [root/api.py:69]: Fetching new weather data at 2026-08-22 08:53:16.108155
2026-08-22 09:03:16,111 [INFO] [MainThread] [root/api.py:69]: Fetching new weather data at 2026-08-22 09:03:16.111580
2026-08-22 09:13:16,149 [INFO] [MainThread] [root/api.py:69]: Fetching new weather data at 2026-08-22 09:13:16.149671
2026-08-22 09:14:06,250 [INFO] [MainThread] [root/bar_helper.py:594]: AppBarManager need to re-register 2 bars
2026-08-22 09:14:06,792 [INFO] [MainThread] [root/bar_helper.py:603]: Re-registered AppBar for primary-bar_24G50F_0135d315 (space reservation + fullscreen)
2026-08-22 09:14:07,017 [INFO] [MainThread] [root/bar_helper.py:603]: Re-registered AppBar for primary-bar_BenQ RL2755_64381420 (space reservation + fullscreen)
2026-08-22 09:23:16,557 [INFO] [MainThread] [root/api.py:69]: Fetching new weather data at 2026-08-22 09:23:16.557571
2026-08-22 09:33:16,109 [INFO] [MainThread] [root/api.py:69]: Fetching new weather data at 2026-08-22 09:33:16.109424
2026-08-22 09:43:16,100 [INFO] [MainThread] [root/api.py:69]: Fetching new weather data at 2026-08-22 09:43:16.100040
2026-08-22 09:53:16,107 [INFO] [MainThread] [root/api.py:69]: Fetching new weather data at 2026-08-22 09:53:16.107317
2026-08-22 10:03:16,762 [INFO] [MainThread] [root/api.py:69]: Fetching new weather data at 2026-08-22 10:03:16.762888
2026-08-22 10:13:16,815 [INFO] [MainThread] [root/api.py:69]: Fetching new weather data at 2026-08-22 10:13:16.815270
2026-08-22 10:23:16,103 [INFO] [MainThread] [root/api.py:69]: Fetching new weather data at 2026-08-22 10:23:16.102863
2026-08-22 10:26:24,357 [INFO] [MainThread] [root/bar_manager.py:119]: Stopping SystemEventListener...
2026-08-22 14:49:23,357 [INFO] [MainThread] [root/log.py:104]: YASB v2.0.6
2026-08-22 14:49:23,358 [INFO] [CLIPipeServer] [cli_server/cli_server.py:216]: CLI server started v1.1.7
2026-08-22 14:49:23,358 [INFO] [MainThread] [cli_server/cli_server.py:106]: Log pipe server started
2026-08-22 14:49:23,732 [INFO] [MainThread] [root/service.py:52]: AudioOutputService starting...
2026-08-22 14:49:23,921 [INFO] [MainThread] [root/bar_manager.py:103]: Starting SystemEventListener...
2026-08-22 14:49:23,923 [INFO] [MainThread] [root/watcher.py:65]: Watching directory: c:\users\erick\.config\yasb
2026-08-22 14:49:23,923 [INFO] [MainThread] [root/watcher.py:104]: Created file watcher
2026-08-22 14:49:23,949 [INFO] [MainThread] [root/update_service.py:434]: Background update checker started
2026-08-22 14:49:24,340 [INFO] [MainThread] [root/api.py:69]: Fetching new weather data at 2026-08-22 14:49:24.340092
Windows fatal exception: code 0x8001010d

Thread 0x00004bd0 [Thread-5] (most recent call first):
  File "C:\hostedtoolcache\windows\Python\3.14.6\x64\Lib\threading.py", line 369 in wait
  File "C:\hostedtoolcache\windows\Python\3.14.6\x64\Lib\queue.py", line 199 in get
  File "D:\a\yasb\yasb\venv\Lib\site-packages\watchdog\observers\api.py", line 379 in dispatch_events
  File "D:\a\yasb\yasb\venv\Lib\site-packages\watchdog\observers\api.py", line 213 in run
  File "C:\hostedtoolcache\windows\Python\3.14.6\x64\Lib\threading.py", line 1082 in _bootstrap_inner
  File "C:\hostedtoolcache\windows\Python\3.14.6\x64\Lib\threading.py", line 1044 in _bootstrap

Thread 0x00004bbc [Thread-6] (most recent call first):
  File "D:\a\yasb\yasb\venv\Lib\site-packages\watchdog\observers\winapi.py", line 326 in read_directory_changes
  File "D:\a\yasb\yasb\venv\Lib\site-packages\watchdog\observers\winapi.py", line 380 in read_events
  File "D:\a\yasb\yasb\venv\Lib\site-packages\watchdog\observers\read_directory_changes.py", line 67 in _read_events
  File "D:\a\yasb\yasb\venv\Lib\site-packages\watchdog\observers\read_directory_changes.py", line 70 in queue_events
  File "D:\a\yasb\yasb\venv\Lib\site-packages\watchdog\observers\api.py", line 158 in run
  File "C:\hostedtoolcache\windows\Python\3.14.6\x64\Lib\threading.py", line 1082 in _bootstrap_inner
  File "C:\hostedtoolcache\windows\Python\3.14.6\x64\Lib\threading.py", line 1044 in _bootstrap

Thread 0x00004bac [SystemEventListener] (most recent call first):
  File "D:\a\yasb\yasb\src\core\utils\win32\event_listener.py", line 69 in run

Thread 0x00003ec0 [WiFiWorker] (most recent call first):
  File "C:\hostedtoolcache\windows\Python\3.14.6\x64\Lib\threading.py", line 373 in wait
  File "C:\hostedtoolcache\windows\Python\3.14.6\x64\Lib\threading.py", line 670 in wait
  File "D:\a\yasb\yasb\src\core\widgets\services\wifi\wifi_managers.py", line 160 in run

Thread 0x00003ec8 [MemoryWorker] (most recent call first):
  File "C:\hostedtoolcache\windows\Python\3.14.6\x64\Lib\threading.py", line 373 in wait
  File "C:\hostedtoolcache\windows\Python\3.14.6\x64\Lib\threading.py", line 670 in wait
  File "D:\a\yasb\yasb\src\core\widgets\services\memory\memory_api.py", line 247 in run

Thread 0x00004960 [_EventWorker] (most recent call first):
  File "D:\a\yasb\yasb\venv\Lib\site-packages\qasync\_windows.py", line 147 in _poll
  File "D:\a\yasb\yasb\venv\Lib\site-packages\qasync\_windows.py", line 72 in select
  File "D:\a\yasb\yasb\venv\Lib\site-packages\qasync\_windows.py", line 199 in run

Thread 0x00001ba8 [LogPipeServer] (most recent call first):
  File "D:\a\yasb\yasb\src\core\utils\win32\bindings\kernel32.py", line 291 in ConnectNamedPipe
  File "D:\a\yasb\yasb\src\core\utils\cli_server.py", line 138 in _run_server
  File "C:\hostedtoolcache\windows\Python\3.14.6\x64\Lib\threading.py", line 1024 in run
  File "C:\hostedtoolcache\windows\Python\3.14.6\x64\Lib\threading.py", line 1082 in _bootstrap_inner
  File "C:\hostedtoolcache\windows\Python\3.14.6\x64\Lib\threading.py", line 1044 in _bootstrap

Thread 0x00004918 [CLIPipeServer] (most recent call first):
  File "D:\a\yasb\yasb\src\core\utils\win32\bindings\kernel32.py", line 291 in ConnectNamedPipe
  File "D:\a\yasb\yasb\src\core\utils\cli_server.py", line 235 in _run_server
  File "C:\hostedtoolcache\windows\Python\3.14.6\x64\Lib\threading.py", line 1024 in run
  File "C:\hostedtoolcache\windows\Python\3.14.6\x64\Lib\threading.py", line 1082 in _bootstrap_inner
  File "C:\hostedtoolcache\windows\Python\3.14.6\x64\Lib\threading.py", line 1044 in _bootstrap

Current thread 0x00002d44 (most recent call first):
  File "D:\a\yasb\yasb\venv\Lib\site-packages\qasync\__init__.py", line 404 in run_forever
  File "D:\a\yasb\yasb\venv\Lib\site-packages\qasync\__init__.py", line 428 in run_until_complete
  File "main.py", line 100 in main
  File "main.py", line 203 in <module>
  File "D:\a\yasb\yasb\venv\Lib\site-packages\freeze_core\initscripts\console.py", line 43 in run
  File "src/freeze_core/initscripts/__startup__.py", line 147 in run
2026-08-22 14:59:23,896 [INFO] [MainThread] [root/api.py:69]: Fetching new weather data at 2026-08-22 14:59:23.896306
2026-08-22 15:09:23,884 [INFO] [MainThread] [root/api.py:69]: Fetching new weather data at 2026-08-22 15:09:23.884864
2026-08-22 15:19:23,889 [INFO] [MainThread] [root/api.py:69]: Fetching new weather data at 2026-08-22 15:19:23.889176
2026-08-22 15:29:23,890 [INFO] [MainThread] [root/api.py:69]: Fetching new weather data at 2026-08-22 15:29:23.890243
2026-08-22 15:39:23,981 [INFO] [MainThread] [root/api.py:69]: Fetching new weather data at 2026-08-22 15:39:23.981665
2026-08-22 15:49:23,899 [INFO] [MainThread] [root/api.py:69]: Fetching new weather data at 2026-08-22 15:49:23.899598
2026-08-22 15:59:23,877 [INFO] [MainThread] [root/api.py:69]: Fetching new weather data at 2026-08-22 15:59:23.877942
2026-08-22 16:09:23,883 [INFO] [MainThread] [root/api.py:69]: Fetching new weather data at 2026-08-22 16:09:23.883428
2026-08-22 16:19:23,893 [INFO] [MainThread] [root/api.py:69]: Fetching new weather data at 2026-08-22 16:19:23.893151
2026-08-22 16:29:23,884 [INFO] [MainThread] [root/api.py:69]: Fetching new weather data at 2026-08-22 16:29:23.884183
2026-08-22 16:39:23,878 [INFO] [MainThread] [root/api.py:69]: Fetching new weather data at 2026-08-22 16:39:23.877989
2026-08-22 16:49:23,890 [INFO] [MainThread] [root/api.py:69]: Fetching new weather data at 2026-08-22 16:49:23.890025
2026-08-22 16:59:23,872 [INFO] [MainThread] [root/api.py:69]: Fetching new weather data at 2026-08-22 16:59:23.872095
2026-08-22 17:09:23,890 [INFO] [MainThread] [root/api.py:69]: Fetching new weather data at 2026-08-22 17:09:23.890495
2026-08-22 17:19:23,950 [INFO] [MainThread] [root/api.py:69]: Fetching new weather data at 2026-08-22 17:19:23.950563
2026-08-22 17:29:23,891 [INFO] [MainThread] [root/api.py:69]: Fetching new weather data at 2026-08-22 17:29:23.891049
2026-08-22 17:39:23,900 [INFO] [MainThread] [root/api.py:69]: Fetching new weather data at 2026-08-22 17:39:23.900886
2026-08-22 17:49:23,884 [INFO] [MainThread] [root/api.py:69]: Fetching new weather data at 2026-08-22 17:49:23.884840
2026-08-22 17:59:23,877 [INFO] [MainThread] [root/api.py:69]: Fetching new weather data at 2026-08-22 17:59:23.877942
2026-08-22 18:09:23,893 [INFO] [MainThread] [root/api.py:69]: Fetching new weather data at 2026-08-22 18:09:23.893296
2026-08-22 18:19:23,876 [INFO] [MainThread] [root/api.py:69]: Fetching new weather data at 2026-08-22 18:19:23.876675
2026-08-22 18:29:23,885 [INFO] [MainThread] [root/api.py:69]: Fetching new weather data at 2026-08-22 18:29:23.884979
2026-08-22 18:39:23,885 [INFO] [MainThread] [root/api.py:69]: Fetching new weather data at 2026-08-22 18:39:23.885410
2026-08-22 18:49:23,888 [INFO] [MainThread] [root/api.py:69]: Fetching new weather data at 2026-08-22 18:49:23.888572
2026-08-22 18:59:23,924 [INFO] [MainThread] [root/api.py:69]: Fetching new weather data at 2026-08-22 18:59:23.924680
2026-08-22 19:09:23,879 [INFO] [MainThread] [root/api.py:69]: Fetching new weather data at 2026-08-22 19:09:23.879782
2026-08-22 19:19:23,880 [INFO] [MainThread] [root/api.py:69]: Fetching new weather data at 2026-08-22 19:19:23.880419
2026-08-22 19:29:23,952 [INFO] [MainThread] [root/api.py:69]: Fetching new weather data at 2026-08-22 19:29:23.952676
2026-08-22 19:39:23,897 [INFO] [MainThread] [root/api.py:69]: Fetching new weather data at 2026-08-22 19:39:23.897606
2026-08-22 19:49:23,885 [INFO] [MainThread] [root/api.py:69]: Fetching new weather data at 2026-08-22 19:49:23.885599
2026-08-22 19:59:23,888 [INFO] [MainThread] [root/api.py:69]: Fetching new weather data at 2026-08-22 19:59:23.888713
2026-08-22 20:09:23,888 [INFO] [MainThread] [root/api.py:69]: Fetching new weather data at 2026-08-22 20:09:23.888259
2026-08-22 20:19:23,898 [INFO] [MainThread] [root/api.py:69]: Fetching new weather data at 2026-08-22 20:19:23.897970
2026-08-22 20:29:23,901 [INFO] [MainThread] [root/api.py:69]: Fetching new weather data at 2026-08-22 20:29:23.901519
2026-08-22 20:39:23,915 [INFO] [MainThread] [root/api.py:69]: Fetching new weather data at 2026-08-22 20:39:23.915635
2026-08-22 20:49:23,900 [INFO] [MainThread] [root/api.py:69]: Fetching new weather data at 2026-08-22 20:49:23.899966
2026-08-22 20:59:23,914 [INFO] [MainThread] [root/api.py:69]: Fetching new weather data at 2026-08-22 20:59:23.914112
2026-08-22 21:09:23,887 [INFO] [MainThread] [root/api.py:69]: Fetching new weather data at 2026-08-22 21:09:23.887750
2026-08-22 21:19:23,885 [INFO] [MainThread] [root/api.py:69]: Fetching new weather data at 2026-08-22 21:19:23.885047
2026-08-22 21:29:23,888 [INFO] [MainThread] [root/api.py:69]: Fetching new weather data at 2026-08-22 21:29:23.888308
2026-08-22 21:39:23,946 [INFO] [MainThread] [root/api.py:69]: Fetching new weather data at 2026-08-22 21:39:23.946103
2026-08-22 21:49:23,892 [INFO] [MainThread] [root/api.py:69]: Fetching new weather data at 2026-08-22 21:49:23.892594
2026-08-22 21:59:23,876 [INFO] [MainThread] [root/api.py:69]: Fetching new weather data at 2026-08-22 21:59:23.876956
2026-08-22 22:09:23,878 [INFO] [MainThread] [root/api.py:69]: Fetching new weather data at 2026-08-22 22:09:23.878568
2026-08-22 22:19:23,891 [INFO] [MainThread] [root/api.py:69]: Fetching new weather data at 2026-08-22 22:19:23.891091
2026-08-22 22:29:23,890 [INFO] [MainThread] [root/api.py:69]: Fetching new weather data at 2026-08-22 22:29:23.890388
2026-08-22 22:39:23,873 [INFO] [MainThread] [root/api.py:69]: Fetching new weather data at 2026-08-22 22:39:23.873070
2026-08-22 22:49:23,928 [INFO] [MainThread] [root/api.py:69]: Fetching new weather data at 2026-08-22 22:49:23.928202
2026-08-22 22:59:23,896 [INFO] [MainThread] [root/api.py:69]: Fetching new weather data at 2026-08-22 22:59:23.896104
2026-08-22 23:09:23,872 [INFO] [MainThread] [root/api.py:69]: Fetching new weather data at 2026-08-22 23:09:23.872623
2026-08-22 23:19:23,887 [INFO] [MainThread] [root/api.py:69]: Fetching new weather data at 2026-08-22 23:19:23.887908
2026-08-22 23:29:23,872 [INFO] [MainThread] [root/api.py:69]: Fetching new weather data at 2026-08-22 23:29:23.872742
2026-08-22 23:39:23,896 [INFO] [MainThread] [root/api.py:69]: Fetching new weather data at 2026-08-22 23:39:23.896576
2026-08-22 23:49:23,885 [INFO] [MainThread] [root/api.py:69]: Fetching new weather data at 2026-08-22 23:49:23.885939
2026-08-22 23:59:23,870 [INFO] [MainThread] [root/api.py:69]: Fetching new weather data at 2026-08-22 23:59:23.870589
2026-08-23 00:09:23,892 [INFO] [MainThread] [root/api.py:69]: Fetching new weather data at 2026-08-23 00:09:23.892025
2026-08-23 00:19:23,897 [INFO] [MainThread] [root/api.py:69]: Fetching new weather data at 2026-08-23 00:19:23.897884
2026-08-23 00:29:23,875 [INFO] [MainThread] [root/api.py:69]: Fetching new weather data at 2026-08-23 00:29:23.875596
2026-08-23 00:39:23,874 [INFO] [MainThread] [root/api.py:69]: Fetching new weather data at 2026-08-23 00:39:23.874739
2026-08-23 00:49:23,876 [INFO] [MainThread] [root/api.py:69]: Fetching new weather data at 2026-08-23 00:49:23.876306
2026-08-23 00:59:23,883 [INFO] [MainThread] [root/api.py:69]: Fetching new weather data at 2026-08-23 00:59:23.883324
2026-08-23 01:09:23,891 [INFO] [MainThread] [root/api.py:69]: Fetching new weather data at 2026-08-23 01:09:23.891290
2026-08-23 01:19:23,891 [INFO] [MainThread] [root/api.py:69]: Fetching new weather data at 2026-08-23 01:19:23.891924
2026-08-23 01:29:23,886 [INFO] [MainThread] [root/api.py:69]: Fetching new weather data at 2026-08-23 01:29:23.886877
2026-08-23 01:39:23,959 [INFO] [MainThread] [root/api.py:69]: Fetching new weather data at 2026-08-23 01:39:23.959115
2026-08-23 01:49:23,885 [INFO] [MainThread] [root/api.py:69]: Fetching new weather data at 2026-08-23 01:49:23.885151
2026-08-23 01:59:23,898 [INFO] [MainThread] [root/api.py:69]: Fetching new weather data at 2026-08-23 01:59:23.898099
2026-08-23 02:09:23,881 [INFO] [MainThread] [root/api.py:69]: Fetching new weather data at 2026-08-23 02:09:23.881460
2026-08-23 02:19:24,067 [INFO] [MainThread] [root/api.py:69]: Fetching new weather data at 2026-08-23 02:19:24.067571
2026-08-23 02:29:24,486 [INFO] [MainThread] [root/api.py:69]: Fetching new weather data at 2026-08-23 02:29:24.486679
2026-08-23 02:39:23,883 [INFO] [MainThread] [root/api.py:69]: Fetching new weather data at 2026-08-23 02:39:23.883859
2026-08-23 02:49:23,882 [INFO] [MainThread] [root/api.py:69]: Fetching new weather data at 2026-08-23 02:49:23.882585
2026-08-23 02:59:23,878 [INFO] [MainThread] [root/api.py:69]: Fetching new weather data at 2026-08-23 02:59:23.878123
2026-08-23 03:09:24,608 [INFO] [MainThread] [root/api.py:69]: Fetching new weather data at 2026-08-23 03:09:24.608710
2026-08-23 03:19:23,875 [INFO] [MainThread] [root/api.py:69]: Fetching new weather data at 2026-08-23 03:19:23.875441
2026-08-23 03:29:24,092 [INFO] [MainThread] [root/api.py:69]: Fetching new weather data at 2026-08-23 03:29:24.092892
2026-08-23 03:39:23,875 [INFO] [MainThread] [root/api.py:69]: Fetching new weather data at 2026-08-23 03:39:23.875212
2026-08-23 03:49:23,876 [INFO] [MainThread] [root/api.py:69]: Fetching new weather data at 2026-08-23 03:49:23.876777
2026-08-23 03:59:23,881 [INFO] [MainThread] [root/api.py:69]: Fetching new weather data at 2026-08-23 03:59:23.881168
2026-08-23 04:09:23,873 [INFO] [MainThread] [root/api.py:69]: Fetching new weather data at 2026-08-23 04:09:23.872981
2026-08-23 04:19:23,876 [INFO] [MainThread] [root/api.py:69]: Fetching new weather data at 2026-08-23 04:19:23.876752
2026-08-23 04:29:23,892 [INFO] [MainThread] [root/api.py:69]: Fetching new weather data at 2026-08-23 04:29:23.892175
2026-08-23 04:39:23,887 [INFO] [MainThread] [root/api.py:69]: Fetching new weather data at 2026-08-23 04:39:23.887012
2026-08-23 04:49:24,083 [INFO] [MainThread] [root/api.py:69]: Fetching new weather data at 2026-08-23 04:49:24.083821
2026-08-23 04:59:24,070 [INFO] [MainThread] [root/api.py:69]: Fetching new weather data at 2026-08-23 04:59:24.070675
2026-08-23 05:09:23,884 [INFO] [MainThread] [root/api.py:69]: Fetching new weather data at 2026-08-23 05:09:23.884151
2026-08-23 05:19:23,908 [INFO] [MainThread] [root/api.py:69]: Fetching new weather data at 2026-08-23 05:19:23.908374
2026-08-23 05:29:23,886 [INFO] [MainThread] [root/api.py:69]: Fetching new weather data at 2026-08-23 05:29:23.886494
2026-08-23 05:39:23,892 [INFO] [MainThread] [root/api.py:69]: Fetching new weather data at 2026-08-23 05:39:23.892592
2026-08-23 05:49:23,884 [INFO] [MainThread] [root/api.py:69]: Fetching new weather data at 2026-08-23 05:49:23.884463
2026-08-23 05:59:23,893 [INFO] [MainThread] [root/api.py:69]: Fetching new weather data at 2026-08-23 05:59:23.892971
2026-08-23 06:09:24,557 [INFO] [MainThread] [root/api.py:69]: Fetching new weather data at 2026-08-23 06:09:24.557720
2026-08-23 06:19:24,030 [INFO] [MainThread] [root/api.py:69]: Fetching new weather data at 2026-08-23 06:19:24.030144
2026-08-23 06:29:25,062 [INFO] [MainThread] [root/api.py:69]: Fetching new weather data at 2026-08-23 06:29:25.062750
2026-08-23 06:39:23,888 [INFO] [MainThread] [root/api.py:69]: Fetching new weather data at 2026-08-23 06:39:23.888793
2026-08-23 06:49:24,265 [INFO] [MainThread] [root/api.py:69]: Fetching new weather data at 2026-08-23 06:49:24.265178
2026-08-23 06:59:23,894 [INFO] [MainThread] [root/api.py:69]: Fetching new weather data at 2026-08-23 06:59:23.894091
2026-08-23 07:09:23,885 [INFO] [MainThread] [root/api.py:69]: Fetching new weather data at 2026-08-23 07:09:23.885223
2026-08-23 07:19:23,876 [INFO] [MainThread] [root/api.py:69]: Fetching new weather data at 2026-08-23 07:19:23.876280
2026-08-23 07:29:24,044 [INFO] [MainThread] [root/api.py:69]: Fetching new weather data at 2026-08-23 07:29:24.043961
2026-08-23 07:39:23,905 [INFO] [MainThread] [root/api.py:69]: Fetching new weather data at 2026-08-23 07:39:23.905830
2026-08-23 07:49:23,882 [INFO] [MainThread] [root/api.py:69]: Fetching new weather data at 2026-08-23 07:49:23.882582
2026-08-23 07:59:23,892 [INFO] [MainThread] [root/api.py:69]: Fetching new weather data at 2026-08-23 07:59:23.892613
2026-08-23 08:09:23,882 [INFO] [MainThread] [root/api.py:69]: Fetching new weather data at 2026-08-23 08:09:23.882348
2026-08-23 08:19:23,881 [INFO] [MainThread] [root/api.py:69]: Fetching new weather data at 2026-08-23 08:19:23.881002
2026-08-23 08:29:23,894 [INFO] [MainThread] [root/api.py:69]: Fetching new weather data at 2026-08-23 08:29:23.894579
2026-08-23 08:39:23,887 [INFO] [MainThread] [root/api.py:69]: Fetching new weather data at 2026-08-23 08:39:23.887310
2026-08-23 08:49:23,916 [INFO] [MainThread] [root/api.py:69]: Fetching new weather data at 2026-08-23 08:49:23.916116
2026-08-23 08:59:23,890 [INFO] [MainThread] [root/api.py:69]: Fetching new weather data at 2026-08-23 08:59:23.890553
2026-08-23 09:09:23,897 [INFO] [MainThread] [root/api.py:69]: Fetching new weather data at 2026-08-23 09:09:23.897139
2026-08-23 09:19:23,891 [INFO] [MainThread] [root/api.py:69]: Fetching new weather data at 2026-08-23 09:19:23.891461
2026-08-23 09:29:23,883 [INFO] [MainThread] [root/api.py:69]: Fetching new weather data at 2026-08-23 09:29:23.883354
2026-08-23 09:39:24,104 [INFO] [MainThread] [root/api.py:69]: Fetching new weather data at 2026-08-23 09:39:24.104397
2026-08-23 09:49:23,898 [INFO] [MainThread] [root/api.py:69]: Fetching new weather data at 2026-08-23 09:49:23.898256
2026-08-23 09:59:23,887 [INFO] [MainThread] [root/api.py:69]: Fetching new weather data at 2026-08-23 09:59:23.887432
2026-08-23 10:09:23,880 [INFO] [MainThread] [root/api.py:69]: Fetching new weather data at 2026-08-23 10:09:23.880366
2026-08-23 10:19:23,880 [INFO] [MainThread] [root/api.py:69]: Fetching new weather data at 2026-08-23 10:19:23.880312
2026-08-23 10:29:23,890 [INFO] [MainThread] [root/api.py:69]: Fetching new weather data at 2026-08-23 10:29:23.889967
2026-08-23 10:39:24,650 [INFO] [MainThread] [root/api.py:69]: Fetching new weather data at 2026-08-23 10:39:24.650726
2026-08-23 10:49:23,892 [INFO] [MainThread] [root/api.py:69]: Fetching new weather data at 2026-08-23 10:49:23.892599
2026-08-23 10:50:24,278 [INFO] [MainThread] [root/bar_helper.py:594]: AppBarManager need to re-register 2 bars
2026-08-23 10:50:25,294 [INFO] [MainThread] [root/bar_helper.py:603]: Re-registered AppBar for primary-bar_24G50F_a8afa66a (space reservation + fullscreen)
2026-08-23 10:50:25,497 [INFO] [MainThread] [root/bar_helper.py:603]: Re-registered AppBar for primary-bar_BenQ RL2755_96c0d15f (space reservation + fullscreen)
2026-08-23 10:50:25,808 [INFO] [MainThread] [root/bar_helper.py:594]: AppBarManager need to re-register 2 bars
2026-08-23 10:50:25,878 [INFO] [MainThread] [root/bar_helper.py:603]: Re-registered AppBar for primary-bar_24G50F_a8afa66a (space reservation + fullscreen)
2026-08-23 10:50:25,895 [INFO] [MainThread] [root/bar_helper.py:603]: Re-registered AppBar for primary-bar_BenQ RL2755_96c0d15f (space reservation + fullscreen)
2026-08-23 10:59:23,890 [INFO] [MainThread] [root/api.py:69]: Fetching new weather data at 2026-08-23 10:59:23.890446
2026-08-23 11:09:23,895 [INFO] [MainThread] [root/api.py:69]: Fetching new weather data at 2026-08-23 11:09:23.895860
2026-08-23 11:19:23,943 [INFO] [MainThread] [root/api.py:69]: Fetching new weather data at 2026-08-23 11:19:23.943824
2026-08-23 11:29:23,927 [INFO] [MainThread] [root/api.py:69]: Fetching new weather data at 2026-08-23 11:29:23.927727
2026-08-23 11:39:23,912 [INFO] [MainThread] [root/api.py:69]: Fetching new weather data at 2026-08-23 11:39:23.911979
2026-08-23 11:49:24,046 [INFO] [MainThread] [root/api.py:69]: Fetching new weather data at 2026-08-23 11:49:24.046558
2026-08-23 11:59:23,885 [INFO] [MainThread] [root/api.py:69]: Fetching new weather data at 2026-08-23 11:59:23.885555
2026-08-23 12:09:23,913 [INFO] [MainThread] [root/api.py:69]: Fetching new weather data at 2026-08-23 12:09:23.913711
2026-08-23 12:19:23,949 [INFO] [MainThread] [root/api.py:69]: Fetching new weather data at 2026-08-23 12:19:23.949007
2026-08-23 12:29:23,969 [INFO] [MainThread] [root/api.py:69]: Fetching new weather data at 2026-08-23 12:29:23.969929
2026-08-23 12:39:23,877 [INFO] [MainThread] [root/api.py:69]: Fetching new weather data at 2026-08-23 12:39:23.877271
2026-08-23 12:49:24,105 [INFO] [MainThread] [root/api.py:69]: Fetching new weather data at 2026-08-23 12:49:24.105079
2026-08-23 12:59:23,899 [INFO] [MainThread] [root/api.py:69]: Fetching new weather data at 2026-08-23 12:59:23.899360
2026-08-23 13:09:24,031 [INFO] [MainThread] [root/api.py:69]: Fetching new weather data at 2026-08-23 13:09:24.031523
2026-08-23 13:19:23,895 [INFO] [MainThread] [root/api.py:69]: Fetching new weather data at 2026-08-23 13:19:23.895172
2026-08-23 13:29:23,887 [INFO] [MainThread] [root/api.py:69]: Fetching new weather data at 2026-08-23 13:29:23.887103
2026-08-23 13:39:23,881 [INFO] [MainThread] [root/api.py:69]: Fetching new weather data at 2026-08-23 13:39:23.881410
2026-08-23 13:49:23,891 [INFO] [MainThread] [root/api.py:69]: Fetching new weather data at 2026-08-23 13:49:23.891793
2026-08-23 13:59:23,885 [INFO] [MainThread] [root/api.py:69]: Fetching new weather data at 2026-08-23 13:59:23.884999
2026-08-23 14:09:23,887 [INFO] [MainThread] [root/api.py:69]: Fetching new weather data at 2026-08-23 14:09:23.887294
2026-08-23 14:19:23,882 [INFO] [MainThread] [root/api.py:69]: Fetching new weather data at 2026-08-23 14:19:23.881950
2026-08-23 14:29:23,894 [INFO] [MainThread] [root/api.py:69]: Fetching new weather data at 2026-08-23 14:29:23.894706
2026-08-23 14:39:23,889 [INFO] [MainThread] [root/api.py:69]: Fetching new weather data at 2026-08-23 14:39:23.889861
2026-08-23 14:49:24,006 [INFO] [MainThread] [root/api.py:69]: Fetching new weather data at 2026-08-23 14:49:24.006098
2026-08-23 14:59:23,974 [INFO] [MainThread] [root/api.py:69]: Fetching new weather data at 2026-08-23 14:59:23.974073
2026-08-23 15:09:23,929 [INFO] [MainThread] [root/api.py:69]: Fetching new weather data at 2026-08-23 15:09:23.929088
2026-08-23 15:19:23,892 [INFO] [MainThread] [root/api.py:69]: Fetching new weather data at 2026-08-23 15:19:23.892600
2026-08-23 15:29:23,882 [INFO] [MainThread] [root/api.py:69]: Fetching new weather data at 2026-08-23 15:29:23.882023
2026-08-23 15:39:23,893 [INFO] [MainThread] [root/api.py:69]: Fetching new weather data at 2026-08-23 15:39:23.893292
2026-08-23 15:49:23,905 [INFO] [MainThread] [root/api.py:69]: Fetching new weather data at 2026-08-23 15:49:23.905416
2026-08-23 15:59:23,905 [INFO] [MainThread] [root/api.py:69]: Fetching new weather data at 2026-08-23 15:59:23.905527
2026-08-23 16:09:23,885 [INFO] [MainThread] [root/api.py:69]: Fetching new weather data at 2026-08-23 16:09:23.885596
2026-08-23 16:19:23,968 [INFO] [MainThread] [root/api.py:69]: Fetching new weather data at 2026-08-23 16:19:23.968532
2026-08-23 16:29:23,936 [INFO] [MainThread] [root/api.py:69]: Fetching new weather data at 2026-08-23 16:29:23.936758
2026-08-23 16:39:23,912 [INFO] [MainThread] [root/api.py:69]: Fetching new weather data at 2026-08-23 16:39:23.912064
2026-08-23 16:49:23,938 [INFO] [MainThread] [root/api.py:69]: Fetching new weather data at 2026-08-23 16:49:23.938475
2026-08-23 16:59:23,901 [INFO] [MainThread] [root/api.py:69]: Fetching new weather data at 2026-08-23 16:59:23.901682
2026-08-23 17:09:23,902 [INFO] [MainThread] [root/api.py:69]: Fetching new weather data at 2026-08-23 17:09:23.902568
2026-08-23 17:19:24,031 [INFO] [MainThread] [root/api.py:69]: Fetching new weather data at 2026-08-23 17:19:24.031846
2026-08-23 17:29:23,892 [INFO] [MainThread] [root/api.py:69]: Fetching new weather data at 2026-08-23 17:29:23.892525
2026-08-23 17:39:23,895 [INFO] [MainThread] [root/api.py:69]: Fetching new weather data at 2026-08-23 17:39:23.895304
2026-08-23 17:49:23,902 [INFO] [MainThread] [root/api.py:69]: Fetching new weather data at 2026-08-23 17:49:23.902136
2026-08-23 17:59:23,906 [INFO] [MainThread] [root/api.py:69]: Fetching new weather data at 2026-08-23 17:59:23.906310
2026-08-23 18:09:23,918 [INFO] [MainThread] [root/api.py:69]: Fetching new weather data at 2026-08-23 18:09:23.918267
2026-08-23 18:19:23,913 [INFO] [MainThread] [root/api.py:69]: Fetching new weather data at 2026-08-23 18:19:23.913265
2026-08-23 18:29:23,909 [INFO] [MainThread] [root/api.py:69]: Fetching new weather data at 2026-08-23 18:29:23.909113
2026-08-23 18:39:24,055 [INFO] [MainThread] [root/api.py:69]: Fetching new weather data at 2026-08-23 18:39:24.055307
2026-08-23 18:49:23,922 [INFO] [MainThread] [root/api.py:69]: Fetching new weather data at 2026-08-23 18:49:23.922554
2026-08-23 18:59:23,893 [INFO] [MainThread] [root/api.py:69]: Fetching new weather data at 2026-08-23 18:59:23.893019
2026-08-23 19:09:23,903 [INFO] [MainThread] [root/api.py:69]: Fetching new weather data at 2026-08-23 19:09:23.903027
2026-08-23 19:19:23,902 [INFO] [MainThread] [root/api.py:69]: Fetching new weather data at 2026-08-23 19:19:23.902548
2026-08-23 19:29:23,901 [INFO] [MainThread] [root/api.py:69]: Fetching new weather data at 2026-08-23 19:29:23.901760
2026-08-23 19:39:23,897 [INFO] [MainThread] [root/api.py:69]: Fetching new weather data at 2026-08-23 19:39:23.897111
2026-08-23 19:49:23,897 [INFO] [MainThread] [root/api.py:69]: Fetching new weather data at 2026-08-23 19:49:23.897864
2026-08-23 19:59:23,904 [INFO] [MainThread] [root/api.py:69]: Fetching new weather data at 2026-08-23 19:59:23.904134
2026-08-23 20:09:23,903 [INFO] [MainThread] [root/api.py:69]: Fetching new weather data at 2026-08-23 20:09:23.903456
2026-08-23 20:19:23,960 [INFO] [MainThread] [root/api.py:69]: Fetching new weather data at 2026-08-23 20:19:23.960306
2026-08-23 20:29:23,889 [INFO] [MainThread] [root/api.py:69]: Fetching new weather data at 2026-08-23 20:29:23.889832
2026-08-23 20:39:23,913 [INFO] [MainThread] [root/api.py:69]: Fetching new weather data at 2026-08-23 20:39:23.913740
2026-08-23 20:49:23,903 [INFO] [MainThread] [root/api.py:69]: Fetching new weather data at 2026-08-23 20:49:23.902993
2026-08-23 20:59:23,921 [INFO] [MainThread] [root/api.py:69]: Fetching new weather data at 2026-08-23 20:59:23.921807
2026-08-23 21:09:23,901 [INFO] [MainThread] [root/api.py:69]: Fetching new weather data at 2026-08-23 21:09:23.901553
2026-08-23 21:19:23,893 [INFO] [MainThread] [root/api.py:69]: Fetching new weather data at 2026-08-23 21:19:23.893913
2026-08-23 21:29:24,026 [INFO] [MainThread] [root/api.py:69]: Fetching new weather data at 2026-08-23 21:29:24.026104
2026-08-23 21:39:23,921 [INFO] [MainThread] [root/api.py:69]: Fetching new weather data at 2026-08-23 21:39:23.921597
2026-08-23 21:49:23,889 [INFO] [MainThread] [root/api.py:69]: Fetching new weather data at 2026-08-23 21:49:23.889598
2026-08-23 21:59:23,893 [INFO] [MainThread] [root/api.py:69]: Fetching new weather data at 2026-08-23 21:59:23.892992
2026-08-23 22:09:23,888 [INFO] [MainThread] [root/api.py:69]: Fetching new weather data at 2026-08-23 22:09:23.888176
2026-08-23 22:19:23,882 [INFO] [MainThread] [root/api.py:69]: Fetching new weather data at 2026-08-23 22:19:23.882680
2026-08-23 22:29:23,917 [INFO] [MainThread] [root/api.py:69]: Fetching new weather data at 2026-08-23 22:29:23.917116
2026-08-23 22:39:24,078 [INFO] [MainThread] [root/api.py:69]: Fetching new weather data at 2026-08-23 22:39:24.078226
2026-08-23 22:49:23,895 [INFO] [MainThread] [root/api.py:69]: Fetching new weather data at 2026-08-23 22:49:23.895404
2026-08-23 22:59:24,044 [INFO] [MainThread] [root/api.py:69]: Fetching new weather data at 2026-08-23 22:59:24.044533
2026-08-23 23:06:52,497 [INFO] [MainThread] [root/controller.py:43]: Exiting Application...
2026-08-23 23:06:52,601 [INFO] [MainThread] [cli_server/cli_server.py:114]: Log pipe server stopped
2026-08-23 23:06:52,909 [INFO] [MainThread] [root/bar_manager.py:119]: Stopping SystemEventListener...
2026-08-24 09:08:36,257 [INFO] [MainThread] [root/log.py:104]: YASB v2.0.6
2026-08-24 09:08:36,258 [INFO] [CLIPipeServer] [cli_server/cli_server.py:216]: CLI server started v1.1.7
2026-08-24 09:08:36,259 [INFO] [MainThread] [cli_server/cli_server.py:106]: Log pipe server started
2026-08-24 09:08:36,656 [INFO] [MainThread] [root/service.py:52]: AudioOutputService starting...
2026-08-24 09:08:36,854 [INFO] [MainThread] [root/bar_manager.py:103]: Starting SystemEventListener...
2026-08-24 09:08:36,855 [INFO] [MainThread] [root/watcher.py:65]: Watching directory: c:\users\erick\.config\yasb
2026-08-24 09:08:36,855 [INFO] [MainThread] [root/watcher.py:104]: Created file watcher
2026-08-24 09:08:36,885 [INFO] [MainThread] [root/update_service.py:434]: Background update checker started
2026-08-24 09:08:37,294 [INFO] [MainThread] [root/api.py:69]: Fetching new weather data at 2026-08-24 09:08:37.294195
Windows fatal exception: code 0x8001010d

Thread 0x00000f98 [Thread-5] (most recent call first):
  File "C:\hostedtoolcache\windows\Python\3.14.6\x64\Lib\threading.py", line 369 in wait
  File "C:\hostedtoolcache\windows\Python\3.14.6\x64\Lib\queue.py", line 199 in get
  File "D:\a\yasb\yasb\venv\Lib\site-packages\watchdog\observers\api.py", line 379 in dispatch_events
  File "D:\a\yasb\yasb\venv\Lib\site-packages\watchdog\observers\api.py", line 213 in run
  File "C:\hostedtoolcache\windows\Python\3.14.6\x64\Lib\threading.py", line 1082 in _bootstrap_inner
  File "C:\hostedtoolcache\windows\Python\3.14.6\x64\Lib\threading.py", line 1044 in _bootstrap

Thread 0x00004dc8 [Thread-6] (most recent call first):
  File "D:\a\yasb\yasb\venv\Lib\site-packages\watchdog\observers\winapi.py", line 326 in read_directory_changes
  File "D:\a\yasb\yasb\venv\Lib\site-packages\watchdog\observers\winapi.py", line 380 in read_events
  File "D:\a\yasb\yasb\venv\Lib\site-packages\watchdog\observers\read_directory_changes.py", line 67 in _read_events
  File "D:\a\yasb\yasb\venv\Lib\site-packages\watchdog\observers\read_directory_changes.py", line 70 in queue_events
  File "D:\a\yasb\yasb\venv\Lib\site-packages\watchdog\observers\api.py", line 158 in run
  File "C:\hostedtoolcache\windows\Python\3.14.6\x64\Lib\threading.py", line 1082 in _bootstrap_inner
  File "C:\hostedtoolcache\windows\Python\3.14.6\x64\Lib\threading.py", line 1044 in _bootstrap

Thread 0x00000f44 [SystemEventListener] (most recent call first):
  File "D:\a\yasb\yasb\src\core\utils\win32\event_listener.py", line 69 in run

Thread 0x00000874 [WiFiWorker] (most recent call first):
  File "C:\hostedtoolcache\windows\Python\3.14.6\x64\Lib\threading.py", line 373 in wait
  File "C:\hostedtoolcache\windows\Python\3.14.6\x64\Lib\threading.py", line 670 in wait
  File "D:\a\yasb\yasb\src\core\widgets\services\wifi\wifi_managers.py", line 160 in run

Thread 0x000009a8 [MemoryWorker] (most recent call first):
  File "C:\hostedtoolcache\windows\Python\3.14.6\x64\Lib\threading.py", line 373 in wait
  File "C:\hostedtoolcache\windows\Python\3.14.6\x64\Lib\threading.py", line 670 in wait
  File "D:\a\yasb\yasb\src\core\widgets\services\memory\memory_api.py", line 247 in run

Thread 0x0000082c [_EventWorker] (most recent call first):
  File "D:\a\yasb\yasb\venv\Lib\site-packages\qasync\_windows.py", line 147 in _poll
  File "D:\a\yasb\yasb\venv\Lib\site-packages\qasync\_windows.py", line 72 in select
  File "D:\a\yasb\yasb\venv\Lib\site-packages\qasync\_windows.py", line 199 in run

Thread 0x00000568 [LogPipeServer] (most recent call first):
  File "D:\a\yasb\yasb\src\core\utils\win32\bindings\kernel32.py", line 291 in ConnectNamedPipe
  File "D:\a\yasb\yasb\src\core\utils\cli_server.py", line 138 in _run_server
  File "C:\hostedtoolcache\windows\Python\3.14.6\x64\Lib\threading.py", line 1024 in run
  File "C:\hostedtoolcache\windows\Python\3.14.6\x64\Lib\threading.py", line 1082 in _bootstrap_inner
  File "C:\hostedtoolcache\windows\Python\3.14.6\x64\Lib\threading.py", line 1044 in _bootstrap

Thread 0x000005e0 [CLIPipeServer] (most recent call first):
  File "D:\a\yasb\yasb\src\core\utils\win32\bindings\kernel32.py", line 291 in ConnectNamedPipe
  File "D:\a\yasb\yasb\src\core\utils\cli_server.py", line 235 in _run_server
  File "C:\hostedtoolcache\windows\Python\3.14.6\x64\Lib\threading.py", line 1024 in run
  File "C:\hostedtoolcache\windows\Python\3.14.6\x64\Lib\threading.py", line 1082 in _bootstrap_inner
  File "C:\hostedtoolcache\windows\Python\3.14.6\x64\Lib\threading.py", line 1044 in _bootstrap

Current thread 0x000007d0 (most recent call first):
  File "D:\a\yasb\yasb\venv\Lib\site-packages\qasync\__init__.py", line 404 in run_forever
  File "D:\a\yasb\yasb\venv\Lib\site-packages\qasync\__init__.py", line 428 in run_until_complete
  File "main.py", line 100 in main
  File "main.py", line 203 in <module>
  File "D:\a\yasb\yasb\venv\Lib\site-packages\freeze_core\initscripts\console.py", line 43 in run
  File "src/freeze_core/initscripts/__startup__.py", line 147 in run
2026-08-24 09:18:36,848 [INFO] [MainThread] [root/api.py:69]: Fetching new weather data at 2026-08-24 09:18:36.844702
2026-08-24 09:28:36,879 [INFO] [MainThread] [root/api.py:69]: Fetching new weather data at 2026-08-24 09:28:36.879763
2026-08-24 09:38:36,823 [INFO] [MainThread] [root/api.py:69]: Fetching new weather data at 2026-08-24 09:38:36.823841
2026-08-24 09:48:36,831 [INFO] [MainThread] [root/api.py:69]: Fetching new weather data at 2026-08-24 09:48:36.831373
2026-08-24 09:58:36,832 [INFO] [MainThread] [root/api.py:69]: Fetching new weather data at 2026-08-24 09:58:36.832157
2026-08-24 10:08:36,818 [INFO] [MainThread] [root/api.py:69]: Fetching new weather data at 2026-08-24 10:08:36.818926
2026-08-24 10:16:46,970 [INFO] [MainThread] [root/bar_helper.py:594]: AppBarManager need to re-register 2 bars
2026-08-24 10:16:47,286 [INFO] [MainThread] [root/bar_helper.py:603]: Re-registered AppBar for primary-bar_24G50F_899c0e86 (space reservation + fullscreen)
2026-08-24 10:16:47,415 [INFO] [MainThread] [root/bar_helper.py:603]: Re-registered AppBar for primary-bar_BenQ RL2755_195273ee (space reservation + fullscreen)
2026-08-24 10:18:36,825 [INFO] [MainThread] [root/api.py:69]: Fetching new weather data at 2026-08-24 10:18:36.825241
2026-08-24 10:28:36,828 [INFO] [MainThread] [root/api.py:69]: Fetching new weather data at 2026-08-24 10:28:36.828883
2026-08-24 10:38:36,823 [INFO] [MainThread] [root/api.py:69]: Fetching new weather data at 2026-08-24 10:38:36.823093
2026-08-24 10:48:36,867 [INFO] [MainThread] [root/api.py:69]: Fetching new weather data at 2026-08-24 10:48:36.867212
2026-08-24 10:58:36,816 [INFO] [MainThread] [root/api.py:69]: Fetching new weather data at 2026-08-24 10:58:36.816300
2026-08-24 11:08:36,836 [INFO] [MainThread] [root/api.py:69]: Fetching new weather data at 2026-08-24 11:08:36.835987
2026-08-24 11:18:36,826 [INFO] [MainThread] [root/api.py:69]: Fetching new weather data at 2026-08-24 11:18:36.826859
2026-08-24 11:28:36,805 [INFO] [MainThread] [root/api.py:69]: Fetching new weather data at 2026-08-24 11:28:36.805541
2026-08-24 11:38:36,826 [INFO] [MainThread] [root/api.py:69]: Fetching new weather data at 2026-08-24 11:38:36.826592
2026-08-24 11:48:36,820 [INFO] [MainThread] [root/api.py:69]: Fetching new weather data at 2026-08-24 11:48:36.820362
2026-08-24 11:58:36,830 [INFO] [MainThread] [root/api.py:69]: Fetching new weather data at 2026-08-24 11:58:36.830892
2026-08-24 12:08:36,808 [INFO] [MainThread] [root/api.py:69]: Fetching new weather data at 2026-08-24 12:08:36.808862
2026-08-24 12:18:36,872 [INFO] [MainThread] [root/api.py:69]: Fetching new weather data at 2026-08-24 12:18:36.872303
2026-08-24 12:28:36,815 [INFO] [MainThread] [root/api.py:69]: Fetching new weather data at 2026-08-24 12:28:36.815267
2026-08-24 12:38:36,886 [INFO] [MainThread] [root/api.py:69]: Fetching new weather data at 2026-08-24 12:38:36.886405
2026-08-24 12:48:36,833 [INFO] [MainThread] [root/api.py:69]: Fetching new weather data at 2026-08-24 12:48:36.833766
2026-08-24 12:58:36,806 [INFO] [MainThread] [root/api.py:69]: Fetching new weather data at 2026-08-24 12:58:36.806643
2026-08-24 13:08:36,831 [INFO] [MainThread] [root/api.py:69]: Fetching new weather data at 2026-08-24 13:08:36.831663
2026-08-24 13:18:36,803 [INFO] [MainThread] [root/api.py:69]: Fetching new weather data at 2026-08-24 13:18:36.803501
2026-08-24 13:28:36,940 [INFO] [MainThread] [root/api.py:69]: Fetching new weather data at 2026-08-24 13:28:36.940690
2026-08-24 13:38:36,827 [INFO] [MainThread] [root/api.py:69]: Fetching new weather data at 2026-08-24 13:38:36.827754
2026-08-24 13:48:36,808 [INFO] [MainThread] [root/api.py:69]: Fetching new weather data at 2026-08-24 13:48:36.808041
2026-08-24 13:58:36,852 [INFO] [MainThread] [root/api.py:69]: Fetching new weather data at 2026-08-24 13:58:36.852437
2026-08-24 14:08:36,835 [INFO] [MainThread] [root/api.py:69]: Fetching new weather data at 2026-08-24 14:08:36.835267
2026-08-24 14:18:36,833 [INFO] [MainThread] [root/api.py:69]: Fetching new weather data at 2026-08-24 14:18:36.833062
2026-08-24 14:28:36,842 [INFO] [MainThread] [root/api.py:69]: Fetching new weather data at 2026-08-24 14:28:36.842867
2026-08-24 14:38:36,820 [INFO] [MainThread] [root/api.py:69]: Fetching new weather data at 2026-08-24 14:38:36.820360
2026-08-24 14:48:36,805 [INFO] [MainThread] [root/api.py:69]: Fetching new weather data at 2026-08-24 14:48:36.805106
2026-08-24 14:58:36,887 [INFO] [MainThread] [root/api.py:69]: Fetching new weather data at 2026-08-24 14:58:36.887256
2026-08-24 15:08:36,873 [INFO] [MainThread] [root/api.py:69]: Fetching new weather data at 2026-08-24 15:08:36.866815
2026-08-24 15:18:36,842 [INFO] [MainThread] [root/api.py:69]: Fetching new weather data at 2026-08-24 15:18:36.835321
2026-08-24 15:28:36,839 [INFO] [MainThread] [root/api.py:69]: Fetching new weather data at 2026-08-24 15:28:36.839419
2026-08-24 15:38:36,797 [INFO] [MainThread] [root/api.py:69]: Fetching new weather data at 2026-08-24 15:38:36.797378
2026-08-24 15:48:37,373 [INFO] [MainThread] [root/api.py:69]: Fetching new weather data at 2026-08-24 15:48:37.372652
2026-08-24 15:58:36,818 [INFO] [MainThread] [root/api.py:69]: Fetching new weather data at 2026-08-24 15:58:36.818528
2026-08-24 16:08:36,855 [INFO] [MainThread] [root/api.py:69]: Fetching new weather data at 2026-08-24 16:08:36.855915
2026-08-24 16:18:36,815 [INFO] [MainThread] [root/api.py:69]: Fetching new weather data at 2026-08-24 16:18:36.815455
2026-08-24 16:28:36,924 [INFO] [MainThread] [root/api.py:69]: Fetching new weather data at 2026-08-24 16:28:36.924140
2026-08-24 16:38:36,806 [INFO] [MainThread] [root/api.py:69]: Fetching new weather data at 2026-08-24 16:38:36.806171
2026-08-24 16:48:36,884 [INFO] [MainThread] [root/api.py:69]: Fetching new weather data at 2026-08-24 16:48:36.884904
2026-08-24 16:58:36,809 [INFO] [MainThread] [root/api.py:69]: Fetching new weather data at 2026-08-24 16:58:36.809104
2026-08-24 17:08:36,816 [INFO] [MainThread] [root/api.py:69]: Fetching new weather data at 2026-08-24 17:08:36.816520
2026-08-24 17:18:36,815 [INFO] [MainThread] [root/api.py:69]: Fetching new weather data at 2026-08-24 17:18:36.815884
2026-08-24 17:28:36,812 [INFO] [MainThread] [root/api.py:69]: Fetching new weather data at 2026-08-24 17:28:36.812643
2026-08-24 17:38:36,812 [INFO] [MainThread] [root/api.py:69]: Fetching new weather data at 2026-08-24 17:38:36.812357
2026-08-24 17:48:36,812 [INFO] [MainThread] [root/api.py:69]: Fetching new weather data at 2026-08-24 17:48:36.812299
2026-08-24 17:58:36,843 [INFO] [MainThread] [root/api.py:69]: Fetching new weather data at 2026-08-24 17:58:36.843287
2026-08-24 18:08:36,805 [INFO] [MainThread] [root/api.py:69]: Fetching new weather data at 2026-08-24 18:08:36.804940
2026-08-24 18:18:36,849 [INFO] [MainThread] [root/api.py:69]: Fetching new weather data at 2026-08-24 18:18:36.849058
2026-08-24 18:28:36,841 [INFO] [MainThread] [root/api.py:69]: Fetching new weather data at 2026-08-24 18:28:36.841186
2026-08-24 18:38:36,949 [INFO] [MainThread] [root/api.py:69]: Fetching new weather data at 2026-08-24 18:38:36.949568
2026-08-24 18:48:36,847 [INFO] [MainThread] [root/api.py:69]: Fetching new weather data at 2026-08-24 18:48:36.847198
2026-08-24 18:58:36,813 [INFO] [MainThread] [root/api.py:69]: Fetching new weather data at 2026-08-24 18:58:36.813049
2026-08-24 19:08:36,826 [INFO] [MainThread] [root/api.py:69]: Fetching new weather data at 2026-08-24 19:08:36.826081
2026-08-24 19:18:36,825 [INFO] [MainThread] [root/api.py:69]: Fetching new weather data at 2026-08-24 19:18:36.825101
2026-08-24 19:28:36,809 [INFO] [MainThread] [root/api.py:69]: Fetching new weather data at 2026-08-24 19:28:36.809459
2026-08-24 19:38:36,806 [INFO] [MainThread] [root/api.py:69]: Fetching new weather data at 2026-08-24 19:38:36.806455
2026-08-24 19:48:36,813 [INFO] [MainThread] [root/api.py:69]: Fetching new weather data at 2026-08-24 19:48:36.813275
2026-08-24 19:58:36,814 [INFO] [MainThread] [root/api.py:69]: Fetching new weather data at 2026-08-24 19:58:36.814848
2026-08-24 20:08:36,816 [INFO] [MainThread] [root/api.py:69]: Fetching new weather data at 2026-08-24 20:08:36.816707
2026-08-24 20:18:36,814 [INFO] [MainThread] [root/api.py:69]: Fetching new weather data at 2026-08-24 20:18:36.814435
2026-08-24 20:28:36,802 [INFO] [MainThread] [root/api.py:69]: Fetching new weather data at 2026-08-24 20:28:36.802802
2026-08-24 20:38:36,827 [INFO] [MainThread] [root/api.py:69]: Fetching new weather data at 2026-08-24 20:38:36.827860
2026-08-24 20:48:36,829 [INFO] [MainThread] [root/api.py:69]: Fetching new weather data at 2026-08-24 20:48:36.829735
2026-08-24 20:58:36,825 [INFO] [MainThread] [root/api.py:69]: Fetching new weather data at 2026-08-24 20:58:36.825660
2026-08-24 21:08:36,814 [INFO] [MainThread] [root/api.py:69]: Fetching new weather data at 2026-08-24 21:08:36.814407
2026-08-24 21:18:36,816 [INFO] [MainThread] [root/api.py:69]: Fetching new weather data at 2026-08-24 21:18:36.816287
2026-08-24 21:28:36,941 [INFO] [MainThread] [root/api.py:69]: Fetching new weather data at 2026-08-24 21:28:36.941479
2026-08-24 21:38:36,804 [INFO] [MainThread] [root/api.py:69]: Fetching new weather data at 2026-08-24 21:38:36.804633
2026-08-24 21:48:29,989 [INFO] [MainThread] [root/bar_manager.py:119]: Stopping SystemEventListener...
2026-08-25 07:32:53,541 [INFO] [MainThread] [root/log.py:104]: YASB v2.0.6
2026-08-25 07:32:53,542 [INFO] [CLIPipeServer] [cli_server/cli_server.py:216]: CLI server started v1.1.7
2026-08-25 07:32:53,543 [INFO] [MainThread] [cli_server/cli_server.py:106]: Log pipe server started
2026-08-25 07:32:53,994 [INFO] [MainThread] [root/service.py:52]: AudioOutputService starting...
2026-08-25 07:32:54,220 [INFO] [MainThread] [root/bar_manager.py:103]: Starting SystemEventListener...
2026-08-25 07:32:54,223 [INFO] [MainThread] [root/watcher.py:65]: Watching directory: c:\users\erick\.config\yasb
2026-08-25 07:32:54,223 [INFO] [MainThread] [root/watcher.py:104]: Created file watcher
2026-08-25 07:32:54,296 [INFO] [MainThread] [root/update_service.py:434]: Background update checker started
2026-08-25 07:32:54,644 [INFO] [MainThread] [root/api.py:69]: Fetching new weather data at 2026-08-25 07:32:54.644720
Windows fatal exception: code 0x8001010d

Thread 0x000050fc [Thread-5] (most recent call first):
  File "C:\hostedtoolcache\windows\Python\3.14.6\x64\Lib\threading.py", line 369 in wait
  File "C:\hostedtoolcache\windows\Python\3.14.6\x64\Lib\queue.py", line 199 in get
  File "D:\a\yasb\yasb\venv\Lib\site-packages\watchdog\observers\api.py", line 379 in dispatch_events
  File "D:\a\yasb\yasb\venv\Lib\site-packages\watchdog\observers\api.py", line 213 in run
  File "C:\hostedtoolcache\windows\Python\3.14.6\x64\Lib\threading.py", line 1082 in _bootstrap_inner
  File "C:\hostedtoolcache\windows\Python\3.14.6\x64\Lib\threading.py", line 1044 in _bootstrap

Thread 0x000050f8 [Thread-6] (most recent call first):
  File "D:\a\yasb\yasb\venv\Lib\site-packages\watchdog\observers\winapi.py", line 326 in read_directory_changes
  File "D:\a\yasb\yasb\venv\Lib\site-packages\watchdog\observers\winapi.py", line 380 in read_events
  File "D:\a\yasb\yasb\venv\Lib\site-packages\watchdog\observers\read_directory_changes.py", line 67 in _read_events
  File "D:\a\yasb\yasb\venv\Lib\site-packages\watchdog\observers\read_directory_changes.py", line 70 in queue_events
  File "D:\a\yasb\yasb\venv\Lib\site-packages\watchdog\observers\api.py", line 158 in run
  File "C:\hostedtoolcache\windows\Python\3.14.6\x64\Lib\threading.py", line 1082 in _bootstrap_inner
  File "C:\hostedtoolcache\windows\Python\3.14.6\x64\Lib\threading.py", line 1044 in _bootstrap

Thread 0x000050f0 [SystemEventListener] (most recent call first):
  File "D:\a\yasb\yasb\src\core\utils\win32\event_listener.py", line 69 in run

Thread 0x0000536c [WiFiWorker] (most recent call first):
  File "C:\hostedtoolcache\windows\Python\3.14.6\x64\Lib\threading.py", line 373 in wait
  File "C:\hostedtoolcache\windows\Python\3.14.6\x64\Lib\threading.py", line 670 in wait
  File "D:\a\yasb\yasb\src\core\widgets\services\wifi\wifi_managers.py", line 160 in run

Thread 0x00005344 [MemoryWorker] (most recent call first):
  File "C:\hostedtoolcache\windows\Python\3.14.6\x64\Lib\threading.py", line 373 in wait
  File "C:\hostedtoolcache\windows\Python\3.14.6\x64\Lib\threading.py", line 670 in wait
  File "D:\a\yasb\yasb\src\core\widgets\services\memory\memory_api.py", line 247 in run

Thread 0x00005254 [_EventWorker] (most recent call first):
  File "D:\a\yasb\yasb\venv\Lib\site-packages\qasync\_windows.py", line 147 in _poll
  File "D:\a\yasb\yasb\venv\Lib\site-packages\qasync\_windows.py", line 72 in select
  File "D:\a\yasb\yasb\venv\Lib\site-packages\qasync\_windows.py", line 199 in run

Thread 0x00005214 [LogPipeServer] (most recent call first):
  File "D:\a\yasb\yasb\src\core\utils\win32\bindings\kernel32.py", line 291 in ConnectNamedPipe
  File "D:\a\yasb\yasb\src\core\utils\cli_server.py", line 138 in _run_server
  File "C:\hostedtoolcache\windows\Python\3.14.6\x64\Lib\threading.py", line 1024 in run
  File "C:\hostedtoolcache\windows\Python\3.14.6\x64\Lib\threading.py", line 1082 in _bootstrap_inner
  File "C:\hostedtoolcache\windows\Python\3.14.6\x64\Lib\threading.py", line 1044 in _bootstrap

Thread 0x00005204 [CLIPipeServer] (most recent call first):
  File "D:\a\yasb\yasb\src\core\utils\win32\bindings\kernel32.py", line 291 in ConnectNamedPipe
  File "D:\a\yasb\yasb\src\core\utils\cli_server.py", line 235 in _run_server
  File "C:\hostedtoolcache\windows\Python\3.14.6\x64\Lib\threading.py", line 1024 in run
  File "C:\hostedtoolcache\windows\Python\3.14.6\x64\Lib\threading.py", line 1082 in _bootstrap_inner
  File "C:\hostedtoolcache\windows\Python\3.14.6\x64\Lib\threading.py", line 1044 in _bootstrap

Current thread 0x00004650 (most recent call first):
  File "D:\a\yasb\yasb\venv\Lib\site-packages\qasync\__init__.py", line 404 in run_forever
  File "D:\a\yasb\yasb\venv\Lib\site-packages\qasync\__init__.py", line 428 in run_until_complete
  File "main.py", line 100 in main
  File "main.py", line 203 in <module>
  File "D:\a\yasb\yasb\venv\Lib\site-packages\freeze_core\initscripts\console.py", line 43 in run
  File "src/freeze_core/initscripts/__startup__.py", line 147 in run
2026-08-25 07:42:54,140 [INFO] [MainThread] [root/api.py:69]: Fetching new weather data at 2026-08-25 07:42:54.140640
2026-08-25 07:52:54,132 [INFO] [MainThread] [root/api.py:69]: Fetching new weather data at 2026-08-25 07:52:54.132438
2026-08-25 08:02:54,140 [INFO] [MainThread] [root/api.py:69]: Fetching new weather data at 2026-08-25 08:02:54.139911
2026-08-25 08:12:54,127 [INFO] [MainThread] [root/api.py:69]: Fetching new weather data at 2026-08-25 08:12:54.127060
2026-08-25 08:22:54,144 [INFO] [MainThread] [root/api.py:69]: Fetching new weather data at 2026-08-25 08:22:54.144647
2026-08-25 08:32:54,244 [INFO] [MainThread] [root/api.py:69]: Fetching new weather data at 2026-08-25 08:32:54.244306
2026-08-25 08:42:54,142 [INFO] [MainThread] [root/api.py:69]: Fetching new weather data at 2026-08-25 08:42:54.142797
2026-08-25 08:52:54,189 [INFO] [MainThread] [root/api.py:69]: Fetching new weather data at 2026-08-25 08:52:54.189045
2026-08-25 09:02:54,138 [INFO] [MainThread] [root/api.py:69]: Fetching new weather data at 2026-08-25 09:02:54.138545
Windows fatal exception: code 0x800706f7

Thread 0x000050fc [Thread-5] (most recent call first):
  File "C:\hostedtoolcache\windows\Python\3.14.6\x64\Lib\threading.py", line 369 in wait
  File "C:\hostedtoolcache\windows\Python\3.14.6\x64\Lib\queue.py", line 199 in get
  File "D:\a\yasb\yasb\venv\Lib\site-packages\watchdog\observers\api.py", line 379 in dispatch_events
  File "D:\a\yasb\yasb\venv\Lib\site-packages\watchdog\observers\api.py", line 213 in run
  File "C:\hostedtoolcache\windows\Python\3.14.6\x64\Lib\threading.py", line 1082 in _bootstrap_inner
  File "C:\hostedtoolcache\windows\Python\3.14.6\x64\Lib\threading.py", line 1044 in _bootstrap

Thread 0x000050f8 [Thread-6] (most recent call first):
  File "D:\a\yasb\yasb\venv\Lib\site-packages\watchdog\observers\winapi.py", line 326 in read_directory_changes
  File "D:\a\yasb\yasb\venv\Lib\site-packages\watchdog\observers\winapi.py", line 380 in read_events
  File "D:\a\yasb\yasb\venv\Lib\site-packages\watchdog\observers\read_directory_changes.py", line 67 in _read_events
  File "D:\a\yasb\yasb\venv\Lib\site-packages\watchdog\observers\read_directory_changes.py", line 70 in queue_events
  File "D:\a\yasb\yasb\venv\Lib\site-packages\watchdog\observers\api.py", line 158 in run
  File "C:\hostedtoolcache\windows\Python\3.14.6\x64\Lib\threading.py", line 1082 in _bootstrap_inner
  File "C:\hostedtoolcache\windows\Python\3.14.6\x64\Lib\threading.py", line 1044 in _bootstrap

Thread 0x000050f0 [SystemEventListener] (most recent call first):
  File "D:\a\yasb\yasb\src\core\utils\win32\event_listener.py", line 69 in run

Thread 0x0000536c [WiFiWorker] (most recent call first):
  File "C:\hostedtoolcache\windows\Python\3.14.6\x64\Lib\threading.py", line 373 in wait
  File "C:\hostedtoolcache\windows\Python\3.14.6\x64\Lib\threading.py", line 670 in wait
  File "D:\a\yasb\yasb\src\core\widgets\services\wifi\wifi_managers.py", line 160 in run

Thread 0x00005344 [MemoryWorker] (most recent call first):
  File "C:\hostedtoolcache\windows\Python\3.14.6\x64\Lib\threading.py", line 373 in wait
  File "C:\hostedtoolcache\windows\Python\3.14.6\x64\Lib\threading.py", line 670 in wait
  File "D:\a\yasb\yasb\src\core\widgets\services\memory\memory_api.py", line 247 in run

Thread 0x00005254 [_EventWorker] (most recent call first):
  File "D:\a\yasb\yasb\venv\Lib\site-packages\qasync\_windows.py", line 147 in _poll
  File "D:\a\yasb\yasb\venv\Lib\site-packages\qasync\_windows.py", line 72 in select
  File "D:\a\yasb\yasb\venv\Lib\site-packages\qasync\_windows.py", line 199 in run

Thread 0x00005214 [LogPipeServer] (most recent call first):
  File "D:\a\yasb\yasb\src\core\utils\win32\bindings\kernel32.py", line 291 in ConnectNamedPipe
  File "D:\a\yasb\yasb\src\core\utils\cli_server.py", line 138 in _run_server
  File "C:\hostedtoolcache\windows\Python\3.14.6\x64\Lib\threading.py", line 1024 in run
  File "C:\hostedtoolcache\windows\Python\3.14.6\x64\Lib\threading.py", line 1082 in _bootstrap_inner
  File "C:\hostedtoolcache\windows\Python\3.14.6\x64\Lib\threading.py", line 1044 in _bootstrap

Thread 0x00005204 [CLIPipeServer] (most recent call first):
  File "D:\a\yasb\yasb\src\core\utils\win32\bindings\kernel32.py", line 291 in ConnectNamedPipe
  File "D:\a\yasb\yasb\src\core\utils\cli_server.py", line 235 in _run_server
  File "C:\hostedtoolcache\windows\Python\3.14.6\x64\Lib\threading.py", line 1024 in run
  File "C:\hostedtoolcache\windows\Python\3.14.6\x64\Lib\threading.py", line 1082 in _bootstrap_inner
  File "C:\hostedtoolcache\windows\Python\3.14.6\x64\Lib\threading.py", line 1044 in _bootstrap

Current thread 0x00004650 (most recent call first):
  File "D:\a\yasb\yasb\src\core\widgets\yasb\active_window.py", line 337 in _update_window_title
  File "D:\a\yasb\yasb\src\core\widgets\yasb\active_window.py", line 237 in _on_focus_change_event
  File "D:\a\yasb\yasb\venv\Lib\site-packages\qasync\__init__.py", line 404 in run_forever
  File "D:\a\yasb\yasb\venv\Lib\site-packages\qasync\__init__.py", line 428 in run_until_complete
  File "main.py", line 100 in main
  File "main.py", line 203 in <module>
  File "D:\a\yasb\yasb\venv\Lib\site-packages\freeze_core\initscripts\console.py", line 43 in run
  File "src/freeze_core/initscripts/__startup__.py", line 147 in run
2026-08-25 09:12:54,137 [INFO] [MainThread] [root/api.py:69]: Fetching new weather data at 2026-08-25 09:12:54.137182
2026-08-25 09:22:54,138 [INFO] [MainThread] [root/api.py:69]: Fetching new weather data at 2026-08-25 09:22:54.138043
2026-08-25 09:32:54,130 [INFO] [MainThread] [root/api.py:69]: Fetching new weather data at 2026-08-25 09:32:54.130715
2026-08-25 09:42:54,153 [INFO] [MainThread] [root/api.py:69]: Fetching new weather data at 2026-08-25 09:42:54.153902
2026-08-25 09:52:54,139 [INFO] [MainThread] [root/api.py:69]: Fetching new weather data at 2026-08-25 09:52:54.139827
2026-08-25 10:02:54,291 [INFO] [MainThread] [root/api.py:69]: Fetching new weather data at 2026-08-25 10:02:54.290972
2026-08-25 10:12:54,152 [INFO] [MainThread] [root/api.py:69]: Fetching new weather data at 2026-08-25 10:12:54.152578
2026-08-25 10:22:54,141 [INFO] [MainThread] [root/api.py:69]: Fetching new weather data at 2026-08-25 10:22:54.141165
2026-08-25 10:32:54,146 [INFO] [MainThread] [root/api.py:69]: Fetching new weather data at 2026-08-25 10:32:54.146476
2026-08-25 10:42:54,137 [INFO] [MainThread] [root/api.py:69]: Fetching new weather data at 2026-08-25 10:42:54.137763
2026-08-25 10:52:54,129 [INFO] [MainThread] [root/api.py:69]: Fetching new weather data at 2026-08-25 10:52:54.129297
2026-08-25 11:02:54,141 [INFO] [MainThread] [root/api.py:69]: Fetching new weather data at 2026-08-25 11:02:54.141771
2026-08-25 11:12:54,136 [INFO] [MainThread] [root/api.py:69]: Fetching new weather data at 2026-08-25 11:12:54.136152
2026-08-25 11:22:54,129 [INFO] [MainThread] [root/api.py:69]: Fetching new weather data at 2026-08-25 11:22:54.129025
2026-08-25 11:32:54,311 [INFO] [MainThread] [root/api.py:69]: Fetching new weather data at 2026-08-25 11:32:54.311856
2026-08-25 11:42:54,182 [INFO] [MainThread] [root/api.py:69]: Fetching new weather data at 2026-08-25 11:42:54.182650
2026-08-25 11:52:54,161 [INFO] [MainThread] [root/api.py:69]: Fetching new weather data at 2026-08-25 11:52:54.161668
2026-08-25 12:02:54,151 [INFO] [MainThread] [root/api.py:69]: Fetching new weather data at 2026-08-25 12:02:54.151725
2026-08-25 12:12:54,132 [INFO] [MainThread] [root/api.py:69]: Fetching new weather data at 2026-08-25 12:12:54.132571
2026-08-25 12:22:54,135 [INFO] [MainThread] [root/api.py:69]: Fetching new weather data at 2026-08-25 12:22:54.135035
2026-08-25 12:32:54,140 [INFO] [MainThread] [root/api.py:69]: Fetching new weather data at 2026-08-25 12:32:54.140588
2026-08-25 12:42:54,135 [INFO] [MainThread] [root/api.py:69]: Fetching new weather data at 2026-08-25 12:42:54.135764
2026-08-25 12:52:54,134 [INFO] [MainThread] [root/api.py:69]: Fetching new weather data at 2026-08-25 12:52:54.134676
2026-08-25 12:54:05,032 [INFO] [MainThread] [root/controller.py:43]: Exiting Application...
2026-08-25 12:54:05,135 [INFO] [MainThread] [cli_server/cli_server.py:114]: Log pipe server stopped
2026-08-25 12:54:05,325 [INFO] [MainThread] [root/bar_manager.py:119]: Stopping SystemEventListener...
2026-08-25 19:36:53,044 [INFO] [MainThread] [root/log.py:104]: YASB v2.0.6
2026-08-25 19:36:53,045 [INFO] [CLIPipeServer] [cli_server/cli_server.py:216]: CLI server started v1.1.7
2026-08-25 19:36:53,045 [INFO] [MainThread] [cli_server/cli_server.py:106]: Log pipe server started
2026-08-25 19:36:53,478 [INFO] [MainThread] [root/service.py:52]: AudioOutputService starting...
2026-08-25 19:36:53,721 [INFO] [MainThread] [root/bar_manager.py:103]: Starting SystemEventListener...
2026-08-25 19:36:53,723 [INFO] [MainThread] [root/watcher.py:65]: Watching directory: c:\users\erick\.config\yasb
2026-08-25 19:36:53,723 [INFO] [MainThread] [root/watcher.py:104]: Created file watcher
2026-08-25 19:36:53,794 [INFO] [MainThread] [root/update_service.py:434]: Background update checker started
2026-08-25 19:36:54,166 [INFO] [MainThread] [root/api.py:69]: Fetching new weather data at 2026-08-25 19:36:54.166290
Windows fatal exception: code 0x8001010d

Thread 0x00000bb4 [SystemEventListener] (most recent call first):
  File "D:\a\yasb\yasb\src\core\utils\win32\event_listener.py", line 69 in run

Thread 0x000010d0 [Thread-5] (most recent call first):
  File "C:\hostedtoolcache\windows\Python\3.14.6\x64\Lib\threading.py", line 369 in wait
  File "C:\hostedtoolcache\windows\Python\3.14.6\x64\Lib\queue.py", line 199 in get
  File "D:\a\yasb\yasb\venv\Lib\site-packages\watchdog\observers\api.py", line 379 in dispatch_events
  File "D:\a\yasb\yasb\venv\Lib\site-packages\watchdog\observers\api.py", line 213 in run
  File "C:\hostedtoolcache\windows\Python\3.14.6\x64\Lib\threading.py", line 1082 in _bootstrap_inner
  File "C:\hostedtoolcache\windows\Python\3.14.6\x64\Lib\threading.py", line 1044 in _bootstrap

Thread 0x000010c0 [Thread-6] (most recent call first):
  File "D:\a\yasb\yasb\venv\Lib\site-packages\watchdog\observers\winapi.py", line 326 in read_directory_changes
  File "D:\a\yasb\yasb\venv\Lib\site-packages\watchdog\observers\winapi.py", line 380 in read_events
  File "D:\a\yasb\yasb\venv\Lib\site-packages\watchdog\observers\read_directory_changes.py", line 67 in _read_events
  File "D:\a\yasb\yasb\venv\Lib\site-packages\watchdog\observers\read_directory_changes.py", line 70 in queue_events
  File "D:\a\yasb\yasb\venv\Lib\site-packages\watchdog\observers\api.py", line 158 in run
  File "C:\hostedtoolcache\windows\Python\3.14.6\x64\Lib\threading.py", line 1082 in _bootstrap_inner
  File "C:\hostedtoolcache\windows\Python\3.14.6\x64\Lib\threading.py", line 1044 in _bootstrap

Thread 0x00000718 [WiFiWorker] (most recent call first):
  File "C:\hostedtoolcache\windows\Python\3.14.6\x64\Lib\threading.py", line 373 in wait
  File "C:\hostedtoolcache\windows\Python\3.14.6\x64\Lib\threading.py", line 670 in wait
  File "D:\a\yasb\yasb\src\core\widgets\services\wifi\wifi_managers.py", line 160 in run

Thread 0x000044bc [MemoryWorker] (most recent call first):
  File "C:\hostedtoolcache\windows\Python\3.14.6\x64\Lib\threading.py", line 373 in wait
  File "C:\hostedtoolcache\windows\Python\3.14.6\x64\Lib\threading.py", line 670 in wait
  File "D:\a\yasb\yasb\src\core\widgets\services\memory\memory_api.py", line 247 in run

Thread 0x000019e0 [_EventWorker] (most recent call first):
  File "D:\a\yasb\yasb\venv\Lib\site-packages\qasync\_windows.py", line 147 in _poll
  File "D:\a\yasb\yasb\venv\Lib\site-packages\qasync\_windows.py", line 72 in select
  File "D:\a\yasb\yasb\venv\Lib\site-packages\qasync\_windows.py", line 199 in run

Thread 0x00000e50 [LogPipeServer] (most recent call first):
  File "D:\a\yasb\yasb\src\core\utils\win32\bindings\kernel32.py", line 291 in ConnectNamedPipe
  File "D:\a\yasb\yasb\src\core\utils\cli_server.py", line 138 in _run_server
  File "C:\hostedtoolcache\windows\Python\3.14.6\x64\Lib\threading.py", line 1024 in run
  File "C:\hostedtoolcache\windows\Python\3.14.6\x64\Lib\threading.py", line 1082 in _bootstrap_inner
  File "C:\hostedtoolcache\windows\Python\3.14.6\x64\Lib\threading.py", line 1044 in _bootstrap

Thread 0x00001718 [CLIPipeServer] (most recent call first):
  File "D:\a\yasb\yasb\src\core\utils\win32\bindings\kernel32.py", line 291 in ConnectNamedPipe
  File "D:\a\yasb\yasb\src\core\utils\cli_server.py", line 235 in _run_server
  File "C:\hostedtoolcache\windows\Python\3.14.6\x64\Lib\threading.py", line 1024 in run
  File "C:\hostedtoolcache\windows\Python\3.14.6\x64\Lib\threading.py", line 1082 in _bootstrap_inner
  File "C:\hostedtoolcache\windows\Python\3.14.6\x64\Lib\threading.py", line 1044 in _bootstrap

Current thread 0x000007b8 (most recent call first):
  File "D:\a\yasb\yasb\venv\Lib\site-packages\qasync\__init__.py", line 404 in run_forever
  File "D:\a\yasb\yasb\venv\Lib\site-packages\qasync\__init__.py", line 428 in run_until_complete
  File "main.py", line 100 in main
  File "main.py", line 203 in <module>
  File "D:\a\yasb\yasb\venv\Lib\site-packages\freeze_core\initscripts\console.py", line 43 in run
  File "src/freeze_core/initscripts/__startup__.py", line 147 in run
2026-08-25 19:46:53,619 [INFO] [MainThread] [root/api.py:69]: Fetching new weather data at 2026-08-25 19:46:53.619356
2026-08-25 19:56:53,621 [INFO] [MainThread] [root/api.py:69]: Fetching new weather data at 2026-08-25 19:56:53.621063
2026-08-25 20:06:54,083 [INFO] [MainThread] [root/api.py:69]: Fetching new weather data at 2026-08-25 20:06:54.083063
2026-08-25 20:16:53,653 [INFO] [MainThread] [root/api.py:69]: Fetching new weather data at 2026-08-25 20:16:53.653344
2026-08-25 20:26:53,612 [INFO] [MainThread] [root/api.py:69]: Fetching new weather data at 2026-08-25 20:26:53.612320
2026-08-25 20:36:53,623 [INFO] [MainThread] [root/api.py:69]: Fetching new weather data at 2026-08-25 20:36:53.623609
2026-08-25 20:46:53,727 [INFO] [MainThread] [root/api.py:69]: Fetching new weather data at 2026-08-25 20:46:53.727578
2026-08-25 20:56:53,727 [INFO] [MainThread] [root/api.py:69]: Fetching new weather data at 2026-08-25 20:56:53.727821
2026-08-25 21:06:53,634 [INFO] [MainThread] [root/api.py:69]: Fetching new weather data at 2026-08-25 21:06:53.634171
2026-08-25 21:16:53,621 [INFO] [MainThread] [root/api.py:69]: Fetching new weather data at 2026-08-25 21:16:53.621289
2026-08-25 21:26:53,614 [INFO] [MainThread] [root/api.py:69]: Fetching new weather data at 2026-08-25 21:26:53.614585
2026-08-25 21:36:53,631 [INFO] [MainThread] [root/api.py:69]: Fetching new weather data at 2026-08-25 21:36:53.631707
2026-08-25 21:46:53,617 [INFO] [MainThread] [root/api.py:69]: Fetching new weather data at 2026-08-25 21:46:53.617305
2026-08-25 21:56:53,640 [INFO] [MainThread] [root/api.py:69]: Fetching new weather data at 2026-08-25 21:56:53.640892
2026-08-25 22:06:53,644 [INFO] [MainThread] [root/api.py:69]: Fetching new weather data at 2026-08-25 22:06:53.644580
2026-08-25 22:16:53,640 [INFO] [MainThread] [root/api.py:69]: Fetching new weather data at 2026-08-25 22:16:53.640466
2026-08-25 22:26:53,625 [INFO] [MainThread] [root/api.py:69]: Fetching new weather data at 2026-08-25 22:26:53.625740
2026-08-25 22:36:53,642 [INFO] [MainThread] [root/api.py:69]: Fetching new weather data at 2026-08-25 22:36:53.642792
2026-08-25 22:46:53,626 [INFO] [MainThread] [root/api.py:69]: Fetching new weather data at 2026-08-25 22:46:53.626126
2026-08-25 22:56:53,616 [INFO] [MainThread] [root/api.py:69]: Fetching new weather data at 2026-08-25 22:56:53.616438
2026-08-25 23:06:53,791 [INFO] [MainThread] [root/api.py:69]: Fetching new weather data at 2026-08-25 23:06:53.791076
2026-08-25 23:16:53,624 [INFO] [MainThread] [root/api.py:69]: Fetching new weather data at 2026-08-25 23:16:53.624298
2026-08-25 23:26:53,607 [INFO] [MainThread] [root/api.py:69]: Fetching new weather data at 2026-08-25 23:26:53.607679
2026-08-25 23:28:58,115 [INFO] [MainThread] [root/bar_manager.py:119]: Stopping SystemEventListener...
2026-08-26 09:50:15,498 [INFO] [MainThread] [root/log.py:104]: YASB v2.0.6
2026-08-26 09:50:15,499 [INFO] [CLIPipeServer] [cli_server/cli_server.py:216]: CLI server started v1.1.7
2026-08-26 09:50:15,500 [INFO] [MainThread] [cli_server/cli_server.py:106]: Log pipe server started
2026-08-26 09:50:15,950 [INFO] [MainThread] [root/service.py:52]: AudioOutputService starting...
2026-08-26 09:50:16,162 [INFO] [MainThread] [root/bar_manager.py:103]: Starting SystemEventListener...
2026-08-26 09:50:16,163 [INFO] [MainThread] [root/watcher.py:65]: Watching directory: c:\users\erick\.config\yasb
2026-08-26 09:50:16,164 [INFO] [MainThread] [root/watcher.py:104]: Created file watcher
2026-08-26 09:50:16,231 [INFO] [MainThread] [root/update_service.py:434]: Background update checker started
2026-08-26 09:50:16,595 [INFO] [MainThread] [root/api.py:69]: Fetching new weather data at 2026-08-26 09:50:16.595675
Windows fatal exception: code 0x8001010d

Thread 0x00004bcc [Thread-5] (most recent call first):
  File "C:\hostedtoolcache\windows\Python\3.14.6\x64\Lib\threading.py", line 369 in wait
  File "C:\hostedtoolcache\windows\Python\3.14.6\x64\Lib\queue.py", line 199 in get
  File "D:\a\yasb\yasb\venv\Lib\site-packages\watchdog\observers\api.py", line 379 in dispatch_events
  File "D:\a\yasb\yasb\venv\Lib\site-packages\watchdog\observers\api.py", line 213 in run
  File "C:\hostedtoolcache\windows\Python\3.14.6\x64\Lib\threading.py", line 1082 in _bootstrap_inner
  File "C:\hostedtoolcache\windows\Python\3.14.6\x64\Lib\threading.py", line 1044 in _bootstrap

Thread 0x00004bdc [Thread-6] (most recent call first):
  File "D:\a\yasb\yasb\venv\Lib\site-packages\watchdog\observers\winapi.py", line 326 in read_directory_changes
  File "D:\a\yasb\yasb\venv\Lib\site-packages\watchdog\observers\winapi.py", line 380 in read_events
  File "D:\a\yasb\yasb\venv\Lib\site-packages\watchdog\observers\read_directory_changes.py", line 67 in _read_events
  File "D:\a\yasb\yasb\venv\Lib\site-packages\watchdog\observers\read_directory_changes.py", line 70 in queue_events
  File "D:\a\yasb\yasb\venv\Lib\site-packages\watchdog\observers\api.py", line 158 in run
  File "C:\hostedtoolcache\windows\Python\3.14.6\x64\Lib\threading.py", line 1082 in _bootstrap_inner
  File "C:\hostedtoolcache\windows\Python\3.14.6\x64\Lib\threading.py", line 1044 in _bootstrap

Thread 0x00004b90 [SystemEventListener] (most recent call first):
  File "D:\a\yasb\yasb\src\core\utils\win32\event_listener.py", line 69 in run

Thread 0x00004a80 [WiFiWorker] (most recent call first):
  File "C:\hostedtoolcache\windows\Python\3.14.6\x64\Lib\threading.py", line 373 in wait
  File "C:\hostedtoolcache\windows\Python\3.14.6\x64\Lib\threading.py", line 670 in wait
  File "D:\a\yasb\yasb\src\core\widgets\services\wifi\wifi_managers.py", line 160 in run

Thread 0x00004a10 [MemoryWorker] (most recent call first):
  File "C:\hostedtoolcache\windows\Python\3.14.6\x64\Lib\threading.py", line 373 in wait
  File "C:\hostedtoolcache\windows\Python\3.14.6\x64\Lib\threading.py", line 670 in wait
  File "D:\a\yasb\yasb\src\core\widgets\services\memory\memory_api.py", line 247 in run

Thread 0x00004808 [_EventWorker] (most recent call first):
  File "D:\a\yasb\yasb\venv\Lib\site-packages\qasync\_windows.py", line 147 in _poll
  File "D:\a\yasb\yasb\venv\Lib\site-packages\qasync\_windows.py", line 72 in select
  File "D:\a\yasb\yasb\venv\Lib\site-packages\qasync\_windows.py", line 199 in run

Thread 0x00004bf0 [LogPipeServer] (most recent call first):
  File "D:\a\yasb\yasb\src\core\utils\win32\bindings\kernel32.py", line 291 in ConnectNamedPipe
  File "D:\a\yasb\yasb\src\core\utils\cli_server.py", line 138 in _run_server
  File "C:\hostedtoolcache\windows\Python\3.14.6\x64\Lib\threading.py", line 1024 in run
  File "C:\hostedtoolcache\windows\Python\3.14.6\x64\Lib\threading.py", line 1082 in _bootstrap_inner
  File "C:\hostedtoolcache\windows\Python\3.14.6\x64\Lib\threading.py", line 1044 in _bootstrap

Thread 0x00004be8 [CLIPipeServer] (most recent call first):
  File "D:\a\yasb\yasb\src\core\utils\win32\bindings\kernel32.py", line 291 in ConnectNamedPipe
  File "D:\a\yasb\yasb\src\core\utils\cli_server.py", line 235 in _run_server
  File "C:\hostedtoolcache\windows\Python\3.14.6\x64\Lib\threading.py", line 1024 in run
  File "C:\hostedtoolcache\windows\Python\3.14.6\x64\Lib\threading.py", line 1082 in _bootstrap_inner
  File "C:\hostedtoolcache\windows\Python\3.14.6\x64\Lib\threading.py", line 1044 in _bootstrap

Current thread 0x000048f0 (most recent call first):
  File "D:\a\yasb\yasb\venv\Lib\site-packages\qasync\__init__.py", line 404 in run_forever
  File "D:\a\yasb\yasb\venv\Lib\site-packages\qasync\__init__.py", line 428 in run_until_complete
  File "main.py", line 100 in main
  File "main.py", line 203 in <module>
  File "D:\a\yasb\yasb\venv\Lib\site-packages\freeze_core\initscripts\console.py", line 43 in run
  File "src/freeze_core/initscripts/__startup__.py", line 147 in run
2026-08-26 10:00:16,127 [INFO] [MainThread] [root/api.py:69]: Fetching new weather data at 2026-08-26 10:00:16.119841
2026-08-26 10:10:16,102 [INFO] [MainThread] [root/api.py:69]: Fetching new weather data at 2026-08-26 10:10:16.102792
2026-08-26 10:20:16,090 [INFO] [MainThread] [root/api.py:69]: Fetching new weather data at 2026-08-26 10:20:16.090314
2026-08-26 10:30:16,090 [INFO] [MainThread] [root/api.py:69]: Fetching new weather data at 2026-08-26 10:30:16.090703
2026-08-26 10:40:16,127 [INFO] [MainThread] [root/api.py:69]: Fetching new weather data at 2026-08-26 10:40:16.127218
2026-08-26 10:50:16,095 [INFO] [MainThread] [root/api.py:69]: Fetching new weather data at 2026-08-26 10:50:16.095431
2026-08-26 11:00:16,087 [INFO] [MainThread] [root/api.py:69]: Fetching new weather data at 2026-08-26 11:00:16.087771
2026-08-26 11:10:16,085 [INFO] [MainThread] [root/api.py:69]: Fetching new weather data at 2026-08-26 11:10:16.085558
2026-08-26 11:20:16,087 [INFO] [MainThread] [root/api.py:69]: Fetching new weather data at 2026-08-26 11:20:16.087720
2026-08-26 11:30:16,097 [INFO] [MainThread] [root/api.py:69]: Fetching new weather data at 2026-08-26 11:30:16.097867
2026-08-26 11:40:16,083 [INFO] [MainThread] [root/api.py:69]: Fetching new weather data at 2026-08-26 11:40:16.082962
2026-08-26 11:50:16,094 [INFO] [MainThread] [root/api.py:69]: Fetching new weather data at 2026-08-26 11:50:16.094018
2026-08-26 12:00:16,094 [INFO] [MainThread] [root/api.py:69]: Fetching new weather data at 2026-08-26 12:00:16.094915
2026-08-26 12:10:16,099 [INFO] [MainThread] [root/api.py:69]: Fetching new weather data at 2026-08-26 12:10:16.099074
2026-08-26 12:20:16,088 [INFO] [MainThread] [root/api.py:69]: Fetching new weather data at 2026-08-26 12:20:16.088699
2026-08-26 12:30:16,096 [INFO] [MainThread] [root/api.py:69]: Fetching new weather data at 2026-08-26 12:30:16.096334
2026-08-26 12:40:16,092 [INFO] [MainThread] [root/api.py:69]: Fetching new weather data at 2026-08-26 12:40:16.092087
2026-08-26 12:50:16,079 [INFO] [MainThread] [root/api.py:69]: Fetching new weather data at 2026-08-26 12:50:16.079754
2026-08-26 13:00:16,119 [INFO] [MainThread] [root/api.py:69]: Fetching new weather data at 2026-08-26 13:00:16.118992
2026-08-26 13:10:16,217 [INFO] [MainThread] [root/api.py:69]: Fetching new weather data at 2026-08-26 13:10:16.217193
2026-08-26 13:20:16,128 [INFO] [MainThread] [root/api.py:69]: Fetching new weather data at 2026-08-26 13:20:16.128897
2026-08-26 13:27:16,119 [INFO] [MainThread] [root/bar_helper.py:594]: AppBarManager need to re-register 2 bars
2026-08-26 13:27:16,501 [INFO] [MainThread] [root/bar_helper.py:603]: Re-registered AppBar for primary-bar_24G50F_2b02415f (space reservation + fullscreen)
2026-08-26 13:27:16,700 [INFO] [MainThread] [root/bar_helper.py:603]: Re-registered AppBar for primary-bar_BenQ RL2755_a74f6cd5 (space reservation + fullscreen)
2026-08-26 13:30:16,098 [INFO] [MainThread] [root/api.py:69]: Fetching new weather data at 2026-08-26 13:30:16.098760
2026-08-26 13:40:16,092 [INFO] [MainThread] [root/api.py:69]: Fetching new weather data at 2026-08-26 13:40:16.092071
2026-08-26 13:50:16,099 [INFO] [MainThread] [root/api.py:69]: Fetching new weather data at 2026-08-26 13:50:16.099736
2026-08-26 14:00:16,099 [INFO] [MainThread] [root/api.py:69]: Fetching new weather data at 2026-08-26 14:00:16.099536
2026-08-26 14:10:16,283 [INFO] [MainThread] [root/api.py:69]: Fetching new weather data at 2026-08-26 14:10:16.283073
2026-08-26 14:20:16,083 [INFO] [MainThread] [root/api.py:69]: Fetching new weather data at 2026-08-26 14:20:16.083352
2026-08-26 14:30:16,101 [INFO] [MainThread] [root/api.py:69]: Fetching new weather data at 2026-08-26 14:30:16.101378
2026-08-26 14:40:16,088 [INFO] [MainThread] [root/api.py:69]: Fetching new weather data at 2026-08-26 14:40:16.088305
2026-08-26 14:50:16,084 [INFO] [MainThread] [root/api.py:69]: Fetching new weather data at 2026-08-26 14:50:16.084907
2026-08-26 15:00:16,157 [INFO] [MainThread] [root/api.py:69]: Fetching new weather data at 2026-08-26 15:00:16.157074
2026-08-26 15:10:16,224 [INFO] [MainThread] [root/api.py:69]: Fetching new weather data at 2026-08-26 15:10:16.223964
2026-08-26 15:20:16,116 [INFO] [MainThread] [root/api.py:69]: Fetching new weather data at 2026-08-26 15:20:16.116237
2026-08-26 15:30:16,094 [INFO] [MainThread] [root/api.py:69]: Fetching new weather data at 2026-08-26 15:30:16.094249
2026-08-26 15:40:16,083 [INFO] [MainThread] [root/api.py:69]: Fetching new weather data at 2026-08-26 15:40:16.083805
2026-08-26 15:50:16,130 [INFO] [MainThread] [root/api.py:69]: Fetching new weather data at 2026-08-26 15:50:16.123532
2026-08-26 16:00:16,125 [INFO] [MainThread] [root/api.py:69]: Fetching new weather data at 2026-08-26 16:00:16.119701
2026-08-26 16:10:16,201 [INFO] [MainThread] [root/api.py:69]: Fetching new weather data at 2026-08-26 16:10:16.182409
2026-08-26 16:20:16,260 [INFO] [MainThread] [root/api.py:69]: Fetching new weather data at 2026-08-26 16:20:16.249558
2026-08-26 16:30:16,097 [INFO] [MainThread] [root/api.py:69]: Fetching new weather data at 2026-08-26 16:30:16.091379
2026-08-26 16:40:16,084 [INFO] [MainThread] [root/api.py:69]: Fetching new weather data at 2026-08-26 16:40:16.084309
2026-08-26 16:50:16,120 [INFO] [MainThread] [root/api.py:69]: Fetching new weather data at 2026-08-26 16:50:16.112330
2026-08-26 17:00:16,433 [INFO] [MainThread] [root/api.py:69]: Fetching new weather data at 2026-08-26 17:00:16.422876
2026-08-26 17:10:16,107 [INFO] [MainThread] [root/api.py:69]: Fetching new weather data at 2026-08-26 17:10:16.100801
2026-08-26 17:20:16,095 [INFO] [MainThread] [root/api.py:69]: Fetching new weather data at 2026-08-26 17:20:16.095874
2026-08-26 17:30:16,115 [INFO] [MainThread] [root/api.py:69]: Fetching new weather data at 2026-08-26 17:30:16.115286
2026-08-26 17:40:16,081 [INFO] [MainThread] [root/api.py:69]: Fetching new weather data at 2026-08-26 17:40:16.081375
2026-08-26 17:50:16,073 [INFO] [MainThread] [root/api.py:69]: Fetching new weather data at 2026-08-26 17:50:16.073939
2026-08-26 18:00:16,125 [INFO] [MainThread] [root/api.py:69]: Fetching new weather data at 2026-08-26 18:00:16.125562
2026-08-26 18:10:16,080 [INFO] [MainThread] [root/api.py:69]: Fetching new weather data at 2026-08-26 18:10:16.080832
2026-08-26 18:20:16,113 [INFO] [MainThread] [root/api.py:69]: Fetching new weather data at 2026-08-26 18:20:16.113657
2026-08-26 18:30:16,094 [INFO] [MainThread] [root/api.py:69]: Fetching new weather data at 2026-08-26 18:30:16.094072
2026-08-26 18:40:16,084 [INFO] [MainThread] [root/api.py:69]: Fetching new weather data at 2026-08-26 18:40:16.084494
2026-08-26 18:50:16,131 [INFO] [MainThread] [root/api.py:69]: Fetching new weather data at 2026-08-26 18:50:16.131490
2026-08-26 19:00:16,083 [INFO] [MainThread] [root/api.py:69]: Fetching new weather data at 2026-08-26 19:00:16.083476
2026-08-26 19:10:16,080 [INFO] [MainThread] [root/api.py:69]: Fetching new weather data at 2026-08-26 19:10:16.080700
2026-08-26 19:20:16,300 [INFO] [MainThread] [root/api.py:69]: Fetching new weather data at 2026-08-26 19:20:16.300358
2026-08-26 19:30:20,820 [INFO] [MainThread] [root/api.py:69]: Fetching new weather data at 2026-08-26 19:30:20.820099
2026-08-26 19:40:20,824 [INFO] [MainThread] [root/api.py:69]: Fetching new weather data at 2026-08-26 19:40:20.824135
2026-08-26 19:50:20,818 [INFO] [MainThread] [root/api.py:69]: Fetching new weather data at 2026-08-26 19:50:20.818299
2026-08-26 20:00:20,809 [INFO] [MainThread] [root/api.py:69]: Fetching new weather data at 2026-08-26 20:00:20.809625
2026-08-26 20:10:20,969 [INFO] [MainThread] [root/api.py:69]: Fetching new weather data at 2026-08-26 20:10:20.969471
2026-08-26 20:20:20,816 [INFO] [MainThread] [root/api.py:69]: Fetching new weather data at 2026-08-26 20:20:20.816797
2026-08-26 20:30:20,830 [INFO] [MainThread] [root/api.py:69]: Fetching new weather data at 2026-08-26 20:30:20.830241
2026-08-26 20:40:20,824 [INFO] [MainThread] [root/api.py:69]: Fetching new weather data at 2026-08-26 20:40:20.824378
2026-08-26 20:43:56,233 [INFO] [MainThread] [root/controller.py:43]: Exiting Application...
2026-08-26 20:43:56,338 [INFO] [MainThread] [cli_server/cli_server.py:114]: Log pipe server stopped
2026-08-26 20:43:56,579 [INFO] [MainThread] [root/bar_manager.py:119]: Stopping SystemEventListener...
2026-08-27 01:03:36,993 [INFO] [MainThread] [root/log.py:104]: YASB v2.0.6
2026-08-27 01:03:36,994 [INFO] [CLIPipeServer] [cli_server/cli_server.py:216]: CLI server started v1.1.7
2026-08-27 01:03:36,995 [INFO] [MainThread] [cli_server/cli_server.py:106]: Log pipe server started
2026-08-27 01:03:37,414 [INFO] [MainThread] [root/service.py:52]: AudioOutputService starting...
2026-08-27 01:03:37,624 [INFO] [MainThread] [root/bar_manager.py:103]: Starting SystemEventListener...
2026-08-27 01:03:37,625 [INFO] [MainThread] [root/watcher.py:65]: Watching directory: c:\users\erick\.config\yasb
2026-08-27 01:03:37,626 [INFO] [MainThread] [root/watcher.py:104]: Created file watcher
2026-08-27 01:03:37,695 [INFO] [MainThread] [root/update_service.py:434]: Background update checker started
2026-08-27 01:03:38,077 [INFO] [MainThread] [root/api.py:69]: Fetching new weather data at 2026-08-27 01:03:38.077167
Windows fatal exception: code 0x8001010d

Thread 0x00001cb0 [Thread-5] (most recent call first):
  File "C:\hostedtoolcache\windows\Python\3.14.6\x64\Lib\threading.py", line 369 in wait
  File "C:\hostedtoolcache\windows\Python\3.14.6\x64\Lib\queue.py", line 199 in get
  File "D:\a\yasb\yasb\venv\Lib\site-packages\watchdog\observers\api.py", line 379 in dispatch_events
  File "D:\a\yasb\yasb\venv\Lib\site-packages\watchdog\observers\api.py", line 213 in run
  File "C:\hostedtoolcache\windows\Python\3.14.6\x64\Lib\threading.py", line 1082 in _bootstrap_inner
  File "C:\hostedtoolcache\windows\Python\3.14.6\x64\Lib\threading.py", line 1044 in _bootstrap

Thread 0x00001d88 [Thread-6] (most recent call first):
  File "D:\a\yasb\yasb\venv\Lib\site-packages\watchdog\observers\winapi.py", line 326 in read_directory_changes
  File "D:\a\yasb\yasb\venv\Lib\site-packages\watchdog\observers\winapi.py", line 380 in read_events
  File "D:\a\yasb\yasb\venv\Lib\site-packages\watchdog\observers\read_directory_changes.py", line 67 in _read_events
  File "D:\a\yasb\yasb\venv\Lib\site-packages\watchdog\observers\read_directory_changes.py", line 70 in queue_events
  File "D:\a\yasb\yasb\venv\Lib\site-packages\watchdog\observers\api.py", line 158 in run
  File "C:\hostedtoolcache\windows\Python\3.14.6\x64\Lib\threading.py", line 1082 in _bootstrap_inner
  File "C:\hostedtoolcache\windows\Python\3.14.6\x64\Lib\threading.py", line 1044 in _bootstrap

Thread 0x00001dac [SystemEventListener] (most recent call first):
  File "D:\a\yasb\yasb\src\core\utils\win32\event_listener.py", line 69 in run

Thread 0x00001120 [WiFiWorker] (most recent call first):
  File "C:\hostedtoolcache\windows\Python\3.14.6\x64\Lib\threading.py", line 373 in wait
  File "C:\hostedtoolcache\windows\Python\3.14.6\x64\Lib\threading.py", line 670 in wait
  File "D:\a\yasb\yasb\src\core\widgets\services\wifi\wifi_managers.py", line 160 in run

Thread 0x000049f4 [MemoryWorker] (most recent call first):
  File "C:\hostedtoolcache\windows\Python\3.14.6\x64\Lib\threading.py", line 373 in wait
  File "C:\hostedtoolcache\windows\Python\3.14.6\x64\Lib\threading.py", line 670 in wait
  File "D:\a\yasb\yasb\src\core\widgets\services\memory\memory_api.py", line 247 in run

Thread 0x00001e14 [_EventWorker] (most recent call first):
  File "D:\a\yasb\yasb\venv\Lib\site-packages\qasync\_windows.py", line 147 in _poll
  File "D:\a\yasb\yasb\venv\Lib\site-packages\qasync\_windows.py", line 72 in select
  File "D:\a\yasb\yasb\venv\Lib\site-packages\qasync\_windows.py", line 199 in run

Thread 0x00002ec8 [LogPipeServer] (most recent call first):
  File "D:\a\yasb\yasb\src\core\utils\win32\bindings\kernel32.py", line 291 in ConnectNamedPipe
  File "D:\a\yasb\yasb\src\core\utils\cli_server.py", line 138 in _run_server
  File "C:\hostedtoolcache\windows\Python\3.14.6\x64\Lib\threading.py", line 1024 in run
  File "C:\hostedtoolcache\windows\Python\3.14.6\x64\Lib\threading.py", line 1082 in _bootstrap_inner
  File "C:\hostedtoolcache\windows\Python\3.14.6\x64\Lib\threading.py", line 1044 in _bootstrap

Thread 0x00002ec0 [CLIPipeServer] (most recent call first):
  File "D:\a\yasb\yasb\src\core\utils\win32\bindings\kernel32.py", line 291 in ConnectNamedPipe
  File "D:\a\yasb\yasb\src\core\utils\cli_server.py", line 235 in _run_server
  File "C:\hostedtoolcache\windows\Python\3.14.6\x64\Lib\threading.py", line 1024 in run
  File "C:\hostedtoolcache\windows\Python\3.14.6\x64\Lib\threading.py", line 1082 in _bootstrap_inner
  File "C:\hostedtoolcache\windows\Python\3.14.6\x64\Lib\threading.py", line 1044 in _bootstrap

Current thread 0x00003560 (most recent call first):
  File "D:\a\yasb\yasb\venv\Lib\site-packages\qasync\__init__.py", line 404 in run_forever
  File "D:\a\yasb\yasb\venv\Lib\site-packages\qasync\__init__.py", line 428 in run_until_complete
  File "main.py", line 100 in main
  File "main.py", line 203 in <module>
  File "D:\a\yasb\yasb\venv\Lib\site-packages\freeze_core\initscripts\console.py", line 43 in run
  File "src/freeze_core/initscripts/__startup__.py", line 147 in run
2026-08-27 01:13:37,571 [INFO] [MainThread] [root/api.py:69]: Fetching new weather data at 2026-08-27 01:13:37.571606
2026-08-27 01:23:37,572 [INFO] [MainThread] [root/api.py:69]: Fetching new weather data at 2026-08-27 01:23:37.572212
2026-08-27 01:33:37,566 [INFO] [MainThread] [root/api.py:69]: Fetching new weather data at 2026-08-27 01:33:37.566118
2026-08-27 01:43:37,638 [INFO] [MainThread] [root/api.py:69]: Fetching new weather data at 2026-08-27 01:43:37.638726
2026-08-27 01:53:37,562 [INFO] [MainThread] [root/api.py:69]: Fetching new weather data at 2026-08-27 01:53:37.562289
2026-08-27 02:03:37,610 [INFO] [MainThread] [root/api.py:69]: Fetching new weather data at 2026-08-27 02:03:37.610047
2026-08-27 02:13:37,576 [INFO] [MainThread] [root/api.py:69]: Fetching new weather data at 2026-08-27 02:13:37.576180
2026-08-27 02:23:37,573 [INFO] [MainThread] [root/api.py:69]: Fetching new weather data at 2026-08-27 02:23:37.573080
2026-08-27 02:33:37,562 [INFO] [MainThread] [root/api.py:69]: Fetching new weather data at 2026-08-27 02:33:37.562313
2026-08-27 02:43:37,572 [INFO] [MainThread] [root/api.py:69]: Fetching new weather data at 2026-08-27 02:43:37.572469
2026-08-27 02:53:37,561 [INFO] [MainThread] [root/api.py:69]: Fetching new weather data at 2026-08-27 02:53:37.561024
2026-08-27 03:03:37,572 [INFO] [MainThread] [root/api.py:69]: Fetching new weather data at 2026-08-27 03:03:37.572499
2026-08-27 03:13:37,746 [INFO] [MainThread] [root/api.py:69]: Fetching new weather data at 2026-08-27 03:13:37.746014
2026-08-27 03:23:37,554 [INFO] [MainThread] [root/api.py:69]: Fetching new weather data at 2026-08-27 03:23:37.554184
2026-08-27 03:33:37,567 [INFO] [MainThread] [root/api.py:69]: Fetching new weather data at 2026-08-27 03:33:37.567617
2026-08-27 03:43:37,571 [INFO] [MainThread] [root/api.py:69]: Fetching new weather data at 2026-08-27 03:43:37.571318
2026-08-27 03:53:37,560 [INFO] [MainThread] [root/api.py:69]: Fetching new weather data at 2026-08-27 03:53:37.560148
2026-08-27 04:03:37,567 [INFO] [MainThread] [root/api.py:69]: Fetching new weather data at 2026-08-27 04:03:37.567755
2026-08-27 04:13:37,569 [INFO] [MainThread] [root/api.py:69]: Fetching new weather data at 2026-08-27 04:13:37.569909
2026-08-27 04:23:37,556 [INFO] [MainThread] [root/api.py:69]: Fetching new weather data at 2026-08-27 04:23:37.556161
2026-08-27 04:33:37,573 [INFO] [MainThread] [root/api.py:69]: Fetching new weather data at 2026-08-27 04:33:37.573353
2026-08-27 04:43:37,561 [INFO] [MainThread] [root/api.py:69]: Fetching new weather data at 2026-08-27 04:43:37.561743
2026-08-27 04:53:37,569 [INFO] [MainThread] [root/api.py:69]: Fetching new weather data at 2026-08-27 04:53:37.569802
2026-08-27 05:03:37,569 [INFO] [MainThread] [root/api.py:69]: Fetching new weather data at 2026-08-27 05:03:37.569683
2026-08-27 05:13:37,564 [INFO] [MainThread] [root/api.py:69]: Fetching new weather data at 2026-08-27 05:13:37.564024
2026-08-27 05:23:37,578 [INFO] [MainThread] [root/api.py:69]: Fetching new weather data at 2026-08-27 05:23:37.578094
2026-08-27 05:33:37,577 [INFO] [MainThread] [root/api.py:69]: Fetching new weather data at 2026-08-27 05:33:37.577000
2026-08-27 05:43:37,611 [INFO] [MainThread] [root/api.py:69]: Fetching new weather data at 2026-08-27 05:43:37.611372
2026-08-27 05:53:37,612 [INFO] [MainThread] [root/api.py:69]: Fetching new weather data at 2026-08-27 05:53:37.612774
2026-08-27 06:03:37,564 [INFO] [MainThread] [root/api.py:69]: Fetching new weather data at 2026-08-27 06:03:37.564547
2026-08-27 06:13:37,561 [INFO] [MainThread] [root/api.py:69]: Fetching new weather data at 2026-08-27 06:13:37.561010
2026-08-27 06:23:37,580 [INFO] [MainThread] [root/api.py:69]: Fetching new weather data at 2026-08-27 06:23:37.580378
2026-08-27 06:33:37,575 [INFO] [MainThread] [root/api.py:69]: Fetching new weather data at 2026-08-27 06:33:37.574971
2026-08-27 06:43:37,562 [INFO] [MainThread] [root/api.py:69]: Fetching new weather data at 2026-08-27 06:43:37.562227
2026-08-27 06:53:37,562 [INFO] [MainThread] [root/api.py:69]: Fetching new weather data at 2026-08-27 06:53:37.562168
2026-08-27 07:03:37,573 [INFO] [MainThread] [root/api.py:69]: Fetching new weather data at 2026-08-27 07:03:37.573841
2026-08-27 07:13:37,569 [INFO] [MainThread] [root/api.py:69]: Fetching new weather data at 2026-08-27 07:13:37.569566
2026-08-27 07:23:37,563 [INFO] [MainThread] [root/api.py:69]: Fetching new weather data at 2026-08-27 07:23:37.563633
2026-08-27 07:33:37,560 [INFO] [MainThread] [root/api.py:69]: Fetching new weather data at 2026-08-27 07:33:37.560545
2026-08-27 07:43:37,575 [INFO] [MainThread] [root/api.py:69]: Fetching new weather data at 2026-08-27 07:43:37.575731
2026-08-27 07:53:37,561 [INFO] [MainThread] [root/api.py:69]: Fetching new weather data at 2026-08-27 07:53:37.561490
2026-08-27 08:03:37,569 [INFO] [MainThread] [root/api.py:69]: Fetching new weather data at 2026-08-27 08:03:37.569675
2026-08-27 08:13:37,578 [INFO] [MainThread] [root/api.py:69]: Fetching new weather data at 2026-08-27 08:13:37.578864
2026-08-27 08:23:38,140 [INFO] [MainThread] [root/api.py:69]: Fetching new weather data at 2026-08-27 08:23:38.140024
2026-08-27 08:33:37,602 [INFO] [MainThread] [root/api.py:69]: Fetching new weather data at 2026-08-27 08:33:37.602390
2026-08-27 08:43:37,567 [INFO] [MainThread] [root/api.py:69]: Fetching new weather data at 2026-08-27 08:43:37.567431
2026-08-27 08:53:37,573 [INFO] [MainThread] [root/api.py:69]: Fetching new weather data at 2026-08-27 08:53:37.573080
2026-08-27 09:03:37,601 [INFO] [MainThread] [root/api.py:69]: Fetching new weather data at 2026-08-27 09:03:37.601806
2026-08-27 09:13:37,766 [INFO] [MainThread] [root/api.py:69]: Fetching new weather data at 2026-08-27 09:13:37.766786
2026-08-27 09:23:37,717 [INFO] [MainThread] [root/api.py:69]: Fetching new weather data at 2026-08-27 09:23:37.717117
2026-08-27 09:33:37,565 [INFO] [MainThread] [root/api.py:69]: Fetching new weather data at 2026-08-27 09:33:37.565131
2026-08-27 09:43:37,567 [INFO] [MainThread] [root/api.py:69]: Fetching new weather data at 2026-08-27 09:43:37.567340
2026-08-27 09:53:38,540 [INFO] [MainThread] [root/api.py:69]: Fetching new weather data at 2026-08-27 09:53:38.540833
2026-08-27 10:03:37,565 [INFO] [MainThread] [root/api.py:69]: Fetching new weather data at 2026-08-27 10:03:37.565502
2026-08-27 10:13:37,570 [INFO] [MainThread] [root/api.py:69]: Fetching new weather data at 2026-08-27 10:13:37.570376
2026-08-27 10:23:37,568 [INFO] [MainThread] [root/api.py:69]: Fetching new weather data at 2026-08-27 10:23:37.568802
2026-08-27 10:33:37,561 [INFO] [MainThread] [root/api.py:69]: Fetching new weather data at 2026-08-27 10:33:37.561287
2026-08-27 10:43:37,734 [INFO] [MainThread] [root/api.py:69]: Fetching new weather data at 2026-08-27 10:43:37.734935
2026-08-27 10:53:37,590 [INFO] [MainThread] [root/api.py:69]: Fetching new weather data at 2026-08-27 10:53:37.590739
2026-08-27 11:03:37,560 [INFO] [MainThread] [root/api.py:69]: Fetching new weather data at 2026-08-27 11:03:37.560017
2026-08-27 11:13:37,568 [INFO] [MainThread] [root/api.py:69]: Fetching new weather data at 2026-08-27 11:13:37.568702
2026-08-27 11:23:37,571 [INFO] [MainThread] [root/api.py:69]: Fetching new weather data at 2026-08-27 11:23:37.571143
2026-08-27 11:33:37,573 [INFO] [MainThread] [root/api.py:69]: Fetching new weather data at 2026-08-27 11:33:37.573577
2026-08-27 11:43:37,575 [INFO] [MainThread] [root/api.py:69]: Fetching new weather data at 2026-08-27 11:43:37.575575
2026-08-27 11:53:37,564 [INFO] [MainThread] [root/api.py:69]: Fetching new weather data at 2026-08-27 11:53:37.564805
2026-08-27 12:03:37,571 [INFO] [MainThread] [root/api.py:69]: Fetching new weather data at 2026-08-27 12:03:37.571506
2026-08-27 12:13:37,609 [INFO] [MainThread] [root/api.py:69]: Fetching new weather data at 2026-08-27 12:13:37.609691
2026-08-27 12:23:37,574 [INFO] [MainThread] [root/api.py:69]: Fetching new weather data at 2026-08-27 12:23:37.574281
2026-08-27 12:33:37,609 [INFO] [MainThread] [root/api.py:69]: Fetching new weather data at 2026-08-27 12:33:37.609230
2026-08-27 12:43:37,765 [INFO] [MainThread] [root/api.py:69]: Fetching new weather data at 2026-08-27 12:43:37.765667
2026-08-27 12:53:37,564 [INFO] [MainThread] [root/api.py:69]: Fetching new weather data at 2026-08-27 12:53:37.564628
2026-08-27 13:03:37,601 [INFO] [MainThread] [root/api.py:69]: Fetching new weather data at 2026-08-27 13:03:37.601130
2026-08-27 13:13:37,571 [INFO] [MainThread] [root/api.py:69]: Fetching new weather data at 2026-08-27 13:13:37.571057
2026-08-27 13:23:37,631 [INFO] [MainThread] [root/api.py:69]: Fetching new weather data at 2026-08-27 13:23:37.631671
2026-08-27 13:33:37,588 [INFO] [MainThread] [root/api.py:69]: Fetching new weather data at 2026-08-27 13:33:37.588774
2026-08-27 13:43:37,571 [INFO] [MainThread] [root/api.py:69]: Fetching new weather data at 2026-08-27 13:43:37.569437
2026-08-27 13:53:37,572 [INFO] [MainThread] [root/api.py:69]: Fetching new weather data at 2026-08-27 13:53:37.572223
2026-08-27 14:03:37,598 [INFO] [MainThread] [root/api.py:69]: Fetching new weather data at 2026-08-27 14:03:37.598562
2026-08-27 14:13:37,579 [INFO] [MainThread] [root/api.py:69]: Fetching new weather data at 2026-08-27 14:13:37.579132
2026-08-27 14:23:37,765 [INFO] [MainThread] [root/api.py:69]: Fetching new weather data at 2026-08-27 14:23:37.753932
2026-08-27 14:33:37,623 [INFO] [MainThread] [root/api.py:69]: Fetching new weather data at 2026-08-27 14:33:37.623750
2026-08-27 14:43:37,585 [INFO] [MainThread] [root/api.py:69]: Fetching new weather data at 2026-08-27 14:43:37.585941
2026-08-27 14:53:37,589 [INFO] [MainThread] [root/api.py:69]: Fetching new weather data at 2026-08-27 14:53:37.589812
2026-08-27 15:03:37,571 [INFO] [MainThread] [root/api.py:69]: Fetching new weather data at 2026-08-27 15:03:37.571504
2026-08-27 15:13:37,704 [INFO] [MainThread] [root/api.py:69]: Fetching new weather data at 2026-08-27 15:13:37.704127
2026-08-27 15:23:37,573 [INFO] [MainThread] [root/api.py:69]: Fetching new weather data at 2026-08-27 15:23:37.573534
2026-08-27 15:33:37,788 [INFO] [MainThread] [root/api.py:69]: Fetching new weather data at 2026-08-27 15:33:37.788597
2026-08-27 15:43:37,586 [INFO] [MainThread] [root/api.py:69]: Fetching new weather data at 2026-08-27 15:43:37.586354
2026-08-27 15:53:37,582 [INFO] [MainThread] [root/api.py:69]: Fetching new weather data at 2026-08-27 15:53:37.582749
2026-08-27 16:03:37,583 [INFO] [MainThread] [root/api.py:69]: Fetching new weather data at 2026-08-27 16:03:37.582958
2026-08-27 16:13:37,585 [INFO] [MainThread] [root/api.py:69]: Fetching new weather data at 2026-08-27 16:13:37.585080
2026-08-27 16:23:37,572 [INFO] [MainThread] [root/api.py:69]: Fetching new weather data at 2026-08-27 16:23:37.572847
2026-08-27 16:33:37,573 [INFO] [MainThread] [root/api.py:69]: Fetching new weather data at 2026-08-27 16:33:37.573812
2026-08-27 16:43:37,819 [INFO] [MainThread] [root/api.py:69]: Fetching new weather data at 2026-08-27 16:43:37.819511
2026-08-27 17:04:09,287 [INFO] [MainThread] [root/log.py:104]: YASB v2.0.6
2026-08-27 17:04:09,288 [INFO] [CLIPipeServer] [cli_server/cli_server.py:216]: CLI server started v1.1.7
2026-08-27 17:04:09,289 [INFO] [MainThread] [cli_server/cli_server.py:106]: Log pipe server started
2026-08-27 17:04:09,709 [INFO] [MainThread] [root/service.py:52]: AudioOutputService starting...
2026-08-27 17:04:09,961 [INFO] [MainThread] [root/bar_manager.py:103]: Starting SystemEventListener...
2026-08-27 17:04:09,962 [INFO] [MainThread] [root/watcher.py:65]: Watching directory: c:\users\erick\.config\yasb
2026-08-27 17:04:09,962 [INFO] [MainThread] [root/watcher.py:104]: Created file watcher
2026-08-27 17:04:10,038 [INFO] [MainThread] [root/update_service.py:434]: Background update checker started
2026-08-27 17:04:10,387 [INFO] [MainThread] [root/api.py:69]: Fetching new weather data at 2026-08-27 17:04:10.387449
Windows fatal exception: code 0x800706f7

Thread 0x00004b30 [SystemEventListener] (most recent call first):
  File "D:\a\yasb\yasb\src\core\utils\win32\event_listener.py", line 69 in run

Thread 0x00004b20 [Thread-5] (most recent call first):
  File "C:\hostedtoolcache\windows\Python\3.14.6\x64\Lib\threading.py", line 369 in wait
  File "C:\hostedtoolcache\windows\Python\3.14.6\x64\Lib\queue.py", line 199 in get
  File "D:\a\yasb\yasb\venv\Lib\site-packages\watchdog\observers\api.py", line 379 in dispatch_events
  File "D:\a\yasb\yasb\venv\Lib\site-packages\watchdog\observers\api.py", line 213 in run
  File "C:\hostedtoolcache\windows\Python\3.14.6\x64\Lib\threading.py", line 1082 in _bootstrap_inner
  File "C:\hostedtoolcache\windows\Python\3.14.6\x64\Lib\threading.py", line 1044 in _bootstrap

Thread 0x00004b40 [Thread-6] (most recent call first):
  File "D:\a\yasb\yasb\venv\Lib\site-packages\watchdog\observers\winapi.py", line 326 in read_directory_changes
  File "D:\a\yasb\yasb\venv\Lib\site-packages\watchdog\observers\winapi.py", line 380 in read_events
  File "D:\a\yasb\yasb\venv\Lib\site-packages\watchdog\observers\read_directory_changes.py", line 67 in _read_events
  File "D:\a\yasb\yasb\venv\Lib\site-packages\watchdog\observers\read_directory_changes.py", line 70 in queue_events
  File "D:\a\yasb\yasb\venv\Lib\site-packages\watchdog\observers\api.py", line 158 in run
  File "C:\hostedtoolcache\windows\Python\3.14.6\x64\Lib\threading.py", line 1082 in _bootstrap_inner
  File "C:\hostedtoolcache\windows\Python\3.14.6\x64\Lib\threading.py", line 1044 in _bootstrap

Thread 0x00004574 [WiFiWorker] (most recent call first):
  File "C:\hostedtoolcache\windows\Python\3.14.6\x64\Lib\threading.py", line 373 in wait
  File "C:\hostedtoolcache\windows\Python\3.14.6\x64\Lib\threading.py", line 670 in wait
  File "D:\a\yasb\yasb\src\core\widgets\services\wifi\wifi_managers.py", line 160 in run

Thread 0x00004a10 [MemoryWorker] (most recent call first):
  File "C:\hostedtoolcache\windows\Python\3.14.6\x64\Lib\threading.py", line 373 in wait
  File "C:\hostedtoolcache\windows\Python\3.14.6\x64\Lib\threading.py", line 670 in wait
  File "D:\a\yasb\yasb\src\core\widgets\services\memory\memory_api.py", line 247 in run

Thread 0x00004950 [_EventWorker] (most recent call first):
  File "D:\a\yasb\yasb\venv\Lib\site-packages\qasync\_windows.py", line 147 in _poll
  File "D:\a\yasb\yasb\venv\Lib\site-packages\qasync\_windows.py", line 72 in select
  File "D:\a\yasb\yasb\venv\Lib\site-packages\qasync\_windows.py", line 199 in run

Thread 0x00001fe4 [LogPipeServer] (most recent call first):
  File "D:\a\yasb\yasb\src\core\utils\win32\bindings\kernel32.py", line 291 in ConnectNamedPipe
  File "D:\a\yasb\yasb\src\core\utils\cli_server.py", line 138 in _run_server
  File "C:\hostedtoolcache\windows\Python\3.14.6\x64\Lib\threading.py", line 1024 in run
  File "C:\hostedtoolcache\windows\Python\3.14.6\x64\Lib\threading.py", line 1082 in _bootstrap_inner
  File "C:\hostedtoolcache\windows\Python\3.14.6\x64\Lib\threading.py", line 1044 in _bootstrap

Thread 0x0000490c [CLIPipeServer] (most recent call first):
  File "D:\a\yasb\yasb\src\core\utils\win32\bindings\kernel32.py", line 291 in ConnectNamedPipe
  File "D:\a\yasb\yasb\src\core\utils\cli_server.py", line 235 in _run_server
  File "C:\hostedtoolcache\windows\Python\3.14.6\x64\Lib\threading.py", line 1024 in run
  File "C:\hostedtoolcache\windows\Python\3.14.6\x64\Lib\threading.py", line 1082 in _bootstrap_inner
  File "C:\hostedtoolcache\windows\Python\3.14.6\x64\Lib\threading.py", line 1044 in _bootstrap

Current thread 0x00004a9c (most recent call first):
  File "D:\a\yasb\yasb\src\core\widgets\yasb\active_window.py", line 337 in _update_window_title
  File "D:\a\yasb\yasb\src\core\widgets\yasb\active_window.py", line 237 in _on_focus_change_event
  File "D:\a\yasb\yasb\venv\Lib\site-packages\qasync\__init__.py", line 404 in run_forever
  File "D:\a\yasb\yasb\venv\Lib\site-packages\qasync\__init__.py", line 428 in run_until_complete
  File "main.py", line 100 in main
  File "main.py", line 203 in <module>
  File "D:\a\yasb\yasb\venv\Lib\site-packages\freeze_core\initscripts\console.py", line 43 in run
  File "src/freeze_core/initscripts/__startup__.py", line 147 in run
Windows fatal exception: code 0x8001010d

Thread 0x00004b30 [SystemEventListener] (most recent call first):
  File "D:\a\yasb\yasb\src\core\utils\win32\event_listener.py", line 69 in run

Thread 0x00004b20 [Thread-5] (most recent call first):
  File "C:\hostedtoolcache\windows\Python\3.14.6\x64\Lib\threading.py", line 369 in wait
  File "C:\hostedtoolcache\windows\Python\3.14.6\x64\Lib\queue.py", line 199 in get
  File "D:\a\yasb\yasb\venv\Lib\site-packages\watchdog\observers\api.py", line 379 in dispatch_events
  File "D:\a\yasb\yasb\venv\Lib\site-packages\watchdog\observers\api.py", line 213 in run
  File "C:\hostedtoolcache\windows\Python\3.14.6\x64\Lib\threading.py", line 1082 in _bootstrap_inner
  File "C:\hostedtoolcache\windows\Python\3.14.6\x64\Lib\threading.py", line 1044 in _bootstrap

Thread 0x00004b40 [Thread-6] (most recent call first):
  File "D:\a\yasb\yasb\venv\Lib\site-packages\watchdog\observers\winapi.py", line 326 in read_directory_changes
  File "D:\a\yasb\yasb\venv\Lib\site-packages\watchdog\observers\winapi.py", line 380 in read_events
  File "D:\a\yasb\yasb\venv\Lib\site-packages\watchdog\observers\read_directory_changes.py", line 67 in _read_events
  File "D:\a\yasb\yasb\venv\Lib\site-packages\watchdog\observers\read_directory_changes.py", line 70 in queue_events
  File "D:\a\yasb\yasb\venv\Lib\site-packages\watchdog\observers\api.py", line 158 in run
  File "C:\hostedtoolcache\windows\Python\3.14.6\x64\Lib\threading.py", line 1082 in _bootstrap_inner
  File "C:\hostedtoolcache\windows\Python\3.14.6\x64\Lib\threading.py", line 1044 in _bootstrap

Thread 0x00004574 [WiFiWorker] (most recent call first):
  File "C:\hostedtoolcache\windows\Python\3.14.6\x64\Lib\threading.py", line 373 in wait
  File "C:\hostedtoolcache\windows\Python\3.14.6\x64\Lib\threading.py", line 670 in wait
  File "D:\a\yasb\yasb\src\core\widgets\services\wifi\wifi_managers.py", line 160 in run

Thread 0x00004a10 [MemoryWorker] (most recent call first):
  File "C:\hostedtoolcache\windows\Python\3.14.6\x64\Lib\threading.py", line 373 in wait
  File "C:\hostedtoolcache\windows\Python\3.14.6\x64\Lib\threading.py", line 670 in wait
  File "D:\a\yasb\yasb\src\core\widgets\services\memory\memory_api.py", line 247 in run

Thread 0x00004950 [_EventWorker] (most recent call first):
  File "D:\a\yasb\yasb\venv\Lib\site-packages\qasync\_windows.py", line 147 in _poll
  File "D:\a\yasb\yasb\venv\Lib\site-packages\qasync\_windows.py", line 72 in select
  File "D:\a\yasb\yasb\venv\Lib\site-packages\qasync\_windows.py", line 199 in run

Thread 0x00001fe4 [LogPipeServer] (most recent call first):
  File "D:\a\yasb\yasb\src\core\utils\win32\bindings\kernel32.py", line 291 in ConnectNamedPipe
  File "D:\a\yasb\yasb\src\core\utils\cli_server.py", line 138 in _run_server
  File "C:\hostedtoolcache\windows\Python\3.14.6\x64\Lib\threading.py", line 1024 in run
  File "C:\hostedtoolcache\windows\Python\3.14.6\x64\Lib\threading.py", line 1082 in _bootstrap_inner
  File "C:\hostedtoolcache\windows\Python\3.14.6\x64\Lib\threading.py", line 1044 in _bootstrap

Thread 0x0000490c [CLIPipeServer] (most recent call first):
  File "D:\a\yasb\yasb\src\core\utils\win32\bindings\kernel32.py", line 291 in ConnectNamedPipe
  File "D:\a\yasb\yasb\src\core\utils\cli_server.py", line 235 in _run_server
  File "C:\hostedtoolcache\windows\Python\3.14.6\x64\Lib\threading.py", line 1024 in run
  File "C:\hostedtoolcache\windows\Python\3.14.6\x64\Lib\threading.py", line 1082 in _bootstrap_inner
  File "C:\hostedtoolcache\windows\Python\3.14.6\x64\Lib\threading.py", line 1044 in _bootstrap

Current thread 0x00004a9c (most recent call first):
  File "D:\a\yasb\yasb\venv\Lib\site-packages\qasync\__init__.py", line 404 in run_forever
  File "D:\a\yasb\yasb\venv\Lib\site-packages\qasync\__init__.py", line 428 in run_until_complete
  File "main.py", line 100 in main
  File "main.py", line 203 in <module>
  File "D:\a\yasb\yasb\venv\Lib\site-packages\freeze_core\initscripts\console.py", line 43 in run
  File "src/freeze_core/initscripts/__startup__.py", line 147 in run
2026-08-27 17:14:09,864 [INFO] [MainThread] [root/api.py:69]: Fetching new weather data at 2026-08-27 17:14:09.864537
2026-08-27 17:24:09,869 [INFO] [MainThread] [root/api.py:69]: Fetching new weather data at 2026-08-27 17:24:09.869078
2026-08-27 17:34:10,075 [INFO] [MainThread] [root/api.py:69]: Fetching new weather data at 2026-08-27 17:34:10.075174
2026-08-27 17:44:09,872 [INFO] [MainThread] [root/api.py:69]: Fetching new weather data at 2026-08-27 17:44:09.872433
2026-08-27 17:54:09,865 [INFO] [MainThread] [root/api.py:69]: Fetching new weather data at 2026-08-27 17:54:09.865714
2026-08-27 18:04:09,869 [INFO] [MainThread] [root/api.py:69]: Fetching new weather data at 2026-08-27 18:04:09.869241
2026-08-27 18:14:09,860 [INFO] [MainThread] [root/api.py:69]: Fetching new weather data at 2026-08-27 18:14:09.860279
2026-08-27 18:24:10,057 [INFO] [MainThread] [root/api.py:69]: Fetching new weather data at 2026-08-27 18:24:10.057446
2026-08-27 18:34:09,866 [INFO] [MainThread] [root/api.py:69]: Fetching new weather data at 2026-08-27 18:34:09.866453
2026-08-27 18:44:09,864 [INFO] [MainThread] [root/api.py:69]: Fetching new weather data at 2026-08-27 18:44:09.864817
2026-08-27 18:54:10,080 [INFO] [MainThread] [root/api.py:69]: Fetching new weather data at 2026-08-27 18:54:10.080586
2026-08-27 19:04:09,883 [INFO] [MainThread] [root/api.py:69]: Fetching new weather data at 2026-08-27 19:04:09.883291
2026-08-27 19:14:09,891 [INFO] [MainThread] [root/api.py:69]: Fetching new weather data at 2026-08-27 19:14:09.891352
2026-08-27 19:24:09,870 [INFO] [MainThread] [root/api.py:69]: Fetching new weather data at 2026-08-27 19:24:09.870542
2026-08-27 19:34:09,862 [INFO] [MainThread] [root/api.py:69]: Fetching new weather data at 2026-08-27 19:34:09.862452
2026-08-27 19:44:09,876 [INFO] [MainThread] [root/api.py:69]: Fetching new weather data at 2026-08-27 19:44:09.876337
2026-08-27 19:54:09,894 [INFO] [MainThread] [root/api.py:69]: Fetching new weather data at 2026-08-27 19:54:09.894799
2026-08-27 20:04:09,891 [INFO] [MainThread] [root/api.py:69]: Fetching new weather data at 2026-08-27 20:04:09.891418
2026-08-27 20:14:09,883 [INFO] [MainThread] [root/api.py:69]: Fetching new weather data at 2026-08-27 20:14:09.883686
2026-08-27 20:24:09,873 [INFO] [MainThread] [root/api.py:69]: Fetching new weather data at 2026-08-27 20:24:09.873084
2026-08-27 20:34:09,884 [INFO] [MainThread] [root/api.py:69]: Fetching new weather data at 2026-08-27 20:34:09.884413
2026-08-27 20:44:09,866 [INFO] [MainThread] [root/api.py:69]: Fetching new weather data at 2026-08-27 20:44:09.866725
2026-08-27 20:54:09,910 [INFO] [MainThread] [root/api.py:69]: Fetching new weather data at 2026-08-27 20:54:09.910532
2026-08-27 21:04:09,886 [INFO] [MainThread] [root/api.py:69]: Fetching new weather data at 2026-08-27 21:04:09.886370
2026-08-27 21:14:09,872 [INFO] [MainThread] [root/api.py:69]: Fetching new weather data at 2026-08-27 21:14:09.872145
2026-08-27 21:24:09,874 [INFO] [MainThread] [root/api.py:69]: Fetching new weather data at 2026-08-27 21:24:09.874670
2026-08-27 21:34:09,895 [INFO] [MainThread] [root/api.py:69]: Fetching new weather data at 2026-08-27 21:34:09.895069
2026-08-27 21:44:09,868 [INFO] [MainThread] [root/api.py:69]: Fetching new weather data at 2026-08-27 21:44:09.868907
2026-08-27 21:54:09,857 [INFO] [MainThread] [root/api.py:69]: Fetching new weather data at 2026-08-27 21:54:09.857238
2026-08-27 22:04:09,861 [INFO] [MainThread] [root/api.py:69]: Fetching new weather data at 2026-08-27 22:04:09.861777
2026-08-27 22:14:09,877 [INFO] [MainThread] [root/api.py:69]: Fetching new weather data at 2026-08-27 22:14:09.877932
2026-08-27 22:24:09,868 [INFO] [MainThread] [root/api.py:69]: Fetching new weather data at 2026-08-27 22:24:09.868053
2026-08-27 22:34:09,887 [INFO] [MainThread] [root/api.py:69]: Fetching new weather data at 2026-08-27 22:34:09.887900
2026-08-27 22:44:09,855 [INFO] [MainThread] [root/api.py:69]: Fetching new weather data at 2026-08-27 22:44:09.854948
2026-08-27 22:54:09,884 [INFO] [MainThread] [root/api.py:69]: Fetching new weather data at 2026-08-27 22:54:09.884146
2026-08-27 22:59:42,707 [INFO] [MainThread] [root/bar_manager.py:119]: Stopping SystemEventListener...
2026-08-28 10:00:25,645 [INFO] [MainThread] [root/log.py:104]: YASB v2.0.6
2026-08-28 10:00:25,646 [INFO] [CLIPipeServer] [cli_server/cli_server.py:216]: CLI server started v1.1.7
2026-08-28 10:00:25,646 [INFO] [MainThread] [cli_server/cli_server.py:106]: Log pipe server started
2026-08-28 10:00:26,045 [INFO] [MainThread] [root/service.py:52]: AudioOutputService starting...
2026-08-28 10:00:26,278 [INFO] [MainThread] [root/bar_manager.py:103]: Starting SystemEventListener...
2026-08-28 10:00:26,280 [INFO] [MainThread] [root/watcher.py:65]: Watching directory: c:\users\erick\.config\yasb
2026-08-28 10:00:26,280 [INFO] [MainThread] [root/watcher.py:104]: Created file watcher
2026-08-28 10:00:26,311 [INFO] [MainThread] [root/update_service.py:434]: Background update checker started
2026-08-28 10:00:26,936 [INFO] [MainThread] [root/api.py:69]: Fetching new weather data at 2026-08-28 10:00:26.936364
Windows fatal exception: code 0x8001010d

Thread 0x00005834 [Thread-5] (most recent call first):
  File "C:\hostedtoolcache\windows\Python\3.14.6\x64\Lib\threading.py", line 369 in wait
  File "C:\hostedtoolcache\windows\Python\3.14.6\x64\Lib\queue.py", line 199 in get
  File "D:\a\yasb\yasb\venv\Lib\site-packages\watchdog\observers\api.py", line 379 in dispatch_events
  File "D:\a\yasb\yasb\venv\Lib\site-packages\watchdog\observers\api.py", line 213 in run
  File "C:\hostedtoolcache\windows\Python\3.14.6\x64\Lib\threading.py", line 1082 in _bootstrap_inner
  File "C:\hostedtoolcache\windows\Python\3.14.6\x64\Lib\threading.py", line 1044 in _bootstrap

Thread 0x00005830 [Thread-6] (most recent call first):
  File "D:\a\yasb\yasb\venv\Lib\site-packages\watchdog\observers\winapi.py", line 326 in read_directory_changes
  File "D:\a\yasb\yasb\venv\Lib\site-packages\watchdog\observers\winapi.py", line 380 in read_events
  File "D:\a\yasb\yasb\venv\Lib\site-packages\watchdog\observers\read_directory_changes.py", line 67 in _read_events
  File "D:\a\yasb\yasb\venv\Lib\site-packages\watchdog\observers\read_directory_changes.py", line 70 in queue_events
  File "D:\a\yasb\yasb\venv\Lib\site-packages\watchdog\observers\api.py", line 158 in run
  File "C:\hostedtoolcache\windows\Python\3.14.6\x64\Lib\threading.py", line 1082 in _bootstrap_inner
  File "C:\hostedtoolcache\windows\Python\3.14.6\x64\Lib\threading.py", line 1044 in _bootstrap

Thread 0x0000582c [SystemEventListener] (most recent call first):
  File "D:\a\yasb\yasb\src\core\utils\win32\event_listener.py", line 69 in run

Thread 0x00004528 [WiFiWorker] (most recent call first):
  File "C:\hostedtoolcache\windows\Python\3.14.6\x64\Lib\threading.py", line 373 in wait
  File "C:\hostedtoolcache\windows\Python\3.14.6\x64\Lib\threading.py", line 670 in wait
  File "D:\a\yasb\yasb\src\core\widgets\services\wifi\wifi_managers.py", line 160 in run

Thread 0x00002478 [MemoryWorker] (most recent call first):
  File "C:\hostedtoolcache\windows\Python\3.14.6\x64\Lib\threading.py", line 373 in wait
  File "C:\hostedtoolcache\windows\Python\3.14.6\x64\Lib\threading.py", line 670 in wait
  File "D:\a\yasb\yasb\src\core\widgets\services\memory\memory_api.py", line 247 in run

Thread 0x00002948 [_EventWorker] (most recent call first):
  File "D:\a\yasb\yasb\venv\Lib\site-packages\qasync\_windows.py", line 147 in _poll
  File "D:\a\yasb\yasb\venv\Lib\site-packages\qasync\_windows.py", line 72 in select
  File "D:\a\yasb\yasb\venv\Lib\site-packages\qasync\_windows.py", line 199 in run

Thread 0x0000246c [LogPipeServer] (most recent call first):
  File "D:\a\yasb\yasb\src\core\utils\win32\bindings\kernel32.py", line 291 in ConnectNamedPipe
  File "D:\a\yasb\yasb\src\core\utils\cli_server.py", line 138 in _run_server
  File "C:\hostedtoolcache\windows\Python\3.14.6\x64\Lib\threading.py", line 1024 in run
  File "C:\hostedtoolcache\windows\Python\3.14.6\x64\Lib\threading.py", line 1082 in _bootstrap_inner
  File "C:\hostedtoolcache\windows\Python\3.14.6\x64\Lib\threading.py", line 1044 in _bootstrap

Thread 0x00000c94 [CLIPipeServer] (most recent call first):
  File "D:\a\yasb\yasb\src\core\utils\win32\bindings\kernel32.py", line 291 in ConnectNamedPipe
  File "D:\a\yasb\yasb\src\core\utils\cli_server.py", line 235 in _run_server
  File "C:\hostedtoolcache\windows\Python\3.14.6\x64\Lib\threading.py", line 1024 in run
  File "C:\hostedtoolcache\windows\Python\3.14.6\x64\Lib\threading.py", line 1082 in _bootstrap_inner
  File "C:\hostedtoolcache\windows\Python\3.14.6\x64\Lib\threading.py", line 1044 in _bootstrap

Current thread 0x000039a4 (most recent call first):
  File "D:\a\yasb\yasb\venv\Lib\site-packages\qasync\__init__.py", line 404 in run_forever
  File "D:\a\yasb\yasb\venv\Lib\site-packages\qasync\__init__.py", line 428 in run_until_complete
  File "main.py", line 100 in main
  File "main.py", line 203 in <module>
  File "D:\a\yasb\yasb\venv\Lib\site-packages\freeze_core\initscripts\console.py", line 43 in run
  File "src/freeze_core/initscripts/__startup__.py", line 147 in run
2026-08-28 10:10:26,628 [INFO] [MainThread] [root/api.py:69]: Fetching new weather data at 2026-08-28 10:10:26.628452
2026-08-28 10:20:26,205 [INFO] [MainThread] [root/api.py:69]: Fetching new weather data at 2026-08-28 10:20:26.205719
2026-08-28 10:30:26,195 [INFO] [MainThread] [root/api.py:69]: Fetching new weather data at 2026-08-28 10:30:26.195415
2026-08-28 10:40:26,185 [INFO] [MainThread] [root/api.py:69]: Fetching new weather data at 2026-08-28 10:40:26.185866
2026-08-28 10:50:26,220 [INFO] [MainThread] [root/api.py:69]: Fetching new weather data at 2026-08-28 10:50:26.220036
2026-08-28 11:00:26,206 [INFO] [MainThread] [root/api.py:69]: Fetching new weather data at 2026-08-28 11:00:26.206810
2026-08-28 11:10:26,198 [INFO] [MainThread] [root/api.py:69]: Fetching new weather data at 2026-08-28 11:10:26.197997
2026-08-28 11:20:26,273 [INFO] [MainThread] [root/api.py:69]: Fetching new weather data at 2026-08-28 11:20:26.273226
2026-08-28 11:30:26,260 [INFO] [MainThread] [root/api.py:69]: Fetching new weather data at 2026-08-28 11:30:26.260539
2026-08-28 11:40:26,388 [INFO] [MainThread] [root/api.py:69]: Fetching new weather data at 2026-08-28 11:40:26.388382
2026-08-28 11:44:57,132 [INFO] [MainThread] [root/log.py:104]: YASB v2.0.6
2026-08-28 11:44:57,133 [INFO] [CLIPipeServer] [cli_server/cli_server.py:216]: CLI server started v1.1.7
2026-08-28 11:44:57,133 [INFO] [MainThread] [cli_server/cli_server.py:106]: Log pipe server started
2026-08-28 11:44:57,570 [INFO] [MainThread] [root/service.py:52]: AudioOutputService starting...
2026-08-28 11:44:57,795 [INFO] [MainThread] [root/bar_manager.py:103]: Starting SystemEventListener...
2026-08-28 11:44:57,797 [INFO] [MainThread] [root/watcher.py:65]: Watching directory: c:\users\erick\.config\yasb
2026-08-28 11:44:57,798 [INFO] [MainThread] [root/watcher.py:104]: Created file watcher
2026-08-28 11:44:57,878 [INFO] [MainThread] [root/update_service.py:434]: Background update checker started
2026-08-28 11:44:58,277 [INFO] [MainThread] [root/api.py:69]: Fetching new weather data at 2026-08-28 11:44:58.277139
Windows fatal exception: code 0x8001010d

Thread 0x00005080 [Thread-5] (most recent call first):
  File "C:\hostedtoolcache\windows\Python\3.14.6\x64\Lib\threading.py", line 369 in wait
  File "C:\hostedtoolcache\windows\Python\3.14.6\x64\Lib\queue.py", line 199 in get
  File "D:\a\yasb\yasb\venv\Lib\site-packages\watchdog\observers\api.py", line 379 in dispatch_events
  File "D:\a\yasb\yasb\venv\Lib\site-packages\watchdog\observers\api.py", line 213 in run
  File "C:\hostedtoolcache\windows\Python\3.14.6\x64\Lib\threading.py", line 1082 in _bootstrap_inner
  File "C:\hostedtoolcache\windows\Python\3.14.6\x64\Lib\threading.py", line 1044 in _bootstrap

Thread 0x00005050 [Thread-6] (most recent call first):
  File "D:\a\yasb\yasb\venv\Lib\site-packages\watchdog\observers\winapi.py", line 326 in read_directory_changes
  File "D:\a\yasb\yasb\venv\Lib\site-packages\watchdog\observers\winapi.py", line 380 in read_events
  File "D:\a\yasb\yasb\venv\Lib\site-packages\watchdog\observers\read_directory_changes.py", line 67 in _read_events
  File "D:\a\yasb\yasb\venv\Lib\site-packages\watchdog\observers\read_directory_changes.py", line 70 in queue_events
  File "D:\a\yasb\yasb\venv\Lib\site-packages\watchdog\observers\api.py", line 158 in run
  File "C:\hostedtoolcache\windows\Python\3.14.6\x64\Lib\threading.py", line 1082 in _bootstrap_inner
  File "C:\hostedtoolcache\windows\Python\3.14.6\x64\Lib\threading.py", line 1044 in _bootstrap

Thread 0x0000112c [SystemEventListener] (most recent call first):
  File "D:\a\yasb\yasb\src\core\utils\win32\event_listener.py", line 69 in run

Thread 0x00002fb8 [WiFiWorker] (most recent call first):
  File "C:\hostedtoolcache\windows\Python\3.14.6\x64\Lib\threading.py", line 373 in wait
  File "C:\hostedtoolcache\windows\Python\3.14.6\x64\Lib\threading.py", line 670 in wait
  File "D:\a\yasb\yasb\src\core\widgets\services\wifi\wifi_managers.py", line 160 in run

Thread 0x00002364 [MemoryWorker] (most recent call first):
  File "C:\hostedtoolcache\windows\Python\3.14.6\x64\Lib\threading.py", line 373 in wait
  File "C:\hostedtoolcache\windows\Python\3.14.6\x64\Lib\threading.py", line 670 in wait
  File "D:\a\yasb\yasb\src\core\widgets\services\memory\memory_api.py", line 247 in run

Thread 0x00003774 [_EventWorker] (most recent call first):
  File "D:\a\yasb\yasb\venv\Lib\site-packages\qasync\_windows.py", line 147 in _poll
  File "D:\a\yasb\yasb\venv\Lib\site-packages\qasync\_windows.py", line 72 in select
  File "D:\a\yasb\yasb\venv\Lib\site-packages\qasync\_windows.py", line 199 in run

Thread 0x0000392c [LogPipeServer] (most recent call first):
  File "D:\a\yasb\yasb\src\core\utils\win32\bindings\kernel32.py", line 291 in ConnectNamedPipe
  File "D:\a\yasb\yasb\src\core\utils\cli_server.py", line 138 in _run_server
  File "C:\hostedtoolcache\windows\Python\3.14.6\x64\Lib\threading.py", line 1024 in run
  File "C:\hostedtoolcache\windows\Python\3.14.6\x64\Lib\threading.py", line 1082 in _bootstrap_inner
  File "C:\hostedtoolcache\windows\Python\3.14.6\x64\Lib\threading.py", line 1044 in _bootstrap

Thread 0x00003928 [CLIPipeServer] (most recent call first):
  File "D:\a\yasb\yasb\src\core\utils\win32\bindings\kernel32.py", line 291 in ConnectNamedPipe
  File "D:\a\yasb\yasb\src\core\utils\cli_server.py", line 235 in _run_server
  File "C:\hostedtoolcache\windows\Python\3.14.6\x64\Lib\threading.py", line 1024 in run
  File "C:\hostedtoolcache\windows\Python\3.14.6\x64\Lib\threading.py", line 1082 in _bootstrap_inner
  File "C:\hostedtoolcache\windows\Python\3.14.6\x64\Lib\threading.py", line 1044 in _bootstrap

Current thread 0x00003acc (most recent call first):
  File "D:\a\yasb\yasb\venv\Lib\site-packages\qasync\__init__.py", line 404 in run_forever
  File "D:\a\yasb\yasb\venv\Lib\site-packages\qasync\__init__.py", line 428 in run_until_complete
  File "main.py", line 100 in main
  File "main.py", line 203 in <module>
  File "D:\a\yasb\yasb\venv\Lib\site-packages\freeze_core\initscripts\console.py", line 43 in run
  File "src/freeze_core/initscripts/__startup__.py", line 147 in run
2026-08-28 11:54:57,707 [INFO] [MainThread] [root/api.py:69]: Fetching new weather data at 2026-08-28 11:54:57.707932
2026-08-28 12:04:57,714 [INFO] [MainThread] [root/api.py:69]: Fetching new weather data at 2026-08-28 12:04:57.714162
2026-08-28 12:14:57,711 [INFO] [MainThread] [root/api.py:69]: Fetching new weather data at 2026-08-28 12:14:57.711458
2026-08-28 12:24:57,708 [INFO] [MainThread] [root/api.py:69]: Fetching new weather data at 2026-08-28 12:24:57.708551
2026-08-28 12:34:57,713 [INFO] [MainThread] [root/api.py:69]: Fetching new weather data at 2026-08-28 12:34:57.713238
2026-08-28 12:44:57,709 [INFO] [MainThread] [root/api.py:69]: Fetching new weather data at 2026-08-28 12:44:57.708972
2026-08-28 12:54:57,714 [INFO] [MainThread] [root/api.py:69]: Fetching new weather data at 2026-08-28 12:54:57.714089
2026-08-28 13:04:57,707 [INFO] [MainThread] [root/api.py:69]: Fetching new weather data at 2026-08-28 13:04:57.707674
2026-08-28 13:14:57,724 [INFO] [MainThread] [root/api.py:69]: Fetching new weather data at 2026-08-28 13:14:57.724826
2026-08-28 13:24:57,750 [INFO] [MainThread] [root/api.py:69]: Fetching new weather data at 2026-08-28 13:24:57.750647
2026-08-28 13:34:57,729 [INFO] [MainThread] [root/api.py:69]: Fetching new weather data at 2026-08-28 13:34:57.729336
2026-08-28 13:44:57,723 [INFO] [MainThread] [root/api.py:69]: Fetching new weather data at 2026-08-28 13:44:57.723218
2026-08-28 13:54:57,713 [INFO] [MainThread] [root/api.py:69]: Fetching new weather data at 2026-08-28 13:54:57.713677
2026-08-28 14:04:57,717 [INFO] [MainThread] [root/api.py:69]: Fetching new weather data at 2026-08-28 14:04:57.717668
2026-08-28 14:14:57,803 [INFO] [MainThread] [root/api.py:69]: Fetching new weather data at 2026-08-28 14:14:57.803893
2026-08-28 14:24:57,707 [INFO] [MainThread] [root/api.py:69]: Fetching new weather data at 2026-08-28 14:24:57.707805
2026-08-28 14:34:57,696 [INFO] [MainThread] [root/api.py:69]: Fetching new weather data at 2026-08-28 14:34:57.695991
2026-08-28 14:44:57,718 [INFO] [MainThread] [root/api.py:69]: Fetching new weather data at 2026-08-28 14:44:57.718375
2026-08-28 14:54:57,707 [INFO] [MainThread] [root/api.py:69]: Fetching new weather data at 2026-08-28 14:54:57.707822
2026-08-28 15:04:57,713 [INFO] [MainThread] [root/api.py:69]: Fetching new weather data at 2026-08-28 15:04:57.713523
2026-08-28 15:14:57,719 [INFO] [MainThread] [root/api.py:69]: Fetching new weather data at 2026-08-28 15:14:57.719641
2026-08-28 15:24:57,708 [INFO] [MainThread] [root/api.py:69]: Fetching new weather data at 2026-08-28 15:24:57.708699
2026-08-28 15:34:57,723 [INFO] [MainThread] [root/api.py:69]: Fetching new weather data at 2026-08-28 15:34:57.723117
2026-08-28 15:44:57,706 [INFO] [MainThread] [root/api.py:69]: Fetching new weather data at 2026-08-28 15:44:57.706762
2026-08-28 15:54:57,718 [INFO] [MainThread] [root/api.py:69]: Fetching new weather data at 2026-08-28 15:54:57.718517
2026-08-28 16:04:57,715 [INFO] [MainThread] [root/api.py:69]: Fetching new weather data at 2026-08-28 16:04:57.715263
2026-08-28 16:14:57,711 [INFO] [MainThread] [root/api.py:69]: Fetching new weather data at 2026-08-28 16:14:57.711262
2026-08-28 16:24:57,706 [INFO] [MainThread] [root/api.py:69]: Fetching new weather data at 2026-08-28 16:24:57.706494
2026-08-28 16:34:57,718 [INFO] [MainThread] [root/api.py:69]: Fetching new weather data at 2026-08-28 16:34:57.718128
2026-08-28 16:44:57,714 [INFO] [MainThread] [root/api.py:69]: Fetching new weather data at 2026-08-28 16:44:57.714854
2026-08-28 16:54:57,872 [INFO] [MainThread] [root/api.py:69]: Fetching new weather data at 2026-08-28 16:54:57.872290
2026-08-28 17:04:57,703 [INFO] [MainThread] [root/api.py:69]: Fetching new weather data at 2026-08-28 17:04:57.703458
2026-08-28 17:14:57,708 [INFO] [MainThread] [root/api.py:69]: Fetching new weather data at 2026-08-28 17:14:57.708709
2026-08-28 17:24:57,708 [INFO] [MainThread] [root/api.py:69]: Fetching new weather data at 2026-08-28 17:24:57.708027
2026-08-28 17:34:57,728 [INFO] [MainThread] [root/api.py:69]: Fetching new weather data at 2026-08-28 17:34:57.728555
2026-08-28 17:44:57,722 [INFO] [MainThread] [root/api.py:69]: Fetching new weather data at 2026-08-28 17:44:57.722207
2026-08-28 17:54:57,714 [INFO] [MainThread] [root/api.py:69]: Fetching new weather data at 2026-08-28 17:54:57.714456
2026-08-28 18:04:57,724 [INFO] [MainThread] [root/api.py:69]: Fetching new weather data at 2026-08-28 18:04:57.724782
2026-08-28 18:12:20,235 [INFO] [MainThread] [root/bar_helper.py:594]: AppBarManager need to re-register 2 bars
2026-08-28 18:12:20,776 [INFO] [MainThread] [root/bar_helper.py:603]: Re-registered AppBar for primary-bar_24G50F_09f438ab (space reservation + fullscreen)
2026-08-28 18:12:20,896 [INFO] [MainThread] [root/bar_helper.py:603]: Re-registered AppBar for primary-bar_BenQ RL2755_1eb39da1 (space reservation + fullscreen)
2026-08-28 18:14:57,727 [INFO] [MainThread] [root/api.py:69]: Fetching new weather data at 2026-08-28 18:14:57.727342
2026-08-28 18:24:57,722 [INFO] [MainThread] [root/api.py:69]: Fetching new weather data at 2026-08-28 18:24:57.722680
2026-08-28 18:34:57,718 [INFO] [MainThread] [root/api.py:69]: Fetching new weather data at 2026-08-28 18:34:57.718837
2026-08-28 18:44:57,707 [INFO] [MainThread] [root/api.py:69]: Fetching new weather data at 2026-08-28 18:44:57.707022
2026-08-28 18:54:57,705 [INFO] [MainThread] [root/api.py:69]: Fetching new weather data at 2026-08-28 18:54:57.705128
2026-08-28 19:04:57,713 [INFO] [MainThread] [root/api.py:69]: Fetching new weather data at 2026-08-28 19:04:57.713791
2026-08-28 19:14:57,778 [INFO] [MainThread] [root/api.py:69]: Fetching new weather data at 2026-08-28 19:14:57.778711
2026-08-28 19:24:57,731 [INFO] [MainThread] [root/api.py:69]: Fetching new weather data at 2026-08-28 19:24:57.731756
2026-08-28 19:34:57,710 [INFO] [MainThread] [root/api.py:69]: Fetching new weather data at 2026-08-28 19:34:57.710576
2026-08-28 19:44:57,875 [INFO] [MainThread] [root/api.py:69]: Fetching new weather data at 2026-08-28 19:44:57.875189
2026-08-28 19:54:57,720 [INFO] [MainThread] [root/api.py:69]: Fetching new weather data at 2026-08-28 19:54:57.720908
2026-08-28 20:04:57,728 [INFO] [MainThread] [root/api.py:69]: Fetching new weather data at 2026-08-28 20:04:57.728221
2026-08-28 20:14:57,769 [INFO] [MainThread] [root/api.py:69]: Fetching new weather data at 2026-08-28 20:14:57.769529
2026-08-28 20:24:57,714 [INFO] [MainThread] [root/api.py:69]: Fetching new weather data at 2026-08-28 20:24:57.714090
2026-08-28 20:34:57,711 [INFO] [MainThread] [root/api.py:69]: Fetching new weather data at 2026-08-28 20:34:57.711113
2026-08-28 20:44:57,763 [INFO] [MainThread] [root/api.py:69]: Fetching new weather data at 2026-08-28 20:44:57.763220
2026-08-28 20:54:57,731 [INFO] [MainThread] [root/api.py:69]: Fetching new weather data at 2026-08-28 20:54:57.731909
2026-08-28 21:04:57,725 [INFO] [MainThread] [root/api.py:69]: Fetching new weather data at 2026-08-28 21:04:57.725706
2026-08-28 21:14:57,919 [INFO] [MainThread] [root/api.py:69]: Fetching new weather data at 2026-08-28 21:14:57.919618
2026-08-28 21:24:57,728 [INFO] [MainThread] [root/api.py:69]: Fetching new weather data at 2026-08-28 21:24:57.728871
2026-08-28 21:34:57,725 [INFO] [MainThread] [root/api.py:69]: Fetching new weather data at 2026-08-28 21:34:57.725441
2026-08-28 21:44:57,897 [INFO] [MainThread] [root/api.py:69]: Fetching new weather data at 2026-08-28 21:44:57.897950
2026-08-28 21:54:57,710 [INFO] [MainThread] [root/api.py:69]: Fetching new weather data at 2026-08-28 21:54:57.710008
2026-08-28 22:04:57,905 [INFO] [MainThread] [root/api.py:69]: Fetching new weather data at 2026-08-28 22:04:57.905048
2026-08-28 22:14:57,853 [INFO] [MainThread] [root/api.py:69]: Fetching new weather data at 2026-08-28 22:14:57.853014
2026-08-28 22:24:57,773 [INFO] [MainThread] [root/api.py:69]: Fetching new weather data at 2026-08-28 22:24:57.773351
2026-08-28 22:34:57,879 [INFO] [MainThread] [root/api.py:69]: Fetching new weather data at 2026-08-28 22:34:57.879758
2026-08-28 22:44:57,789 [INFO] [MainThread] [root/api.py:69]: Fetching new weather data at 2026-08-28 22:44:57.789066
2026-08-28 22:54:57,716 [INFO] [MainThread] [root/api.py:69]: Fetching new weather data at 2026-08-28 22:54:57.716108
2026-08-28 23:04:57,858 [INFO] [MainThread] [root/api.py:69]: Fetching new weather data at 2026-08-28 23:04:57.858422
2026-08-28 23:14:57,721 [INFO] [MainThread] [root/api.py:69]: Fetching new weather data at 2026-08-28 23:14:57.721858
2026-08-28 23:24:57,765 [INFO] [MainThread] [root/api.py:69]: Fetching new weather data at 2026-08-28 23:24:57.765115
2026-08-28 23:34:57,796 [INFO] [MainThread] [root/api.py:69]: Fetching new weather data at 2026-08-28 23:34:57.796507
2026-08-28 23:44:57,766 [INFO] [MainThread] [root/api.py:69]: Fetching new weather data at 2026-08-28 23:44:57.766830
2026-08-28 23:54:57,718 [INFO] [MainThread] [root/api.py:69]: Fetching new weather data at 2026-08-28 23:54:57.718435
2026-08-29 00:04:57,719 [INFO] [MainThread] [root/api.py:69]: Fetching new weather data at 2026-08-29 00:04:57.719229
2026-08-29 00:14:57,755 [INFO] [MainThread] [root/api.py:69]: Fetching new weather data at 2026-08-29 00:14:57.755080
2026-08-29 00:24:57,711 [INFO] [MainThread] [root/api.py:69]: Fetching new weather data at 2026-08-29 00:24:57.711614
2026-08-29 00:34:57,717 [INFO] [MainThread] [root/api.py:69]: Fetching new weather data at 2026-08-29 00:34:57.717851
2026-08-29 00:44:57,710 [INFO] [MainThread] [root/api.py:69]: Fetching new weather data at 2026-08-29 00:44:57.710429
2026-08-29 00:54:57,758 [INFO] [MainThread] [root/api.py:69]: Fetching new weather data at 2026-08-29 00:54:57.758397
2026-08-29 01:04:57,712 [INFO] [MainThread] [root/api.py:69]: Fetching new weather data at 2026-08-29 01:04:57.712604
2026-08-29 01:14:57,712 [INFO] [MainThread] [root/api.py:69]: Fetching new weather data at 2026-08-29 01:14:57.712151
2026-08-29 01:24:57,724 [INFO] [MainThread] [root/api.py:69]: Fetching new weather data at 2026-08-29 01:24:57.724738
2026-08-29 01:34:57,709 [INFO] [MainThread] [root/api.py:69]: Fetching new weather data at 2026-08-29 01:34:57.709874
2026-08-29 01:44:57,704 [INFO] [MainThread] [root/api.py:69]: Fetching new weather data at 2026-08-29 01:44:57.704818
2026-08-29 01:54:57,709 [INFO] [MainThread] [root/api.py:69]: Fetching new weather data at 2026-08-29 01:54:57.709002
2026-08-29 02:02:21,998 [INFO] [MainThread] [root/controller.py:43]: Exiting Application...
2026-08-29 02:02:22,102 [INFO] [MainThread] [cli_server/cli_server.py:114]: Log pipe server stopped
2026-08-29 02:02:22,459 [INFO] [MainThread] [root/bar_manager.py:119]: Stopping SystemEventListener...
2026-08-29 10:50:25,223 [INFO] [MainThread] [root/log.py:104]: YASB v2.0.6
2026-08-29 10:50:25,224 [INFO] [CLIPipeServer] [cli_server/cli_server.py:216]: CLI server started v1.1.7
2026-08-29 10:50:25,224 [INFO] [MainThread] [cli_server/cli_server.py:106]: Log pipe server started
2026-08-29 10:50:25,838 [INFO] [MainThread] [root/service.py:52]: AudioOutputService starting...
2026-08-29 10:50:26,184 [INFO] [MainThread] [root/bar_manager.py:103]: Starting SystemEventListener...
2026-08-29 10:50:26,186 [INFO] [MainThread] [root/watcher.py:65]: Watching directory: c:\users\erick\.config\yasb
2026-08-29 10:50:26,186 [INFO] [MainThread] [root/watcher.py:104]: Created file watcher
2026-08-29 10:50:26,270 [INFO] [MainThread] [root/update_service.py:434]: Background update checker started
2026-08-29 10:50:26,758 [INFO] [MainThread] [root/api.py:69]: Fetching new weather data at 2026-08-29 10:50:26.758935
Windows fatal exception: code 0x8001010d

Thread 0x00000fe0 [SystemEventListener] (most recent call first):
  File "D:\a\yasb\yasb\src\core\utils\win32\event_listener.py", line 69 in run

Thread 0x00004b80 [Thread-5] (most recent call first):
  File "C:\hostedtoolcache\windows\Python\3.14.6\x64\Lib\threading.py", line 369 in wait
  File "C:\hostedtoolcache\windows\Python\3.14.6\x64\Lib\queue.py", line 199 in get
  File "D:\a\yasb\yasb\venv\Lib\site-packages\watchdog\observers\api.py", line 379 in dispatch_events
  File "D:\a\yasb\yasb\venv\Lib\site-packages\watchdog\observers\api.py", line 213 in run
  File "C:\hostedtoolcache\windows\Python\3.14.6\x64\Lib\threading.py", line 1082 in _bootstrap_inner
  File "C:\hostedtoolcache\windows\Python\3.14.6\x64\Lib\threading.py", line 1044 in _bootstrap

Thread 0x00003924 [Thread-6] (most recent call first):
  File "D:\a\yasb\yasb\venv\Lib\site-packages\watchdog\observers\winapi.py", line 326 in read_directory_changes
  File "D:\a\yasb\yasb\venv\Lib\site-packages\watchdog\observers\winapi.py", line 380 in read_events
  File "D:\a\yasb\yasb\venv\Lib\site-packages\watchdog\observers\read_directory_changes.py", line 67 in _read_events
  File "D:\a\yasb\yasb\venv\Lib\site-packages\watchdog\observers\read_directory_changes.py", line 70 in queue_events
  File "D:\a\yasb\yasb\venv\Lib\site-packages\watchdog\observers\api.py", line 158 in run
  File "C:\hostedtoolcache\windows\Python\3.14.6\x64\Lib\threading.py", line 1082 in _bootstrap_inner
  File "C:\hostedtoolcache\windows\Python\3.14.6\x64\Lib\threading.py", line 1044 in _bootstrap

Thread 0x00002474 [WiFiWorker] (most recent call first):
  File "C:\hostedtoolcache\windows\Python\3.14.6\x64\Lib\threading.py", line 373 in wait
  File "C:\hostedtoolcache\windows\Python\3.14.6\x64\Lib\threading.py", line 670 in wait
  File "D:\a\yasb\yasb\src\core\widgets\services\wifi\wifi_managers.py", line 160 in run

Thread 0x00003394 [MemoryWorker] (most recent call first):
  File "C:\hostedtoolcache\windows\Python\3.14.6\x64\Lib\threading.py", line 373 in wait
  File "C:\hostedtoolcache\windows\Python\3.14.6\x64\Lib\threading.py", line 670 in wait
  File "D:\a\yasb\yasb\src\core\widgets\services\memory\memory_api.py", line 247 in run

Thread 0x00003a14 [_EventWorker] (most recent call first):
  File "D:\a\yasb\yasb\venv\Lib\site-packages\qasync\_windows.py", line 147 in _poll
  File "D:\a\yasb\yasb\venv\Lib\site-packages\qasync\_windows.py", line 72 in select
  File "D:\a\yasb\yasb\venv\Lib\site-packages\qasync\_windows.py", line 199 in run

Thread 0x00005050 [LogPipeServer] (most recent call first):
  File "D:\a\yasb\yasb\src\core\utils\win32\bindings\kernel32.py", line 291 in ConnectNamedPipe
  File "D:\a\yasb\yasb\src\core\utils\cli_server.py", line 138 in _run_server
  File "C:\hostedtoolcache\windows\Python\3.14.6\x64\Lib\threading.py", line 1024 in run
  File "C:\hostedtoolcache\windows\Python\3.14.6\x64\Lib\threading.py", line 1082 in _bootstrap_inner
  File "C:\hostedtoolcache\windows\Python\3.14.6\x64\Lib\threading.py", line 1044 in _bootstrap

Thread 0x00004614 [CLIPipeServer] (most recent call first):
  File "D:\a\yasb\yasb\src\core\utils\win32\bindings\kernel32.py", line 291 in ConnectNamedPipe
  File "D:\a\yasb\yasb\src\core\utils\cli_server.py", line 235 in _run_server
  File "C:\hostedtoolcache\windows\Python\3.14.6\x64\Lib\threading.py", line 1024 in run
  File "C:\hostedtoolcache\windows\Python\3.14.6\x64\Lib\threading.py", line 1082 in _bootstrap_inner
  File "C:\hostedtoolcache\windows\Python\3.14.6\x64\Lib\threading.py", line 1044 in _bootstrap

Current thread 0x0000442c (most recent call first):
  File "D:\a\yasb\yasb\venv\Lib\site-packages\qasync\__init__.py", line 404 in run_forever
  File "D:\a\yasb\yasb\venv\Lib\site-packages\qasync\__init__.py", line 428 in run_until_complete
  File "main.py", line 100 in main
  File "main.py", line 203 in <module>
  File "D:\a\yasb\yasb\venv\Lib\site-packages\freeze_core\initscripts\console.py", line 43 in run
  File "src/freeze_core/initscripts/__startup__.py", line 147 in run
2026-08-29 11:00:25,842 [INFO] [MainThread] [root/api.py:69]: Fetching new weather data at 2026-08-29 11:00:25.842378
2026-08-29 11:10:25,931 [INFO] [MainThread] [root/api.py:69]: Fetching new weather data at 2026-08-29 11:10:25.930976
2026-08-29 11:20:25,854 [INFO] [MainThread] [root/api.py:69]: Fetching new weather data at 2026-08-29 11:20:25.854656
2026-08-29 11:30:25,841 [INFO] [MainThread] [root/api.py:69]: Fetching new weather data at 2026-08-29 11:30:25.841525
2026-08-29 11:40:25,854 [INFO] [MainThread] [root/api.py:69]: Fetching new weather data at 2026-08-29 11:40:25.854365
2026-08-29 11:50:25,857 [INFO] [MainThread] [root/api.py:69]: Fetching new weather data at 2026-08-29 11:50:25.857463
2026-08-29 12:00:25,870 [INFO] [MainThread] [root/api.py:69]: Fetching new weather data at 2026-08-29 12:00:25.870633
2026-08-29 12:10:25,851 [INFO] [MainThread] [root/api.py:69]: Fetching new weather data at 2026-08-29 12:10:25.851800
2026-08-29 12:20:25,852 [INFO] [MainThread] [root/api.py:69]: Fetching new weather data at 2026-08-29 12:20:25.852089
2026-08-29 12:30:25,861 [INFO] [MainThread] [root/api.py:69]: Fetching new weather data at 2026-08-29 12:30:25.861761
2026-08-29 12:40:26,020 [INFO] [MainThread] [root/api.py:69]: Fetching new weather data at 2026-08-29 12:40:26.020835
2026-08-29 12:50:25,852 [INFO] [MainThread] [root/api.py:69]: Fetching new weather data at 2026-08-29 12:50:25.852279
2026-08-29 13:00:25,859 [INFO] [MainThread] [root/api.py:69]: Fetching new weather data at 2026-08-29 13:00:25.859004
2026-08-29 13:10:25,871 [INFO] [MainThread] [root/api.py:69]: Fetching new weather data at 2026-08-29 13:10:25.870971
2026-08-29 13:20:25,844 [INFO] [MainThread] [root/api.py:69]: Fetching new weather data at 2026-08-29 13:20:25.844302
2026-08-29 13:30:25,858 [INFO] [MainThread] [root/api.py:69]: Fetching new weather data at 2026-08-29 13:30:25.858331
2026-08-29 13:40:25,878 [INFO] [MainThread] [root/api.py:69]: Fetching new weather data at 2026-08-29 13:40:25.878773
2026-08-29 13:50:25,866 [INFO] [MainThread] [root/api.py:69]: Fetching new weather data at 2026-08-29 13:50:25.866670
2026-08-29 14:00:25,859 [INFO] [MainThread] [root/api.py:69]: Fetching new weather data at 2026-08-29 14:00:25.859475
2026-08-29 14:10:25,876 [INFO] [MainThread] [root/api.py:69]: Fetching new weather data at 2026-08-29 14:10:25.876899
2026-08-29 14:20:25,853 [INFO] [MainThread] [root/api.py:69]: Fetching new weather data at 2026-08-29 14:20:25.853274
2026-08-29 14:24:30,277 [INFO] [MainThread] [root/bar_helper.py:594]: AppBarManager need to re-register 2 bars
2026-08-29 14:24:30,782 [INFO] [MainThread] [root/bar_helper.py:603]: Re-registered AppBar for primary-bar_24G50F_a3530ddb (space reservation + fullscreen)
2026-08-29 14:24:30,922 [INFO] [MainThread] [root/bar_helper.py:603]: Re-registered AppBar for primary-bar_BenQ RL2755_1091a8cd (space reservation + fullscreen)
2026-08-29 14:30:25,882 [INFO] [MainThread] [root/api.py:69]: Fetching new weather data at 2026-08-29 14:30:25.882501
2026-08-29 14:40:26,031 [INFO] [MainThread] [root/api.py:69]: Fetching new weather data at 2026-08-29 14:40:26.031899
2026-08-29 14:50:25,853 [INFO] [MainThread] [root/api.py:69]: Fetching new weather data at 2026-08-29 14:50:25.853720
2026-08-29 15:00:25,868 [INFO] [MainThread] [root/api.py:69]: Fetching new weather data at 2026-08-29 15:00:25.868830
2026-08-29 15:10:25,855 [INFO] [MainThread] [root/api.py:69]: Fetching new weather data at 2026-08-29 15:10:25.855252
2026-08-29 15:20:25,864 [INFO] [MainThread] [root/api.py:69]: Fetching new weather data at 2026-08-29 15:20:25.864159
2026-08-29 15:30:25,854 [INFO] [MainThread] [root/api.py:69]: Fetching new weather data at 2026-08-29 15:30:25.854381
2026-08-29 15:40:25,872 [INFO] [MainThread] [root/api.py:69]: Fetching new weather data at 2026-08-29 15:40:25.872242
2026-08-29 15:50:25,877 [INFO] [MainThread] [root/api.py:69]: Fetching new weather data at 2026-08-29 15:50:25.877405
2026-08-29 16:00:25,869 [INFO] [MainThread] [root/api.py:69]: Fetching new weather data at 2026-08-29 16:00:25.869867
2026-08-29 16:10:25,875 [INFO] [MainThread] [root/api.py:69]: Fetching new weather data at 2026-08-29 16:10:25.875698
2026-08-29 16:20:25,874 [INFO] [MainThread] [root/api.py:69]: Fetching new weather data at 2026-08-29 16:20:25.873946
2026-08-29 16:30:25,897 [INFO] [MainThread] [root/api.py:69]: Fetching new weather data at 2026-08-29 16:30:25.897026
2026-08-29 16:40:25,858 [INFO] [MainThread] [root/api.py:69]: Fetching new weather data at 2026-08-29 16:40:25.858008
2026-08-29 16:50:25,870 [INFO] [MainThread] [root/api.py:69]: Fetching new weather data at 2026-08-29 16:50:25.870926
2026-08-29 17:00:25,859 [INFO] [MainThread] [root/api.py:69]: Fetching new weather data at 2026-08-29 17:00:25.859928
2026-08-29 17:10:25,863 [INFO] [MainThread] [root/api.py:69]: Fetching new weather data at 2026-08-29 17:10:25.863809
2026-08-29 17:20:25,904 [INFO] [MainThread] [root/api.py:69]: Fetching new weather data at 2026-08-29 17:20:25.904312
2026-08-29 17:30:25,850 [INFO] [MainThread] [root/api.py:69]: Fetching new weather data at 2026-08-29 17:30:25.849755
2026-08-29 17:40:25,868 [INFO] [MainThread] [root/api.py:69]: Fetching new weather data at 2026-08-29 17:40:25.868421
2026-08-29 17:50:25,848 [INFO] [MainThread] [root/api.py:69]: Fetching new weather data at 2026-08-29 17:50:25.848152
2026-08-29 18:00:25,861 [INFO] [MainThread] [root/api.py:69]: Fetching new weather data at 2026-08-29 18:00:25.861592
2026-08-29 18:10:25,864 [INFO] [MainThread] [root/api.py:69]: Fetching new weather data at 2026-08-29 18:10:25.864288
2026-08-29 18:20:25,851 [INFO] [MainThread] [root/api.py:69]: Fetching new weather data at 2026-08-29 18:20:25.851611
2026-08-29 18:30:25,860 [INFO] [MainThread] [root/api.py:69]: Fetching new weather data at 2026-08-29 18:30:25.859964
2026-08-29 18:40:25,845 [INFO] [MainThread] [root/api.py:69]: Fetching new weather data at 2026-08-29 18:40:25.845746
2026-08-29 18:50:25,872 [INFO] [MainThread] [root/api.py:69]: Fetching new weather data at 2026-08-29 18:50:25.872219
2026-08-29 19:00:25,869 [INFO] [MainThread] [root/api.py:69]: Fetching new weather data at 2026-08-29 19:00:25.869234
2026-08-29 19:10:25,854 [INFO] [MainThread] [root/api.py:69]: Fetching new weather data at 2026-08-29 19:10:25.854054
2026-08-29 19:20:25,872 [INFO] [MainThread] [root/api.py:69]: Fetching new weather data at 2026-08-29 19:20:25.872590
2026-08-29 19:30:25,982 [INFO] [MainThread] [root/api.py:69]: Fetching new weather data at 2026-08-29 19:30:25.982801
2026-08-29 19:40:25,973 [INFO] [MainThread] [root/api.py:69]: Fetching new weather data at 2026-08-29 19:40:25.973842
2026-08-29 19:50:25,865 [INFO] [MainThread] [root/api.py:69]: Fetching new weather data at 2026-08-29 19:50:25.865382
2026-08-29 20:00:25,871 [INFO] [MainThread] [root/api.py:69]: Fetching new weather data at 2026-08-29 20:00:25.871902
2026-08-29 20:10:25,864 [INFO] [MainThread] [root/api.py:69]: Fetching new weather data at 2026-08-29 20:10:25.864362
2026-08-29 20:20:25,892 [INFO] [MainThread] [root/api.py:69]: Fetching new weather data at 2026-08-29 20:20:25.892040
2026-08-29 20:30:25,859 [INFO] [MainThread] [root/api.py:69]: Fetching new weather data at 2026-08-29 20:30:25.859416
2026-08-29 20:40:25,883 [INFO] [MainThread] [root/api.py:69]: Fetching new weather data at 2026-08-29 20:40:25.883514
2026-08-29 20:50:25,860 [INFO] [MainThread] [root/api.py:69]: Fetching new weather data at 2026-08-29 20:50:25.860479
2026-08-29 21:00:25,890 [INFO] [MainThread] [root/api.py:69]: Fetching new weather data at 2026-08-29 21:00:25.890110
2026-08-29 21:10:25,873 [INFO] [MainThread] [root/api.py:69]: Fetching new weather data at 2026-08-29 21:10:25.873612
2026-08-29 21:20:25,872 [INFO] [MainThread] [root/api.py:69]: Fetching new weather data at 2026-08-29 21:20:25.871947
2026-08-29 21:30:25,857 [INFO] [MainThread] [root/api.py:69]: Fetching new weather data at 2026-08-29 21:30:25.856975
2026-08-29 21:40:25,985 [INFO] [MainThread] [root/api.py:69]: Fetching new weather data at 2026-08-29 21:40:25.985300
2026-08-29 21:50:25,879 [INFO] [MainThread] [root/api.py:69]: Fetching new weather data at 2026-08-29 21:50:25.879206
2026-08-29 22:00:25,873 [INFO] [MainThread] [root/api.py:69]: Fetching new weather data at 2026-08-29 22:00:25.873164
2026-08-29 22:10:25,857 [INFO] [MainThread] [root/api.py:69]: Fetching new weather data at 2026-08-29 22:10:25.857690
2026-08-29 22:20:25,861 [INFO] [MainThread] [root/api.py:69]: Fetching new weather data at 2026-08-29 22:20:25.861593
2026-08-29 22:30:25,879 [INFO] [MainThread] [root/api.py:69]: Fetching new weather data at 2026-08-29 22:30:25.879592
2026-08-29 22:40:25,853 [INFO] [MainThread] [root/api.py:69]: Fetching new weather data at 2026-08-29 22:40:25.853046
2026-08-29 22:50:26,410 [INFO] [MainThread] [root/api.py:69]: Fetching new weather data at 2026-08-29 22:50:26.410217
2026-08-29 23:00:25,853 [INFO] [MainThread] [root/api.py:69]: Fetching new weather data at 2026-08-29 23:00:25.853206
2026-08-29 23:10:25,859 [INFO] [MainThread] [root/api.py:69]: Fetching new weather data at 2026-08-29 23:10:25.859156
2026-08-29 23:20:25,881 [INFO] [MainThread] [root/api.py:69]: Fetching new weather data at 2026-08-29 23:20:25.880998
2026-08-29 23:30:25,878 [INFO] [MainThread] [root/api.py:69]: Fetching new weather data at 2026-08-29 23:30:25.878204
2026-08-29 23:40:25,857 [INFO] [MainThread] [root/api.py:69]: Fetching new weather data at 2026-08-29 23:40:25.857024
2026-08-29 23:50:25,873 [INFO] [MainThread] [root/api.py:69]: Fetching new weather data at 2026-08-29 23:50:25.873417
2026-08-30 00:00:25,874 [INFO] [MainThread] [root/api.py:69]: Fetching new weather data at 2026-08-30 00:00:25.874608
2026-08-30 00:10:25,857 [INFO] [MainThread] [root/api.py:69]: Fetching new weather data at 2026-08-30 00:10:25.857030
2026-08-30 00:20:26,040 [INFO] [MainThread] [root/api.py:69]: Fetching new weather data at 2026-08-30 00:20:26.040702
2026-08-30 00:30:25,854 [INFO] [MainThread] [root/api.py:69]: Fetching new weather data at 2026-08-30 00:30:25.854638
2026-08-30 00:40:25,857 [INFO] [MainThread] [root/api.py:69]: Fetching new weather data at 2026-08-30 00:40:25.857381
2026-08-30 00:50:25,858 [INFO] [MainThread] [root/api.py:69]: Fetching new weather data at 2026-08-30 00:50:25.858856
2026-08-30 01:00:25,847 [INFO] [MainThread] [root/api.py:69]: Fetching new weather data at 2026-08-30 01:00:25.847035
2026-08-30 01:10:25,849 [INFO] [MainThread] [root/api.py:69]: Fetching new weather data at 2026-08-30 01:10:25.849015
2026-08-30 01:20:25,854 [INFO] [MainThread] [root/api.py:69]: Fetching new weather data at 2026-08-30 01:20:25.854391
2026-08-30 01:30:25,852 [INFO] [MainThread] [root/api.py:69]: Fetching new weather data at 2026-08-30 01:30:25.852424
2026-08-30 01:40:25,843 [INFO] [MainThread] [root/api.py:69]: Fetching new weather data at 2026-08-30 01:40:25.843692
2026-08-30 01:50:25,848 [INFO] [MainThread] [root/api.py:69]: Fetching new weather data at 2026-08-30 01:50:25.847982
2026-08-30 01:53:06,426 [INFO] [MainThread] [root/controller.py:43]: Exiting Application...
2026-08-30 01:53:06,532 [INFO] [MainThread] [cli_server/cli_server.py:114]: Log pipe server stopped
2026-08-30 01:53:06,766 [INFO] [MainThread] [root/bar_manager.py:119]: Stopping SystemEventListener...
2026-08-30 10:08:22,888 [INFO] [MainThread] [root/log.py:104]: YASB v2.0.6
2026-08-30 10:08:22,889 [INFO] [CLIPipeServer] [cli_server/cli_server.py:216]: CLI server started v1.1.7
2026-08-30 10:08:22,889 [INFO] [MainThread] [cli_server/cli_server.py:106]: Log pipe server started
2026-08-30 10:08:23,361 [INFO] [MainThread] [root/service.py:52]: AudioOutputService starting...
2026-08-30 10:08:23,654 [INFO] [MainThread] [root/bar_manager.py:103]: Starting SystemEventListener...
2026-08-30 10:08:23,656 [INFO] [MainThread] [root/watcher.py:65]: Watching directory: c:\users\erick\.config\yasb
2026-08-30 10:08:23,656 [INFO] [MainThread] [root/watcher.py:104]: Created file watcher
2026-08-30 10:08:23,759 [INFO] [MainThread] [root/update_service.py:434]: Background update checker started
2026-08-30 10:08:24,305 [INFO] [MainThread] [root/api.py:69]: Fetching new weather data at 2026-08-30 10:08:24.305196
Windows fatal exception: code 0x8001010d

Thread 0x0000528c [Thread-5] (most recent call first):
  File "C:\hostedtoolcache\windows\Python\3.14.6\x64\Lib\threading.py", line 369 in wait
  File "C:\hostedtoolcache\windows\Python\3.14.6\x64\Lib\queue.py", line 199 in get
  File "D:\a\yasb\yasb\venv\Lib\site-packages\watchdog\observers\api.py", line 379 in dispatch_events
  File "D:\a\yasb\yasb\venv\Lib\site-packages\watchdog\observers\api.py", line 213 in run
  File "C:\hostedtoolcache\windows\Python\3.14.6\x64\Lib\threading.py", line 1082 in _bootstrap_inner
  File "C:\hostedtoolcache\windows\Python\3.14.6\x64\Lib\threading.py", line 1044 in _bootstrap

Thread 0x00005340 [Thread-6] (most recent call first):
  File "D:\a\yasb\yasb\venv\Lib\site-packages\watchdog\observers\winapi.py", line 326 in read_directory_changes
  File "D:\a\yasb\yasb\venv\Lib\site-packages\watchdog\observers\winapi.py", line 380 in read_events
  File "D:\a\yasb\yasb\venv\Lib\site-packages\watchdog\observers\read_directory_changes.py", line 67 in _read_events
  File "D:\a\yasb\yasb\venv\Lib\site-packages\watchdog\observers\read_directory_changes.py", line 70 in queue_events
  File "D:\a\yasb\yasb\venv\Lib\site-packages\watchdog\observers\api.py", line 158 in run
  File "C:\hostedtoolcache\windows\Python\3.14.6\x64\Lib\threading.py", line 1082 in _bootstrap_inner
  File "C:\hostedtoolcache\windows\Python\3.14.6\x64\Lib\threading.py", line 1044 in _bootstrap

Thread 0x000053a0 [SystemEventListener] (most recent call first):
  File "D:\a\yasb\yasb\src\core\utils\win32\event_listener.py", line 69 in run

Thread 0x00002c54 [WiFiWorker] (most recent call first):
  File "C:\hostedtoolcache\windows\Python\3.14.6\x64\Lib\threading.py", line 373 in wait
  File "C:\hostedtoolcache\windows\Python\3.14.6\x64\Lib\threading.py", line 670 in wait
  File "D:\a\yasb\yasb\src\core\widgets\services\wifi\wifi_managers.py", line 160 in run

Thread 0x00003450 [MemoryWorker] (most recent call first):
  File "C:\hostedtoolcache\windows\Python\3.14.6\x64\Lib\threading.py", line 373 in wait
  File "C:\hostedtoolcache\windows\Python\3.14.6\x64\Lib\threading.py", line 670 in wait
  File "D:\a\yasb\yasb\src\core\widgets\services\memory\memory_api.py", line 247 in run

Thread 0x000048bc [_EventWorker] (most recent call first):
  File "D:\a\yasb\yasb\venv\Lib\site-packages\qasync\_windows.py", line 147 in _poll
  File "D:\a\yasb\yasb\venv\Lib\site-packages\qasync\_windows.py", line 72 in select
  File "D:\a\yasb\yasb\venv\Lib\site-packages\qasync\_windows.py", line 199 in run

Thread 0x00004994 [LogPipeServer] (most recent call first):
  File "D:\a\yasb\yasb\src\core\utils\win32\bindings\kernel32.py", line 291 in ConnectNamedPipe
  File "D:\a\yasb\yasb\src\core\utils\cli_server.py", line 138 in _run_server
  File "C:\hostedtoolcache\windows\Python\3.14.6\x64\Lib\threading.py", line 1024 in run
  File "C:\hostedtoolcache\windows\Python\3.14.6\x64\Lib\threading.py", line 1082 in _bootstrap_inner
  File "C:\hostedtoolcache\windows\Python\3.14.6\x64\Lib\threading.py", line 1044 in _bootstrap

Thread 0x00004908 [CLIPipeServer] (most recent call first):
  File "D:\a\yasb\yasb\src\core\utils\win32\bindings\kernel32.py", line 291 in ConnectNamedPipe
  File "D:\a\yasb\yasb\src\core\utils\cli_server.py", line 235 in _run_server
  File "C:\hostedtoolcache\windows\Python\3.14.6\x64\Lib\threading.py", line 1024 in run
  File "C:\hostedtoolcache\windows\Python\3.14.6\x64\Lib\threading.py", line 1082 in _bootstrap_inner
  File "C:\hostedtoolcache\windows\Python\3.14.6\x64\Lib\threading.py", line 1044 in _bootstrap

Current thread 0x00004950 (most recent call first):
  File "D:\a\yasb\yasb\venv\Lib\site-packages\qasync\__init__.py", line 404 in run_forever
  File "D:\a\yasb\yasb\venv\Lib\site-packages\qasync\__init__.py", line 428 in run_until_complete
  File "main.py", line 100 in main
  File "main.py", line 203 in <module>
  File "D:\a\yasb\yasb\venv\Lib\site-packages\freeze_core\initscripts\console.py", line 43 in run
  File "src/freeze_core/initscripts/__startup__.py", line 147 in run
2026-08-30 10:18:23,500 [INFO] [MainThread] [root/api.py:69]: Fetching new weather data at 2026-08-30 10:18:23.500549
2026-08-30 10:28:23,496 [INFO] [MainThread] [root/api.py:69]: Fetching new weather data at 2026-08-30 10:28:23.496222
2026-08-30 10:38:23,496 [INFO] [MainThread] [root/api.py:69]: Fetching new weather data at 2026-08-30 10:38:23.496024
2026-08-30 10:48:23,505 [INFO] [MainThread] [root/api.py:69]: Fetching new weather data at 2026-08-30 10:48:23.505091
2026-08-30 10:58:23,499 [INFO] [MainThread] [root/api.py:69]: Fetching new weather data at 2026-08-30 10:58:23.498955
2026-08-30 11:08:23,497 [INFO] [MainThread] [root/api.py:69]: Fetching new weather data at 2026-08-30 11:08:23.497070
2026-08-30 11:18:23,485 [INFO] [MainThread] [root/api.py:69]: Fetching new weather data at 2026-08-30 11:18:23.485799
2026-08-30 11:28:23,495 [INFO] [MainThread] [root/api.py:69]: Fetching new weather data at 2026-08-30 11:28:23.495832
2026-08-30 11:38:23,495 [INFO] [MainThread] [root/api.py:69]: Fetching new weather data at 2026-08-30 11:38:23.495767
2026-08-30 11:48:23,501 [INFO] [MainThread] [root/api.py:69]: Fetching new weather data at 2026-08-30 11:48:23.501755
2026-08-30 11:58:23,496 [INFO] [MainThread] [root/api.py:69]: Fetching new weather data at 2026-08-30 11:58:23.496496
2026-08-30 12:08:23,520 [INFO] [MainThread] [root/api.py:69]: Fetching new weather data at 2026-08-30 12:08:23.520001
2026-08-30 12:18:23,489 [INFO] [MainThread] [root/api.py:69]: Fetching new weather data at 2026-08-30 12:18:23.489594
2026-08-30 12:28:23,680 [INFO] [MainThread] [root/api.py:69]: Fetching new weather data at 2026-08-30 12:28:23.680281
2026-08-30 12:38:23,498 [INFO] [MainThread] [root/api.py:69]: Fetching new weather data at 2026-08-30 12:38:23.498433
2026-08-30 12:48:23,484 [INFO] [MainThread] [root/api.py:69]: Fetching new weather data at 2026-08-30 12:48:23.484748
2026-08-30 12:58:23,484 [INFO] [MainThread] [root/api.py:69]: Fetching new weather data at 2026-08-30 12:58:23.484857
2026-08-30 13:08:23,490 [INFO] [MainThread] [root/api.py:69]: Fetching new weather data at 2026-08-30 13:08:23.490362
2026-08-30 13:18:23,486 [INFO] [MainThread] [root/api.py:69]: Fetching new weather data at 2026-08-30 13:18:23.486049
2026-08-30 13:28:23,510 [INFO] [MainThread] [root/api.py:69]: Fetching new weather data at 2026-08-30 13:28:23.509999
2026-08-30 13:38:23,484 [INFO] [MainThread] [root/api.py:69]: Fetching new weather data at 2026-08-30 13:38:23.484438
2026-08-30 13:48:23,514 [INFO] [MainThread] [root/api.py:69]: Fetching new weather data at 2026-08-30 13:48:23.514705
2026-08-30 13:58:23,500 [INFO] [MainThread] [root/api.py:69]: Fetching new weather data at 2026-08-30 13:58:23.500621
2026-08-30 14:08:23,496 [INFO] [MainThread] [root/api.py:69]: Fetching new weather data at 2026-08-30 14:08:23.496472
2026-08-30 14:18:23,505 [INFO] [MainThread] [root/api.py:69]: Fetching new weather data at 2026-08-30 14:18:23.504982
2026-08-30 14:28:23,501 [INFO] [MainThread] [root/api.py:69]: Fetching new weather data at 2026-08-30 14:28:23.501800
2026-08-30 14:38:23,617 [INFO] [MainThread] [root/api.py:69]: Fetching new weather data at 2026-08-30 14:38:23.617428
2026-08-30 14:48:23,512 [INFO] [MainThread] [root/api.py:69]: Fetching new weather data at 2026-08-30 14:48:23.511957
2026-08-30 14:58:23,500 [INFO] [MainThread] [root/api.py:69]: Fetching new weather data at 2026-08-30 14:58:23.500483
2026-08-30 15:08:23,521 [INFO] [MainThread] [root/api.py:69]: Fetching new weather data at 2026-08-30 15:08:23.521007
2026-08-30 15:18:23,700 [INFO] [MainThread] [root/api.py:69]: Fetching new weather data at 2026-08-30 15:18:23.700065
2026-08-30 15:28:23,518 [INFO] [MainThread] [root/api.py:69]: Fetching new weather data at 2026-08-30 15:28:23.518498
2026-08-30 15:38:23,528 [INFO] [MainThread] [root/api.py:69]: Fetching new weather data at 2026-08-30 15:38:23.528645
2026-08-30 15:48:23,553 [INFO] [MainThread] [root/api.py:69]: Fetching new weather data at 2026-08-30 15:48:23.553397
2026-08-30 15:58:23,490 [INFO] [MainThread] [root/api.py:69]: Fetching new weather data at 2026-08-30 15:58:23.490583
2026-08-30 16:08:23,495 [INFO] [MainThread] [root/api.py:69]: Fetching new weather data at 2026-08-30 16:08:23.495706
2026-08-30 16:18:23,543 [INFO] [MainThread] [root/api.py:69]: Fetching new weather data at 2026-08-30 16:18:23.543232
2026-08-30 16:28:23,526 [INFO] [MainThread] [root/api.py:69]: Fetching new weather data at 2026-08-30 16:28:23.526342
2026-08-30 16:38:28,717 [INFO] [MainThread] [root/api.py:69]: Fetching new weather data at 2026-08-30 16:38:28.717082
2026-08-30 16:48:23,521 [INFO] [MainThread] [root/api.py:69]: Fetching new weather data at 2026-08-30 16:48:23.521738
2026-08-30 16:58:23,527 [INFO] [MainThread] [root/api.py:69]: Fetching new weather data at 2026-08-30 16:58:23.527335
2026-08-30 17:08:23,545 [INFO] [MainThread] [root/api.py:69]: Fetching new weather data at 2026-08-30 17:08:23.545711
2026-08-30 17:18:23,506 [INFO] [MainThread] [root/api.py:69]: Fetching new weather data at 2026-08-30 17:18:23.506619
2026-08-30 17:28:23,496 [INFO] [MainThread] [root/api.py:69]: Fetching new weather data at 2026-08-30 17:28:23.496089
2026-08-30 17:38:23,506 [INFO] [MainThread] [root/api.py:69]: Fetching new weather data at 2026-08-30 17:38:23.506140
2026-08-30 17:48:23,485 [INFO] [MainThread] [root/api.py:69]: Fetching new weather data at 2026-08-30 17:48:23.485444
2026-08-30 17:58:23,511 [INFO] [MainThread] [root/api.py:69]: Fetching new weather data at 2026-08-30 17:58:23.511677
2026-08-30 18:08:23,494 [INFO] [MainThread] [root/api.py:69]: Fetching new weather data at 2026-08-30 18:08:23.494428
2026-08-30 18:18:23,504 [INFO] [MainThread] [root/api.py:69]: Fetching new weather data at 2026-08-30 18:18:23.503954
2026-08-30 18:28:23,525 [INFO] [MainThread] [root/api.py:69]: Fetching new weather data at 2026-08-30 18:28:23.525729
2026-08-30 18:38:23,499 [INFO] [MainThread] [root/api.py:69]: Fetching new weather data at 2026-08-30 18:38:23.499613
2026-08-30 18:48:23,620 [INFO] [MainThread] [root/api.py:69]: Fetching new weather data at 2026-08-30 18:48:23.620604
2026-08-30 18:58:23,489 [INFO] [MainThread] [root/api.py:69]: Fetching new weather data at 2026-08-30 18:58:23.489018
2026-08-30 19:08:23,498 [INFO] [MainThread] [root/api.py:69]: Fetching new weather data at 2026-08-30 19:08:23.498019
2026-08-30 19:18:23,488 [INFO] [MainThread] [root/api.py:69]: Fetching new weather data at 2026-08-30 19:18:23.488951
2026-08-30 19:28:23,496 [INFO] [MainThread] [root/api.py:69]: Fetching new weather data at 2026-08-30 19:28:23.496174
2026-08-30 19:38:23,493 [INFO] [MainThread] [root/api.py:69]: Fetching new weather data at 2026-08-30 19:38:23.493666
2026-08-30 19:48:23,541 [INFO] [MainThread] [root/api.py:69]: Fetching new weather data at 2026-08-30 19:48:23.541739
2026-08-30 19:58:23,535 [INFO] [MainThread] [root/api.py:69]: Fetching new weather data at 2026-08-30 19:58:23.535734
2026-08-30 20:08:23,906 [INFO] [MainThread] [root/api.py:69]: Fetching new weather data at 2026-08-30 20:08:23.906472
2026-08-30 20:18:23,525 [INFO] [MainThread] [root/api.py:69]: Fetching new weather data at 2026-08-30 20:18:23.525174
2026-08-30 20:28:23,528 [INFO] [MainThread] [root/api.py:69]: Fetching new weather data at 2026-08-30 20:28:23.528435
2026-08-30 20:38:23,534 [INFO] [MainThread] [root/api.py:69]: Fetching new weather data at 2026-08-30 20:38:23.534739
2026-08-30 20:48:23,482 [INFO] [MainThread] [root/api.py:69]: Fetching new weather data at 2026-08-30 20:48:23.482491
2026-08-30 20:58:23,489 [INFO] [MainThread] [root/api.py:69]: Fetching new weather data at 2026-08-30 20:58:23.489458
2026-08-30 21:08:23,517 [INFO] [MainThread] [root/api.py:69]: Fetching new weather data at 2026-08-30 21:08:23.517397
2026-08-30 21:18:23,636 [INFO] [MainThread] [root/api.py:69]: Fetching new weather data at 2026-08-30 21:18:23.636213
2026-08-30 21:28:23,492 [INFO] [MainThread] [root/api.py:69]: Fetching new weather data at 2026-08-30 21:28:23.492434
2026-08-30 21:38:23,608 [INFO] [MainThread] [root/api.py:69]: Fetching new weather data at 2026-08-30 21:38:23.608004
2026-08-30 21:48:23,505 [INFO] [MainThread] [root/api.py:69]: Fetching new weather data at 2026-08-30 21:48:23.505905
2026-08-30 21:58:23,511 [INFO] [MainThread] [root/api.py:69]: Fetching new weather data at 2026-08-30 21:58:23.511179
2026-08-30 22:08:23,492 [INFO] [MainThread] [root/api.py:69]: Fetching new weather data at 2026-08-30 22:08:23.492532
2026-08-30 22:18:23,497 [INFO] [MainThread] [root/api.py:69]: Fetching new weather data at 2026-08-30 22:18:23.496968
2026-08-30 22:28:23,733 [INFO] [MainThread] [root/api.py:69]: Fetching new weather data at 2026-08-30 22:28:23.733597
2026-08-30 22:38:23,526 [INFO] [MainThread] [root/api.py:69]: Fetching new weather data at 2026-08-30 22:38:23.526751
2026-08-30 22:48:23,513 [INFO] [MainThread] [root/api.py:69]: Fetching new weather data at 2026-08-30 22:48:23.513552
Windows fatal exception: code 0x800706f7

Thread 0x0000528c [Thread-5] (most recent call first):
  File "C:\hostedtoolcache\windows\Python\3.14.6\x64\Lib\threading.py", line 369 in wait
  File "C:\hostedtoolcache\windows\Python\3.14.6\x64\Lib\queue.py", line 199 in get
  File "D:\a\yasb\yasb\venv\Lib\site-packages\watchdog\observers\api.py", line 379 in dispatch_events
  File "D:\a\yasb\yasb\venv\Lib\site-packages\watchdog\observers\api.py", line 213 in run
  File "C:\hostedtoolcache\windows\Python\3.14.6\x64\Lib\threading.py", line 1082 in _bootstrap_inner
  File "C:\hostedtoolcache\windows\Python\3.14.6\x64\Lib\threading.py", line 1044 in _bootstrap

Thread 0x00005340 [Thread-6] (most recent call first):
  File "D:\a\yasb\yasb\venv\Lib\site-packages\watchdog\observers\winapi.py", line 326 in read_directory_changes
  File "D:\a\yasb\yasb\venv\Lib\site-packages\watchdog\observers\winapi.py", line 380 in read_events
  File "D:\a\yasb\yasb\venv\Lib\site-packages\watchdog\observers\read_directory_changes.py", line 67 in _read_events
  File "D:\a\yasb\yasb\venv\Lib\site-packages\watchdog\observers\read_directory_changes.py", line 70 in queue_events
  File "D:\a\yasb\yasb\venv\Lib\site-packages\watchdog\observers\api.py", line 158 in run
  File "C:\hostedtoolcache\windows\Python\3.14.6\x64\Lib\threading.py", line 1082 in _bootstrap_inner
  File "C:\hostedtoolcache\windows\Python\3.14.6\x64\Lib\threading.py", line 1044 in _bootstrap

Thread 0x000053a0 [SystemEventListener] (most recent call first):
  File "D:\a\yasb\yasb\src\core\utils\win32\event_listener.py", line 69 in run

Thread 0x00002c54 [WiFiWorker] (most recent call first):
  File "C:\hostedtoolcache\windows\Python\3.14.6\x64\Lib\threading.py", line 373 in wait
  File "C:\hostedtoolcache\windows\Python\3.14.6\x64\Lib\threading.py", line 670 in wait
  File "D:\a\yasb\yasb\src\core\widgets\services\wifi\wifi_managers.py", line 160 in run

Thread 0x00003450 [MemoryWorker] (most recent call first):
  File "C:\hostedtoolcache\windows\Python\3.14.6\x64\Lib\threading.py", line 373 in wait
  File "C:\hostedtoolcache\windows\Python\3.14.6\x64\Lib\threading.py", line 670 in wait
  File "D:\a\yasb\yasb\src\core\widgets\services\memory\memory_api.py", line 247 in run

Thread 0x000048bc [_EventWorker] (most recent call first):
  File "D:\a\yasb\yasb\venv\Lib\site-packages\qasync\_windows.py", line 147 in _poll
  File "D:\a\yasb\yasb\venv\Lib\site-packages\qasync\_windows.py", line 72 in select
  File "D:\a\yasb\yasb\venv\Lib\site-packages\qasync\_windows.py", line 199 in run

Thread 0x00004994 [LogPipeServer] (most recent call first):
  File "D:\a\yasb\yasb\src\core\utils\win32\bindings\kernel32.py", line 291 in ConnectNamedPipe
  File "D:\a\yasb\yasb\src\core\utils\cli_server.py", line 138 in _run_server
  File "C:\hostedtoolcache\windows\Python\3.14.6\x64\Lib\threading.py", line 1024 in run
  File "C:\hostedtoolcache\windows\Python\3.14.6\x64\Lib\threading.py", line 1082 in _bootstrap_inner
  File "C:\hostedtoolcache\windows\Python\3.14.6\x64\Lib\threading.py", line 1044 in _bootstrap

Thread 0x00004908 [CLIPipeServer] (most recent call first):
  File "D:\a\yasb\yasb\src\core\utils\win32\bindings\kernel32.py", line 291 in ConnectNamedPipe
  File "D:\a\yasb\yasb\src\core\utils\cli_server.py", line 235 in _run_server
  File "C:\hostedtoolcache\windows\Python\3.14.6\x64\Lib\threading.py", line 1024 in run
  File "C:\hostedtoolcache\windows\Python\3.14.6\x64\Lib\threading.py", line 1082 in _bootstrap_inner
  File "C:\hostedtoolcache\windows\Python\3.14.6\x64\Lib\threading.py", line 1044 in _bootstrap

Current thread 0x00004950 (most recent call first):
  File "D:\a\yasb\yasb\src\core\widgets\yasb\active_window.py", line 337 in _update_window_title
  File "D:\a\yasb\yasb\src\core\widgets\yasb\active_window.py", line 237 in _on_focus_change_event
  File "D:\a\yasb\yasb\venv\Lib\site-packages\qasync\__init__.py", line 404 in run_forever
  File "D:\a\yasb\yasb\venv\Lib\site-packages\qasync\__init__.py", line 428 in run_until_complete
  File "main.py", line 100 in main
  File "main.py", line 203 in <module>
  File "D:\a\yasb\yasb\venv\Lib\site-packages\freeze_core\initscripts\console.py", line 43 in run
  File "src/freeze_core/initscripts/__startup__.py", line 147 in run
2026-08-30 22:58:24,083 [INFO] [MainThread] [root/api.py:69]: Fetching new weather data at 2026-08-30 22:58:24.083561
2026-08-30 23:08:23,503 [INFO] [MainThread] [root/api.py:69]: Fetching new weather data at 2026-08-30 23:08:23.503323
2026-08-30 23:18:23,520 [INFO] [MainThread] [root/api.py:69]: Fetching new weather data at 2026-08-30 23:18:23.520753
2026-08-30 23:28:23,724 [INFO] [MainThread] [root/api.py:69]: Fetching new weather data at 2026-08-30 23:28:23.724858
2026-08-30 23:38:23,509 [INFO] [MainThread] [root/api.py:69]: Fetching new weather data at 2026-08-30 23:38:23.509460
2026-08-30 23:48:23,645 [INFO] [MainThread] [root/api.py:69]: Fetching new weather data at 2026-08-30 23:48:23.645029
2026-08-30 23:58:23,514 [INFO] [MainThread] [root/api.py:69]: Fetching new weather data at 2026-08-30 23:58:23.514526
2026-08-31 00:08:23,524 [INFO] [MainThread] [root/api.py:69]: Fetching new weather data at 2026-08-31 00:08:23.524386
2026-08-31 00:18:23,512 [INFO] [MainThread] [root/api.py:69]: Fetching new weather data at 2026-08-31 00:18:23.512310
2026-08-31 00:28:23,497 [INFO] [MainThread] [root/api.py:69]: Fetching new weather data at 2026-08-31 00:28:23.497306
2026-08-31 00:38:23,489 [INFO] [MainThread] [root/api.py:69]: Fetching new weather data at 2026-08-31 00:38:23.489268
2026-08-31 00:48:23,640 [INFO] [MainThread] [root/api.py:69]: Fetching new weather data at 2026-08-31 00:48:23.640824
2026-08-31 00:50:49,784 [INFO] [MainThread] [root/bar_manager.py:119]: Stopping SystemEventListener...
2026-08-31 09:39:26,434 [INFO] [MainThread] [root/log.py:104]: YASB v2.0.6
2026-08-31 09:39:26,435 [INFO] [CLIPipeServer] [cli_server/cli_server.py:216]: CLI server started v1.1.7
2026-08-31 09:39:26,435 [INFO] [MainThread] [cli_server/cli_server.py:106]: Log pipe server started
2026-08-31 09:39:26,861 [INFO] [MainThread] [root/service.py:52]: AudioOutputService starting...
2026-08-31 09:39:27,089 [INFO] [MainThread] [root/bar_manager.py:103]: Starting SystemEventListener...
2026-08-31 09:39:27,091 [INFO] [MainThread] [root/watcher.py:65]: Watching directory: c:\users\erick\.config\yasb
2026-08-31 09:39:27,091 [INFO] [MainThread] [root/watcher.py:104]: Created file watcher
2026-08-31 09:39:27,122 [INFO] [MainThread] [root/update_service.py:434]: Background update checker started
2026-08-31 09:39:27,612 [INFO] [MainThread] [root/api.py:69]: Fetching new weather data at 2026-08-31 09:39:27.612118
Windows fatal exception: code 0x8001010d

Thread 0x000021e0 [Thread-5] (most recent call first):
  File "C:\hostedtoolcache\windows\Python\3.14.6\x64\Lib\threading.py", line 369 in wait
  File "C:\hostedtoolcache\windows\Python\3.14.6\x64\Lib\queue.py", line 199 in get
  File "D:\a\yasb\yasb\venv\Lib\site-packages\watchdog\observers\api.py", line 379 in dispatch_events
  File "D:\a\yasb\yasb\venv\Lib\site-packages\watchdog\observers\api.py", line 213 in run
  File "C:\hostedtoolcache\windows\Python\3.14.6\x64\Lib\threading.py", line 1082 in _bootstrap_inner
  File "C:\hostedtoolcache\windows\Python\3.14.6\x64\Lib\threading.py", line 1044 in _bootstrap

Thread 0x00001b40 [Thread-6] (most recent call first):
  File "D:\a\yasb\yasb\venv\Lib\site-packages\watchdog\observers\winapi.py", line 326 in read_directory_changes
  File "D:\a\yasb\yasb\venv\Lib\site-packages\watchdog\observers\winapi.py", line 380 in read_events
  File "D:\a\yasb\yasb\venv\Lib\site-packages\watchdog\observers\read_directory_changes.py", line 67 in _read_events
  File "D:\a\yasb\yasb\venv\Lib\site-packages\watchdog\observers\read_directory_changes.py", line 70 in queue_events
  File "D:\a\yasb\yasb\venv\Lib\site-packages\watchdog\observers\api.py", line 158 in run
  File "C:\hostedtoolcache\windows\Python\3.14.6\x64\Lib\threading.py", line 1082 in _bootstrap_inner
  File "C:\hostedtoolcache\windows\Python\3.14.6\x64\Lib\threading.py", line 1044 in _bootstrap

Thread 0x000015f0 [SystemEventListener] (most recent call first):
  File "D:\a\yasb\yasb\src\core\utils\win32\event_listener.py", line 69 in run

Thread 0x0000289c [WiFiWorker] (most recent call first):
  File "C:\hostedtoolcache\windows\Python\3.14.6\x64\Lib\threading.py", line 373 in wait
  File "C:\hostedtoolcache\windows\Python\3.14.6\x64\Lib\threading.py", line 670 in wait
  File "D:\a\yasb\yasb\src\core\widgets\services\wifi\wifi_managers.py", line 160 in run

Thread 0x00000f68 [MemoryWorker] (most recent call first):
  File "C:\hostedtoolcache\windows\Python\3.14.6\x64\Lib\threading.py", line 373 in wait
  File "C:\hostedtoolcache\windows\Python\3.14.6\x64\Lib\threading.py", line 670 in wait
  File "D:\a\yasb\yasb\src\core\widgets\services\memory\memory_api.py", line 247 in run

Thread 0x00000dbc [_EventWorker] (most recent call first):
  File "D:\a\yasb\yasb\venv\Lib\site-packages\qasync\_windows.py", line 147 in _poll
  File "D:\a\yasb\yasb\venv\Lib\site-packages\qasync\_windows.py", line 72 in select
  File "D:\a\yasb\yasb\venv\Lib\site-packages\qasync\_windows.py", line 199 in run

Thread 0x00000d14 [LogPipeServer] (most recent call first):
  File "D:\a\yasb\yasb\src\core\utils\win32\bindings\kernel32.py", line 291 in ConnectNamedPipe
  File "D:\a\yasb\yasb\src\core\utils\cli_server.py", line 138 in _run_server
  File "C:\hostedtoolcache\windows\Python\3.14.6\x64\Lib\threading.py", line 1024 in run
  File "C:\hostedtoolcache\windows\Python\3.14.6\x64\Lib\threading.py", line 1082 in _bootstrap_inner
  File "C:\hostedtoolcache\windows\Python\3.14.6\x64\Lib\threading.py", line 1044 in _bootstrap

Thread 0x00004dd8 [CLIPipeServer] (most recent call first):
  File "D:\a\yasb\yasb\src\core\utils\win32\bindings\kernel32.py", line 291 in ConnectNamedPipe
  File "D:\a\yasb\yasb\src\core\utils\cli_server.py", line 235 in _run_server
  File "C:\hostedtoolcache\windows\Python\3.14.6\x64\Lib\threading.py", line 1024 in run
  File "C:\hostedtoolcache\windows\Python\3.14.6\x64\Lib\threading.py", line 1082 in _bootstrap_inner
  File "C:\hostedtoolcache\windows\Python\3.14.6\x64\Lib\threading.py", line 1044 in _bootstrap

Current thread 0x00004b78 (most recent call first):
  File "D:\a\yasb\yasb\venv\Lib\site-packages\qasync\__init__.py", line 404 in run_forever
  File "D:\a\yasb\yasb\venv\Lib\site-packages\qasync\__init__.py", line 428 in run_until_complete
  File "main.py", line 100 in main
  File "main.py", line 203 in <module>
  File "D:\a\yasb\yasb\venv\Lib\site-packages\freeze_core\initscripts\console.py", line 43 in run
  File "src/freeze_core/initscripts/__startup__.py", line 147 in run
2026-08-31 09:49:27,013 [INFO] [MainThread] [root/api.py:69]: Fetching new weather data at 2026-08-31 09:49:27.013393
2026-08-31 09:55:14,064 [INFO] [MainThread] [root/bar_helper.py:594]: AppBarManager need to re-register 2 bars
2026-08-31 09:55:14,151 [INFO] [MainThread] [root/bar_helper.py:603]: Re-registered AppBar for primary-bar_24G50F_72a5cf90 (space reservation + fullscreen)
2026-08-31 09:55:14,275 [INFO] [MainThread] [root/bar_helper.py:603]: Re-registered AppBar for primary-bar_BenQ RL2755_7544277d (space reservation + fullscreen)
2026-08-31 09:59:27,007 [INFO] [MainThread] [root/api.py:69]: Fetching new weather data at 2026-08-31 09:59:27.007903
2026-08-31 10:09:27,021 [INFO] [MainThread] [root/api.py:69]: Fetching new weather data at 2026-08-31 10:09:27.021841
2026-08-31 10:19:27,025 [INFO] [MainThread] [root/api.py:69]: Fetching new weather data at 2026-08-31 10:19:27.025203
2026-08-31 10:29:27,011 [INFO] [MainThread] [root/api.py:69]: Fetching new weather data at 2026-08-31 10:29:27.011009
2026-08-31 10:39:27,111 [INFO] [MainThread] [root/api.py:69]: Fetching new weather data at 2026-08-31 10:39:27.111727
2026-08-31 10:49:27,012 [INFO] [MainThread] [root/api.py:69]: Fetching new weather data at 2026-08-31 10:49:27.012486
2026-08-31 10:50:47,846 [INFO] [MainThread] [root/controller.py:21]: Reloading Application because of config change.
2026-08-31 10:50:47,954 [INFO] [MainThread] [cli_server/cli_server.py:114]: Log pipe server stopped
2026-08-31 10:50:47,983 [INFO] [MainThread] [root/bar_manager.py:93]: Successfully loaded updated config and re-initialised all bars.
2026-08-31 10:50:48,341 [INFO] [MainThread] [root/bar_manager.py:119]: Stopping SystemEventListener...
2026-08-31 10:50:49,080 [INFO] [MainThread] [root/log.py:104]: YASB v2.0.6
2026-08-31 10:50:49,081 [INFO] [CLIPipeServer] [cli_server/cli_server.py:216]: CLI server started v1.1.7
2026-08-31 10:50:49,082 [INFO] [MainThread] [cli_server/cli_server.py:106]: Log pipe server started
2026-08-31 10:50:49,551 [INFO] [MainThread] [root/service.py:52]: AudioOutputService starting...
2026-08-31 10:50:49,924 [INFO] [MainThread] [root/bar_manager.py:103]: Starting SystemEventListener...
2026-08-31 10:50:49,926 [INFO] [MainThread] [root/watcher.py:65]: Watching directory: c:\users\erick\.config\yasb
2026-08-31 10:50:49,926 [INFO] [MainThread] [root/watcher.py:104]: Created file watcher
2026-08-31 10:50:50,162 [INFO] [MainThread] [root/update_service.py:434]: Background update checker started
2026-08-31 10:50:50,383 [INFO] [MainThread] [root/api.py:69]: Fetching new weather data at 2026-08-31 10:50:50.383012
2026-08-31 10:51:05,571 [INFO] [MainThread] [root/controller.py:21]: Reloading Application because of config change.
2026-08-31 10:51:05,684 [INFO] [MainThread] [cli_server/cli_server.py:114]: Log pipe server stopped
2026-08-31 10:51:05,690 [INFO] [MainThread] [root/bar_manager.py:93]: Successfully loaded updated config and re-initialised all bars.
2026-08-31 10:51:06,038 [INFO] [MainThread] [root/bar_manager.py:119]: Stopping SystemEventListener...
2026-08-31 10:51:06,513 [INFO] [MainThread] [root/log.py:104]: YASB v2.0.6
2026-08-31 10:51:06,513 [INFO] [CLIPipeServer] [cli_server/cli_server.py:216]: CLI server started v1.1.7
2026-08-31 10:51:06,514 [INFO] [MainThread] [cli_server/cli_server.py:106]: Log pipe server started
2026-08-31 10:51:06,919 [INFO] [MainThread] [root/service.py:52]: AudioOutputService starting...
2026-08-31 10:51:07,272 [INFO] [MainThread] [root/bar_manager.py:103]: Starting SystemEventListener...
2026-08-31 10:51:07,274 [INFO] [MainThread] [root/watcher.py:65]: Watching directory: c:\users\erick\.config\yasb
2026-08-31 10:51:07,274 [INFO] [MainThread] [root/watcher.py:104]: Created file watcher
2026-08-31 10:51:07,420 [INFO] [MainThread] [root/update_service.py:434]: Background update checker started
2026-08-31 10:51:07,564 [INFO] [MainThread] [root/api.py:69]: Fetching new weather data at 2026-08-31 10:51:07.564388
2026-08-31 10:51:21,183 [INFO] [MainThread] [root/controller.py:21]: Reloading Application because of config change.
2026-08-31 10:51:21,285 [INFO] [MainThread] [cli_server/cli_server.py:114]: Log pipe server stopped
2026-08-31 10:51:21,289 [INFO] [MainThread] [root/bar_manager.py:93]: Successfully loaded updated config and re-initialised all bars.
2026-08-31 10:51:21,592 [INFO] [MainThread] [root/bar_manager.py:119]: Stopping SystemEventListener...
2026-08-31 10:51:22,055 [INFO] [MainThread] [root/log.py:104]: YASB v2.0.6
2026-08-31 10:51:22,056 [INFO] [CLIPipeServer] [cli_server/cli_server.py:216]: CLI server started v1.1.7
2026-08-31 10:51:22,056 [INFO] [MainThread] [cli_server/cli_server.py:106]: Log pipe server started
2026-08-31 10:51:22,541 [INFO] [MainThread] [root/service.py:52]: AudioOutputService starting...
2026-08-31 10:51:22,950 [INFO] [MainThread] [root/bar_manager.py:103]: Starting SystemEventListener...
2026-08-31 10:51:22,951 [INFO] [MainThread] [root/watcher.py:65]: Watching directory: c:\users\erick\.config\yasb
2026-08-31 10:51:22,952 [INFO] [MainThread] [root/watcher.py:104]: Created file watcher
2026-08-31 10:51:23,136 [INFO] [MainThread] [root/update_service.py:434]: Background update checker started
2026-08-31 10:51:23,269 [INFO] [MainThread] [root/api.py:69]: Fetching new weather data at 2026-08-31 10:51:23.269264
2026-08-31 10:51:57,794 [INFO] [MainThread] [root/controller.py:21]: Reloading Application because of config change.
2026-08-31 10:51:57,903 [INFO] [MainThread] [cli_server/cli_server.py:114]: Log pipe server stopped
2026-08-31 10:51:57,907 [INFO] [MainThread] [root/bar_manager.py:93]: Successfully loaded updated config and re-initialised all bars.
2026-08-31 10:51:58,220 [INFO] [MainThread] [root/bar_manager.py:119]: Stopping SystemEventListener...
2026-08-31 10:51:58,669 [INFO] [MainThread] [root/log.py:104]: YASB v2.0.6
2026-08-31 10:51:58,670 [INFO] [CLIPipeServer] [cli_server/cli_server.py:216]: CLI server started v1.1.7
2026-08-31 10:51:58,670 [INFO] [MainThread] [cli_server/cli_server.py:106]: Log pipe server started
2026-08-31 10:51:59,034 [INFO] [MainThread] [root/service.py:52]: AudioOutputService starting...
2026-08-31 10:51:59,385 [INFO] [MainThread] [root/bar_manager.py:103]: Starting SystemEventListener...
2026-08-31 10:51:59,387 [INFO] [MainThread] [root/watcher.py:65]: Watching directory: c:\users\erick\.config\yasb
2026-08-31 10:51:59,387 [INFO] [MainThread] [root/watcher.py:104]: Created file watcher
2026-08-31 10:51:59,527 [INFO] [MainThread] [root/update_service.py:434]: Background update checker started
2026-08-31 10:51:59,698 [INFO] [MainThread] [root/api.py:69]: Fetching new weather data at 2026-08-31 10:51:59.698341
2026-08-31 10:54:32,748 [INFO] [MainThread] [root/bar_manager.py:119]: Stopping SystemEventListener...
2026-08-31 10:59:21,885 [INFO] [MainThread] [root/log.py:104]: YASB v2.0.6
2026-08-31 10:59:21,886 [INFO] [CLIPipeServer] [cli_server/cli_server.py:216]: CLI server started v1.1.7
2026-08-31 10:59:21,886 [INFO] [MainThread] [cli_server/cli_server.py:106]: Log pipe server started
2026-08-31 10:59:22,299 [INFO] [MainThread] [root/service.py:52]: AudioOutputService starting...
2026-08-31 10:59:22,542 [INFO] [MainThread] [root/bar_manager.py:103]: Starting SystemEventListener...
2026-08-31 10:59:22,544 [INFO] [MainThread] [root/watcher.py:65]: Watching directory: c:\users\erick\.config\yasb
2026-08-31 10:59:22,544 [INFO] [MainThread] [root/watcher.py:104]: Created file watcher
2026-08-31 10:59:22,611 [INFO] [MainThread] [root/update_service.py:434]: Background update checker started
2026-08-31 10:59:22,930 [INFO] [MainThread] [root/api.py:69]: Fetching new weather data at 2026-08-31 10:59:22.929980
Windows fatal exception: code 0x8001010d

Thread 0x00003a9c [SystemEventListener] (most recent call first):
  File "D:\a\yasb\yasb\src\core\utils\win32\event_listener.py", line 69 in run

Thread 0x00002b14 [Thread-5] (most recent call first):
  File "C:\hostedtoolcache\windows\Python\3.14.6\x64\Lib\threading.py", line 369 in wait
  File "C:\hostedtoolcache\windows\Python\3.14.6\x64\Lib\queue.py", line 199 in get
  File "D:\a\yasb\yasb\venv\Lib\site-packages\watchdog\observers\api.py", line 379 in dispatch_events
  File "D:\a\yasb\yasb\venv\Lib\site-packages\watchdog\observers\api.py", line 213 in run
  File "C:\hostedtoolcache\windows\Python\3.14.6\x64\Lib\threading.py", line 1082 in _bootstrap_inner
  File "C:\hostedtoolcache\windows\Python\3.14.6\x64\Lib\threading.py", line 1044 in _bootstrap

Thread 0x00004e20 [Thread-6] (most recent call first):
  File "D:\a\yasb\yasb\venv\Lib\site-packages\watchdog\observers\winapi.py", line 326 in read_directory_changes
  File "D:\a\yasb\yasb\venv\Lib\site-packages\watchdog\observers\winapi.py", line 380 in read_events
  File "D:\a\yasb\yasb\venv\Lib\site-packages\watchdog\observers\read_directory_changes.py", line 67 in _read_events
  File "D:\a\yasb\yasb\venv\Lib\site-packages\watchdog\observers\read_directory_changes.py", line 70 in queue_events
  File "D:\a\yasb\yasb\venv\Lib\site-packages\watchdog\observers\api.py", line 158 in run
  File "C:\hostedtoolcache\windows\Python\3.14.6\x64\Lib\threading.py", line 1082 in _bootstrap_inner
  File "C:\hostedtoolcache\windows\Python\3.14.6\x64\Lib\threading.py", line 1044 in _bootstrap

Thread 0x00004c7c [WiFiWorker] (most recent call first):
  File "C:\hostedtoolcache\windows\Python\3.14.6\x64\Lib\threading.py", line 373 in wait
  File "C:\hostedtoolcache\windows\Python\3.14.6\x64\Lib\threading.py", line 670 in wait
  File "D:\a\yasb\yasb\src\core\widgets\services\wifi\wifi_managers.py", line 160 in run

Thread 0x00004c78 [MemoryWorker] (most recent call first):
  File "C:\hostedtoolcache\windows\Python\3.14.6\x64\Lib\threading.py", line 373 in wait
  File "C:\hostedtoolcache\windows\Python\3.14.6\x64\Lib\threading.py", line 670 in wait
  File "D:\a\yasb\yasb\src\core\widgets\services\memory\memory_api.py", line 247 in run

Thread 0x000031cc [_EventWorker] (most recent call first):
  File "D:\a\yasb\yasb\venv\Lib\site-packages\qasync\_windows.py", line 147 in _poll
  File "D:\a\yasb\yasb\venv\Lib\site-packages\qasync\_windows.py", line 72 in select
  File "D:\a\yasb\yasb\venv\Lib\site-packages\qasync\_windows.py", line 199 in run

Thread 0x00002cc0 [LogPipeServer] (most recent call first):
  File "D:\a\yasb\yasb\src\core\utils\win32\bindings\kernel32.py", line 291 in ConnectNamedPipe
  File "D:\a\yasb\yasb\src\core\utils\cli_server.py", line 138 in _run_server
  File "C:\hostedtoolcache\windows\Python\3.14.6\x64\Lib\threading.py", line 1024 in run
  File "C:\hostedtoolcache\windows\Python\3.14.6\x64\Lib\threading.py", line 1082 in _bootstrap_inner
  File "C:\hostedtoolcache\windows\Python\3.14.6\x64\Lib\threading.py", line 1044 in _bootstrap

Thread 0x00002788 [CLIPipeServer] (most recent call first):
  File "D:\a\yasb\yasb\src\core\utils\win32\bindings\kernel32.py", line 291 in ConnectNamedPipe
  File "D:\a\yasb\yasb\src\core\utils\cli_server.py", line 235 in _run_server
  File "C:\hostedtoolcache\windows\Python\3.14.6\x64\Lib\threading.py", line 1024 in run
  File "C:\hostedtoolcache\windows\Python\3.14.6\x64\Lib\threading.py", line 1082 in _bootstrap_inner
  File "C:\hostedtoolcache\windows\Python\3.14.6\x64\Lib\threading.py", line 1044 in _bootstrap

Current thread 0x00004fcc (most recent call first):
  File "D:\a\yasb\yasb\venv\Lib\site-packages\qasync\__init__.py", line 404 in run_forever
  File "D:\a\yasb\yasb\venv\Lib\site-packages\qasync\__init__.py", line 428 in run_until_complete
  File "main.py", line 100 in main
  File "main.py", line 203 in <module>
  File "D:\a\yasb\yasb\venv\Lib\site-packages\freeze_core\initscripts\console.py", line 43 in run
  File "src/freeze_core/initscripts/__startup__.py", line 147 in run
2026-08-31 11:09:22,456 [INFO] [MainThread] [root/api.py:69]: Fetching new weather data at 2026-08-31 11:09:22.456635
